Record_ID,Engine_Temperature_C,RPM,Oil_Pressure_psi,Vibration_mm_s,Battery_Voltage_V,Coolant_Temperature_C,Fuel_Consumption_L_100km,Vehicle_Speed_kmh,Operating_Hours,Failure
1,93.96,1420,63.15,2.45,12.66,91.9,9.62,41.07,2014.2,0
2,86.34,1758,44.2,1.72,12.63,81.51,8.99,69.71,7580.7,1
3,95.77,1541,53.89,2.8,14.34,89.53,9.67,46.11,2013.9,0
4,106.28,1816,54.99,1.9,14.69,97.83,10.39,53.18,1328.9,0
5,85.19,2050,54.99,3.07,12.46,74.12,8.97,52.53,9946.1,0
6,85.19,2786,54.51,2.58,12.66,75.11,10.26,40.67,4532.3,0
7,106.95,1975,58.58,1.06,14.11,102.49,10.95,50.23,1783.1,0
8,97.21,1090,56.53,1.25,13.63,90.32,10.74,39.18,8956.1,0
9,82.37,2998,50.81,2.55,13.74,74.14,12.35,45.95,2387.8,0
10,94.51,1614,53.27,3.37,13.92,87.3,7.9,30.32,9263.2,0
11,82.44,2159,51.03,3.24,13.01,75.25,8.3,52.74,1277.7,0
12,82.41,2513,58.72,3.98,13.46,79.58,9.54,69.24,8434.0,0
13,90.9,2340,50.41,3.93,13.4,86.36,10.33,78.25,1924.2,0
14,65.04,2966,58.27,2.46,12.51,58.25,10.31,31.71,9389.5,0
15,67.3,2535,54.15,2.54,13.45,68.58,11.17,89.14,5785.0,0
16,81.25,1597,52.7,1.94,14.19,71.33,10.32,57.24,1980.1,0
17,75.85,3725,55.32,2.69,12.93,71.96,11.77,41.61,8463.7,0
18,91.77,2336,49.92,1.13,13.32,81.71,9.97,47.74,3966.7,0
19,77.1,2097,58.68,2.48,13.37,67.31,9.99,16.83,7354.9,1
20,71.05,2875,54.61,1.82,12.97,64.68,11.6,26.61,6470.1,0
21,105.59,2375,50.55,2.59,13.74,94.59,11.45,90.48,7171.5,0
22,85.29,2479,57.21,4.36,12.66,75.06,9.71,42.69,3502.8,0
23,88.81,3945,54.37,2.92,14.27,81.74,11.82,76.21,9394.4,1
24,70.9,2007,62.01,2.61,13.7,64.17,7.69,51.62,5642.2,0
25,81.47,1978,60.86,3.17,12.45,70.18,9.57,54.02,867.9,0
26,89.33,2282,57.36,2.8,14.56,80.64,10.82,62.85,760.7,0
27,74.19,2950,46.4,3.11,13.33,63.05,11.43,17.82,7408.5,1
28,92.51,1145,71.36,1.78,12.62,91.68,9.86,75.04,8514.7,0
29,80.79,824,48.96,1.81,14.08,72.5,9.37,44.77,6983.3,0
30,84.5,1789,61.12,1.59,13.6,81.23,7.52,42.45,2847.2,0
31,80.78,1056,59.5,2.7,11.78,72.86,8.42,57.5,2336.4,0
32,110.23,1903,48.0,1.01,12.78,100.09,10.76,38.79,5697.8,1
33,87.84,2552,53.13,3.48,13.42,74.62,10.34,61.27,2048.1,0
34,75.31,1576,55.43,1.14,11.47,70.12,7.53,47.95,3853.1,0
35,97.87,1201,64.35,2.86,13.27,91.45,10.49,63.23,6324.0,0
36,73.35,2249,50.29,2.28,13.33,65.64,8.76,51.01,2920.6,0
37,90.51,2804,51.79,1.83,12.25,85.43,8.27,38.02,3816.8,0
38,64.48,1014,43.08,2.47,13.42,53.55,7.33,55.13,3669.1,0
39,72.06,2774,63.94,3.54,13.21,64.27,9.92,53.03,4659.2,0
40,90.36,2772,47.0,2.45,12.25,82.0,13.08,22.01,6776.2,1
41,96.86,2868,55.15,3.42,13.94,87.0,11.8,62.96,7845.3,0
42,90.06,3053,52.26,1.1,13.87,82.27,10.89,49.37,6684.3,0
43,86.61,3741,50.92,2.18,12.97,81.06,11.93,71.16,359.1,0
44,84.39,1951,59.96,3.46,13.04,76.58,9.15,36.4,8978.7,0
45,70.26,2277,64.56,2.4,13.78,64.83,12.06,31.33,5853.8,1
46,79.36,1908,56.73,0.92,13.04,71.04,9.98,76.85,9210.4,0
47,82.47,2201,58.54,1.98,11.66,71.48,8.03,71.87,9642.3,0
48,100.69,3273,54.33,2.28,13.59,96.21,11.67,61.31,4731.7,0
49,92.12,1258,62.55,1.98,12.55,88.72,8.61,58.11,9172.0,0
50,66.84,1597,53.14,1.97,12.89,58.7,6.93,67.59,3717.3,0
51,91.89,3164,59.08,3.12,14.37,86.19,9.35,60.58,2677.7,0
52,83.38,2914,59.84,2.81,13.09,75.28,11.53,35.11,828.9,0
53,79.88,1946,61.63,3.51,13.2,70.92,8.27,59.46,4573.1,1
54,95.34,2798,49.38,3.15,13.61,93.77,12.56,78.63,6918.0,1
55,100.37,2439,53.02,3.01,13.6,90.3,10.71,68.3,9770.7,0
56,99.18,3250,53.85,3.94,12.46,94.68,11.3,62.49,5261.0,0
57,77.93,2252,46.31,2.25,13.15,70.0,6.73,66.62,7371.3,1
58,84.29,2918,62.74,1.85,13.23,78.27,12.32,54.84,8971.9,1
59,91.98,4049,50.79,4.34,13.42,85.63,13.17,86.98,5477.5,0
60,99.71,2619,55.38,2.84,13.43,86.62,10.4,84.46,1751.0,0
61,82.25,2235,51.09,2.67,15.0,73.29,8.69,29.28,8497.3,1
62,85.77,2706,45.62,2.26,12.26,75.06,12.5,80.35,5784.3,0
63,74.72,1944,51.55,1.93,13.98,66.27,7.78,98.21,7609.3,0
64,73.65,3872,52.64,3.97,14.15,63.79,11.47,75.54,6618.9,1
65,97.75,2326,58.31,3.38,13.59,88.5,11.12,75.43,704.3,0
66,104.27,2009,55.84,3.08,12.68,95.51,11.93,40.91,1774.2,0
67,87.14,1615,57.84,2.91,14.53,75.81,8.74,41.42,2933.9,0
68,100.04,2968,50.95,3.34,11.45,91.57,10.6,55.42,2918.6,1
69,92.34,2807,56.32,2.92,12.65,77.48,10.84,50.59,8408.1,0
70,80.26,1852,64.22,2.24,14.14,69.38,10.2,26.67,6022.6,0
71,92.34,2604,57.98,3.69,12.9,87.76,12.02,53.97,925.4,0
72,106.46,1144,61.44,1.77,14.48,98.99,7.32,65.39,3933.3,1
73,87.57,2329,56.09,2.89,11.99,78.38,10.22,29.81,5607.7,0
74,106.78,2517,44.82,2.04,12.31,98.64,9.32,60.48,2589.9,1
75,56.56,3395,46.11,2.55,12.77,46.5,11.66,65.14,494.4,0
76,97.86,1660,58.33,2.11,13.53,87.47,9.95,45.74,3864.6,0
77,89.04,1305,56.3,1.49,13.02,85.12,7.49,59.56,4665.8,0
78,84.41,1573,58.5,2.9,12.81,72.57,10.68,59.29,9057.2,0
79,89.1,1264,66.51,1.04,14.34,82.59,8.94,41.94,9092.8,0
80,64.15,3136,57.21,3.04,14.41,57.94,10.74,81.83,5054.0,1
81,85.36,3284,59.98,3.13,12.87,79.16,11.22,72.72,4767.8,0
82,92.29,2424,54.68,1.19,11.83,81.86,10.38,87.81,6441.0,0
83,105.73,3055,47.92,2.57,11.47,98.54,11.35,58.8,2655.4,0
84,81.78,2294,54.08,2.79,13.39,75.77,8.94,49.13,2928.6,0
85,78.3,2133,49.94,2.85,13.72,71.57,10.94,50.43,125.3,0
86,81.98,1967,64.43,2.27,13.25,79.36,8.75,77.17,874.3,0
87,98.98,1983,59.69,2.98,13.14,93.51,9.33,50.72,1867.2,0
88,91.95,1117,59.85,1.96,12.56,87.66,8.26,46.75,6441.7,0
89,81.64,2385,61.67,2.63,13.72,74.45,11.67,95.33,2205.3,0
90,94.16,2172,42.48,2.73,14.54,84.17,11.44,27.94,1328.4,0
91,89.16,2722,57.06,3.52,11.43,79.5,10.25,65.27,6201.4,0
92,99.62,2265,46.52,2.03,13.14,87.85,11.88,54.16,6552.3,0
93,79.58,2086,54.82,2.1,12.42,68.47,9.57,49.3,690.8,1
94,84.07,1590,53.96,1.73,12.01,77.65,7.84,32.27,7751.7,0
95,83.29,2251,58.48,2.3,12.3,75.24,9.24,42.02,6101.0,0
96,70.44,2717,55.02,3.91,13.5,62.54,11.71,49.94,4030.9,0
97,91.55,1400,64.23,2.64,13.52,90.01,11.33,60.11,9833.5,1
98,91.13,2261,50.83,1.66,14.37,86.78,10.49,72.42,201.0,0
99,88.06,2363,58.51,2.13,13.21,80.56,9.47,20.4,5494.0,0
100,85.18,1697,56.58,2.61,11.79,77.7,8.9,27.95,1681.1,0
101,71.02,1789,45.7,1.63,13.01,61.48,7.78,63.49,3360.4,1
102,82.95,2361,48.78,2.03,12.09,73.56,9.23,68.61,1418.7,1
103,83.89,1407,55.29,3.26,12.23,81.2,7.71,20.97,6715.3,1
104,78.37,2445,60.82,2.16,13.66,68.82,9.84,73.96,4075.6,0
105,86.06,1573,58.63,3.02,13.36,77.53,9.04,50.96,9864.4,0
106,92.85,2944,46.06,3.88,13.67,82.98,11.01,74.41,6573.1,0
107,110.63,3836,50.33,2.69,12.91,99.43,12.89,47.78,9181.6,1
108,90.09,1597,67.88,1.56,13.83,82.52,9.99,23.58,2484.2,0
109,91.09,2574,54.48,2.49,12.87,79.35,10.3,51.07,3256.0,0
110,87.11,1691,53.64,1.44,14.09,81.77,8.91,46.66,3690.6,0
111,64.97,2929,56.21,2.96,13.48,59.81,9.98,52.97,8401.3,1
112,87.68,1314,60.94,1.98,13.03,78.4,10.42,41.88,2195.6,0
113,88.72,2536,51.17,2.98,13.37,81.83,9.85,90.88,9472.5,0
114,117.56,1589,58.64,3.38,13.19,108.77,10.74,17.34,531.4,0
115,85.69,2055,52.91,3.13,14.48,71.71,8.71,37.23,8909.6,0
116,91.62,1478,60.32,2.61,13.4,82.44,9.37,42.3,4569.0,0
117,87.58,2776,54.45,1.23,13.2,78.95,11.41,58.93,5306.4,0
118,73.98,1614,58.73,2.63,13.01,68.58,9.84,65.7,9974.2,0
119,101.71,2586,49.17,4.09,13.87,98.81,10.5,74.63,8713.5,0
120,97.02,1959,50.08,0.2,13.77,89.24,8.52,75.09,9049.8,0
121,97.49,2120,60.36,3.06,12.98,86.29,9.18,64.15,5896.8,0
122,77.09,2303,53.96,2.46,12.28,70.06,10.84,21.02,9567.8,1
123,104.83,1667,57.26,1.62,12.48,95.63,12.19,18.51,6909.3,0
124,71.18,2347,52.55,3.25,13.05,58.9,10.54,78.83,8211.3,0
125,95.04,3271,57.79,4.39,14.28,82.84,10.24,83.08,7237.2,0
126,114.29,1655,51.87,2.92,13.0,105.0,10.97,64.45,7831.1,1
127,76.11,3020,52.2,2.61,12.72,67.6,9.59,43.52,6415.9,0
128,81.2,3249,57.24,2.26,11.79,77.76,10.82,54.84,7291.4,0
129,89.2,1629,62.76,2.4,14.41,83.09,9.31,43.59,4415.8,1
130,81.96,1181,53.51,2.78,13.66,74.8,8.59,28.39,7098.0,1
131,69.39,2411,66.03,2.33,13.84,63.95,9.65,61.45,2840.4,0
132,88.82,1817,57.22,2.14,13.97,80.08,8.64,95.81,6385.9,0
133,75.25,3508,45.78,5.39,13.07,61.52,12.69,52.94,5285.1,0
134,93.68,2224,56.71,3.41,13.27,81.13,9.51,81.08,8995.5,0
135,76.97,1638,53.47,3.21,14.39,68.24,10.18,33.92,6764.9,0
136,106.6,1397,58.68,1.01,13.34,96.26,7.72,19.45,6006.5,0
137,78.6,2963,52.86,2.32,13.67,72.79,10.98,79.33,3199.4,0
138,84.14,1800,55.85,2.42,13.9,71.74,7.7,48.22,8641.8,0
139,97.76,2231,48.99,1.75,13.71,94.45,9.29,80.61,636.2,0
140,73.23,2869,59.27,4.12,13.1,62.49,9.78,88.43,9007.5,0
141,90.73,1861,48.31,3.52,13.17,81.24,11.32,47.4,6564.5,0
142,103.69,2168,47.9,2.1,13.82,97.95,11.98,81.67,1976.0,0
143,68.71,2188,56.93,3.96,13.82,61.34,10.26,37.41,9039.7,0
144,90.22,2678,63.23,2.75,14.13,85.62,10.74,40.03,3330.9,1
145,91.12,2614,51.62,4.8,13.64,86.39,10.86,78.93,1765.9,0
146,97.38,2046,59.04,2.59,13.68,94.16,11.52,23.12,3259.5,0
147,73.16,2245,61.02,3.02,12.84,62.85,10.29,55.24,9614.6,0
148,72.15,1940,60.09,3.54,12.74,60.54,8.98,78.43,7552.3,0
149,94.26,1166,54.75,3.1,13.82,92.75,10.36,75.13,9176.3,1
150,91.56,2380,47.65,3.03,12.74,78.05,11.28,47.43,3058.8,0
151,91.01,3525,38.67,3.02,13.18,83.04,12.29,83.13,916.1,0
152,92.16,1581,54.22,2.67,14.3,83.29,8.57,28.83,5671.3,0
153,79.84,1659,62.78,1.64,14.18,76.26,8.15,38.41,4881.7,1
154,90.79,1590,49.04,2.39,13.44,78.82,8.68,55.95,7234.0,0
155,91.52,2707,57.75,1.88,12.96,82.92,11.34,65.6,5472.5,0
156,79.43,2514,48.3,1.26,13.1,68.01,11.08,35.93,4025.0,0
157,110.39,2089,55.31,2.53,13.89,98.73,8.79,91.58,146.4,0
158,93.69,1557,60.08,3.26,13.17,81.68,6.8,13.6,4730.7,0
159,73.7,2265,50.58,3.31,12.75,67.65,8.36,56.47,1294.4,0
160,95.88,1105,57.75,1.98,14.17,88.5,8.05,52.35,9227.8,0
161,76.3,2300,51.96,3.98,13.35,70.14,11.08,20.66,9224.9,0
162,97.45,2810,57.54,2.36,12.74,86.76,10.81,85.14,8056.1,0
163,101.9,1324,57.66,0.61,13.58,92.9,9.38,34.94,1662.9,0
164,78.15,1127,57.13,0.31,13.98,66.94,8.45,50.53,1559.6,0
165,99.56,3306,61.65,2.09,12.39,88.22,10.74,68.19,5676.8,0
166,92.95,1772,59.38,3.0,13.04,90.14,11.19,23.35,7301.9,0
167,97.86,2995,48.79,2.39,13.0,85.81,10.65,38.33,9054.9,0
168,110.76,2092,54.15,2.86,13.56,99.91,12.41,85.61,8950.9,0
169,85.06,2087,54.37,3.81,13.71,78.16,9.48,53.0,1637.7,0
170,78.96,2507,54.5,1.8,12.76,69.91,9.64,2.9,9955.2,0
171,77.33,1581,71.03,2.64,12.01,69.7,7.27,45.25,1652.3,1
172,78.21,2293,56.68,3.01,14.03,68.36,9.94,54.9,8417.2,1
173,87.07,1933,42.91,1.73,12.3,80.19,12.18,57.79,5910.8,0
174,92.09,1276,53.15,3.21,13.42,82.66,9.16,9.48,6815.0,1
175,91.32,2436,42.5,2.42,13.09,83.12,10.7,55.83,6079.3,0
176,97.93,2016,52.91,2.15,13.33,91.22,9.18,37.24,8709.9,0
177,88.16,2090,42.88,4.18,14.52,79.59,10.46,58.76,6407.3,0
178,105.44,1353,50.94,2.58,15.0,89.32,9.43,60.04,8501.8,0
179,84.82,3314,43.25,3.78,11.89,78.88,11.39,69.68,1628.2,0
180,120.64,2814,55.46,3.9,13.99,113.39,12.56,86.76,8680.4,0
181,95.51,2875,53.19,2.32,13.08,89.51,9.0,102.86,9930.2,1
182,77.71,1986,56.89,3.44,14.04,71.4,9.1,31.05,6648.9,0
183,75.15,990,56.45,1.6,13.97,64.7,6.2,40.1,9766.0,0
184,93.79,3567,43.45,2.72,14.33,83.64,12.19,78.06,2276.8,0
185,85.32,2157,57.76,2.3,13.43,77.34,8.88,52.21,8309.9,0
186,96.57,1676,67.11,1.81,12.49,85.49,8.63,0.0,1773.6,1
187,93.68,2492,56.42,3.33,13.94,83.3,8.94,52.9,5207.8,0
188,87.13,3017,50.4,3.12,13.29,79.61,12.44,84.58,6673.9,0
189,77.84,2184,46.11,2.14,13.01,74.44,8.71,27.01,6636.6,0
190,69.82,3095,47.45,3.48,12.82,59.33,9.86,64.78,6741.5,0
191,82.64,2958,55.82,2.66,14.01,74.13,12.69,21.4,3277.2,1
192,98.28,1447,62.47,1.94,14.48,90.21,9.82,67.88,9739.8,1
193,90.57,1728,57.08,2.37,12.24,83.97,6.85,57.0,164.9,0
194,73.05,2870,58.13,3.21,13.7,62.82,12.05,47.66,6247.9,1
195,90.08,700,61.82,2.31,12.9,81.03,9.71,37.64,8674.5,1
196,92.62,2095,57.8,2.2,12.03,85.33,11.78,24.39,8922.0,0
197,77.39,1198,52.7,2.77,13.32,73.07,8.83,69.14,7230.0,0
198,89.84,1866,56.28,2.21,12.53,78.64,8.15,37.01,5790.6,0
199,88.7,1991,49.91,1.92,11.94,78.88,9.56,63.75,4627.6,0
200,74.28,1949,55.27,1.25,12.57,65.52,7.31,34.26,4550.2,0
201,92.29,1813,57.31,3.15,12.38,92.26,8.44,96.65,4308.5,0
202,94.73,1432,66.15,2.2,12.68,86.84,7.66,81.59,7028.9,0
203,101.0,3804,43.44,3.43,12.14,93.72,12.01,106.1,7339.0,1
204,100.65,3507,54.78,3.96,12.88,94.5,12.51,106.65,5196.1,0
205,71.47,1387,65.2,1.79,12.63,61.21,7.57,37.43,7434.0,1
206,76.75,3307,56.99,1.94,13.5,66.6,10.59,43.96,5331.7,0
207,94.18,1920,60.1,2.47,13.67,84.87,9.35,93.84,1063.8,0
208,94.17,2290,57.89,2.83,13.41,83.05,12.06,52.72,8531.0,0
209,94.18,2156,62.42,2.31,13.01,89.25,12.65,71.4,8717.8,0
210,134.23,1738,48.7,3.51,12.99,125.0,10.29,39.82,2738.0,1
211,94.85,2889,44.85,0.86,12.53,86.63,11.58,47.05,7885.7,1
212,101.63,2288,54.29,3.48,12.55,95.49,9.5,72.13,5160.6,1
213,99.45,1866,42.21,3.02,13.76,89.27,10.73,13.6,1327.9,0
214,95.82,1287,63.75,2.49,11.79,89.38,8.24,65.18,4040.2,0
215,84.22,1574,63.18,0.2,13.14,72.32,7.98,61.74,857.9,0
216,97.11,1051,54.23,3.05,12.94,91.9,10.9,37.5,7886.0,1
217,78.73,2209,52.4,1.72,13.68,64.33,7.97,55.54,2042.7,0
218,85.16,1362,55.84,1.76,12.06,71.07,5.61,53.59,1727.5,1
219,82.18,2014,55.3,2.32,13.21,74.46,10.3,58.63,2164.5,0
220,88.98,3159,53.42,3.3,13.47,77.54,10.94,74.56,2338.7,0
221,115.78,3040,56.09,3.43,11.68,108.98,11.36,43.74,6772.1,1
222,65.59,2177,53.73,3.24,12.34,54.55,12.36,108.82,6422.1,1
223,96.24,2139,60.31,3.17,13.13,88.76,10.98,50.52,1380.4,1
224,68.65,3516,54.74,3.33,13.61,64.5,11.13,60.28,7271.7,0
225,82.34,2565,50.25,3.04,13.35,84.94,9.4,96.08,3555.7,0
226,101.07,1971,62.97,1.56,13.65,93.87,10.55,17.04,4629.0,0
227,88.77,1202,48.42,1.49,12.34,79.93,6.36,87.7,1336.1,0
228,75.07,2476,53.56,3.38,11.93,63.08,9.25,58.52,7115.4,0
229,79.42,2781,59.27,3.47,13.27,71.31,10.43,47.88,3824.6,0
230,96.16,1758,51.08,2.92,12.22,85.15,9.78,29.95,6358.1,1
231,79.24,2404,56.08,2.22,12.51,72.6,9.73,30.84,4329.5,0
232,90.6,1945,58.34,3.15,13.95,83.61,8.78,46.64,583.8,0
233,88.55,2071,49.67,1.55,13.35,77.38,10.84,59.79,7064.5,0
234,80.18,700,57.19,2.86,12.75,79.57,5.4,58.45,5569.8,0
235,113.73,2045,53.8,2.26,12.64,105.69,10.24,59.39,4399.0,1
236,95.61,2879,49.87,4.19,13.7,88.81,10.57,48.87,2095.4,0
237,63.7,1758,69.42,1.12,13.37,51.62,9.61,79.14,6281.0,0
238,90.24,2237,49.92,3.97,12.23,83.82,9.49,108.7,2824.5,0
239,80.06,1671,61.72,2.01,11.64,70.51,9.36,81.72,4348.8,0
240,98.23,2452,51.66,2.35,14.71,87.46,11.04,49.33,659.2,0
241,78.49,2048,48.42,2.63,12.22,74.97,7.14,64.13,7789.8,1
242,86.62,1543,56.52,1.69,13.62,79.04,8.79,62.38,991.4,0
243,94.06,3133,56.57,2.9,14.41,87.35,9.42,92.67,8919.3,0
244,98.39,2850,58.74,2.24,13.32,87.55,11.67,52.14,8689.0,0
245,73.6,1777,64.89,1.79,12.72,63.57,7.89,33.16,9713.8,1
246,83.99,2548,71.58,3.09,12.06,76.69,11.71,79.77,9093.6,0
247,82.3,2576,55.37,1.99,12.05,77.44,10.05,65.38,9716.9,0
248,80.16,2650,49.75,2.13,13.5,69.05,9.38,35.52,8884.0,0
249,109.19,1014,59.54,0.91,14.36,101.39,10.31,62.0,1213.8,0
250,92.86,2905,51.55,2.45,12.88,89.71,10.09,95.99,4433.1,0
251,72.87,1801,61.03,3.41,12.76,69.47,9.85,38.73,853.9,0
252,99.01,1950,47.23,1.75,13.76,89.7,10.48,35.68,5498.5,0
253,113.47,4047,64.95,2.79,12.65,109.29,13.13,66.68,5344.6,0
254,100.39,2411,59.22,2.79,13.42,86.81,9.05,69.87,9229.6,0
255,69.77,1930,45.13,2.12,13.23,64.58,10.35,51.88,9700.0,0
256,82.19,700,53.36,3.78,12.87,74.19,8.05,68.69,2670.5,0
257,103.2,3173,57.44,2.85,13.19,94.73,10.97,66.05,5864.9,0
258,79.51,1258,63.57,2.38,14.61,73.7,8.49,69.58,4698.0,0
259,93.33,1498,48.32,2.98,13.68,92.05,10.25,36.37,5512.7,0
260,97.3,1968,59.27,3.18,14.07,88.72,10.02,29.05,5364.1,1
261,76.88,3191,40.98,3.17,12.47,71.14,11.29,54.15,9149.8,0
262,87.29,2741,52.97,2.65,14.08,78.94,11.93,31.32,8971.6,0
263,55.0,2090,61.67,4.11,13.71,47.37,10.43,62.52,1315.1,0
264,75.71,2416,50.92,2.56,12.0,66.92,9.65,15.96,3516.6,1
265,84.97,1780,46.4,2.0,13.63,72.28,7.56,43.42,7552.5,0
266,73.03,2298,55.35,2.07,12.79,66.67,7.96,49.87,6871.5,0
267,107.59,2251,50.73,1.18,11.96,101.0,9.84,34.38,6348.8,0
268,70.84,2878,57.11,3.5,13.3,67.84,9.2,52.94,9938.7,1
269,82.72,2877,47.95,0.97,13.63,75.31,8.72,59.15,3435.7,0
270,89.57,2546,49.25,2.69,13.32,80.34,12.7,82.46,5201.0,0
271,105.3,1946,42.86,2.26,13.11,98.75,10.76,32.66,9793.6,0
272,70.77,2719,54.67,4.57,12.94,61.52,9.45,65.26,6986.0,0
273,101.96,2136,53.66,1.05,15.0,94.49,10.26,65.73,6521.9,0
274,88.12,1443,48.97,1.48,12.25,84.03,6.63,50.03,1632.0,0
275,76.22,1918,56.38,2.3,13.9,67.29,10.46,43.35,2541.9,0
276,93.55,2259,60.59,2.41,13.21,86.16,7.85,32.58,3837.0,1
277,90.39,2837,52.0,2.39,12.52,82.02,11.56,96.79,4702.0,0
278,80.8,2072,56.49,2.42,13.16,74.5,7.25,55.68,5022.4,0
279,88.84,1354,57.91,1.15,12.09,82.8,8.17,43.61,9031.2,0
280,83.38,2240,47.3,2.84,12.72,74.9,11.29,97.67,1161.4,1
281,89.36,2279,66.75,0.72,13.16,82.05,8.11,59.92,2558.7,0
282,95.95,2330,51.45,2.58,11.96,82.77,10.2,106.65,1522.0,0
283,107.03,2844,57.12,2.35,13.61,96.64,12.29,30.54,7379.6,0
284,73.15,2913,57.86,3.67,12.43,63.51,11.01,54.54,9708.7,1
285,113.6,1784,54.42,3.76,12.04,106.13,10.26,25.1,8950.2,1
286,64.57,1769,59.23,2.08,12.34,62.65,9.03,49.97,7260.7,1
287,86.18,1472,57.52,3.32,14.94,80.6,8.02,48.09,313.1,0
288,95.06,2689,45.06,2.51,11.62,89.0,13.21,48.77,3535.6,0
289,91.37,3214,50.54,2.22,13.55,84.2,9.61,62.16,8649.8,1
290,80.53,1979,51.39,3.84,12.6,72.63,10.71,45.49,6565.4,0
291,85.5,2031,52.16,2.88,12.92,75.53,9.79,51.78,2175.1,0
292,82.08,3227,44.74,3.01,13.68,73.26,11.98,46.04,4718.2,0
293,80.93,2554,60.68,3.25,13.64,69.45,11.14,85.98,970.4,1
294,98.2,2505,63.52,2.9,12.66,91.13,11.39,34.66,5255.9,1
295,92.28,1366,62.09,2.11,12.11,83.51,7.83,54.25,9020.2,0
296,79.69,2675,61.3,1.69,13.7,70.65,9.98,34.0,483.3,0
297,98.8,1550,53.75,2.03,13.64,90.06,7.57,34.4,6177.5,0
298,91.69,1406,52.33,2.68,12.97,79.84,8.49,35.67,2407.7,1
299,97.75,1957,50.34,2.33,13.55,87.34,10.27,50.91,9904.8,1
300,95.56,1790,59.22,3.08,12.84,91.51,10.28,56.05,744.5,0
301,78.05,2045,56.31,2.78,12.54,70.4,9.79,31.93,6211.2,0
302,81.28,1191,56.18,1.38,13.2,73.32,6.05,40.68,2638.1,0
303,96.97,2871,60.96,1.79,13.62,82.51,10.55,39.2,8836.4,0
304,95.32,2989,55.39,2.77,13.45,88.31,10.55,39.03,1307.1,1
305,87.75,837,52.28,1.58,13.61,82.7,6.28,69.49,4349.6,0
306,89.41,2885,49.12,3.12,12.59,80.09,9.98,31.27,1935.1,0
307,103.33,1633,59.72,1.71,14.47,93.84,9.59,53.09,8014.5,0
308,80.9,2800,59.68,2.32,12.93,73.12,12.25,92.56,3579.3,1
309,94.57,2152,57.95,3.36,13.1,87.23,8.92,78.84,1948.5,1
310,85.57,2220,65.94,2.67,12.15,74.73,8.5,63.63,7286.4,0
311,85.39,2070,64.67,1.92,13.04,79.95,8.9,53.9,8190.5,0
312,101.19,3048,55.45,2.94,13.63,94.21,12.04,74.82,4677.7,0
313,97.9,1332,51.23,3.25,13.81,91.47,10.42,57.18,3850.6,0
314,97.76,2625,45.81,2.97,14.45,86.48,10.78,86.01,6358.2,0
315,103.67,2971,50.62,3.36,13.62,94.81,9.87,56.95,6548.8,0
316,88.25,2701,58.1,2.16,13.42,83.45,9.19,78.03,6641.4,0
317,96.18,3827,62.24,4.09,12.84,91.08,12.86,58.25,2830.0,0
318,84.28,1830,57.85,4.23,12.67,70.66,10.41,90.65,9418.9,0
319,91.89,2870,60.23,2.21,13.98,80.64,13.23,55.78,2213.1,0
320,86.44,2126,53.27,1.56,13.96,75.91,8.32,22.18,3804.2,0
321,89.16,3063,56.58,3.07,12.34,81.13,11.41,61.73,2908.6,1
322,95.14,2195,59.49,3.24,13.78,82.62,8.91,70.26,9318.1,0
323,78.18,1928,43.31,2.34,13.72,73.49,8.08,85.94,8300.9,1
324,113.11,3114,50.12,2.11,12.31,102.85,10.98,40.56,8131.6,1
325,75.93,1856,61.04,2.3,13.63,69.26,8.57,18.05,146.6,0
326,73.43,1211,58.29,2.57,12.36,66.18,6.85,59.0,6890.4,1
327,101.9,1838,48.04,2.05,11.26,91.72,12.82,62.14,2379.7,0
328,97.5,2633,39.08,3.22,13.07,89.93,10.34,29.38,9680.7,0
329,95.49,3174,50.39,3.91,13.41,88.79,12.81,54.25,5354.4,0
330,95.54,2278,53.95,2.77,13.11,89.03,9.49,49.77,5690.6,0
331,87.85,3123,47.43,2.93,15.0,85.81,13.96,77.0,3629.2,0
332,77.23,1249,57.41,2.78,13.5,66.94,8.51,41.02,5413.6,0
333,88.91,1890,58.24,1.72,13.32,83.93,10.48,44.43,7522.4,0
334,79.87,1998,59.06,1.69,13.54,66.3,8.61,56.08,5663.0,0
335,99.7,2120,40.54,2.29,12.85,92.56,11.37,26.96,6448.5,0
336,86.24,2259,46.59,2.17,13.94,74.31,10.33,93.37,4777.4,0
337,78.09,2684,51.85,2.11,13.49,75.52,9.83,76.58,7192.4,1
338,84.14,1889,58.66,3.86,13.45,73.95,8.01,39.1,9005.6,0
339,92.96,2297,57.29,4.32,12.7,81.99,9.94,33.23,605.4,1
340,81.24,2168,57.52,2.24,11.95,69.32,9.23,34.01,1162.2,0
341,78.13,1552,53.64,2.32,12.8,74.72,9.63,62.85,6887.5,0
342,90.92,2120,52.76,2.35,13.43,85.03,9.61,34.31,3839.3,0
343,90.94,2099,50.4,3.38,12.84,81.21,7.55,49.41,2888.0,0
344,81.92,2084,59.46,3.53,13.43,73.47,10.29,20.49,1868.1,0
345,82.35,2222,49.05,1.13,13.01,73.47,11.29,65.96,5769.1,0
346,90.78,2253,59.56,2.94,13.54,83.87,8.08,66.89,3540.6,0
347,70.62,1897,56.54,1.36,12.42,57.97,11.01,49.49,5128.8,0
348,71.11,3091,52.63,4.35,13.35,55.29,12.33,64.22,9589.8,0
349,79.38,1381,52.33,2.52,12.69,71.07,7.62,66.0,7606.8,0
350,85.44,1695,47.47,1.65,11.97,76.08,7.72,55.31,7979.9,0
351,91.73,4146,46.78,3.22,13.07,83.56,14.22,82.29,1329.6,0
352,105.7,1473,53.95,1.98,14.43,93.85,7.79,27.28,3317.3,0
353,98.29,1252,42.2,2.53,12.03,87.8,8.04,56.89,1151.7,0
354,86.08,2714,52.38,3.6,13.3,81.28,9.03,61.95,9688.4,0
355,87.77,746,63.04,1.08,13.84,81.61,7.72,70.32,6853.7,0
356,75.97,2035,58.39,3.94,15.0,71.0,11.0,54.62,290.4,0
357,87.78,3702,48.6,4.5,12.81,71.69,12.6,62.07,4807.5,0
358,84.54,1119,57.05,1.35,12.69,74.63,9.38,37.37,2708.9,1
359,91.87,813,54.0,2.06,12.27,85.66,7.54,76.5,5445.6,0
360,78.07,1151,57.63,3.44,14.11,72.1,8.1,1.58,1868.7,0
361,94.23,2829,62.53,3.81,12.51,83.82,9.59,69.0,662.9,0
362,106.39,2987,58.71,2.62,12.9,95.68,11.61,59.32,3299.5,0
363,86.69,1841,58.43,3.03,11.72,76.3,8.43,49.17,3025.5,1
364,92.82,2678,50.64,5.15,13.91,86.1,10.6,51.28,7197.9,0
365,96.28,3173,57.09,3.06,14.13,87.36,11.38,59.72,4798.0,1
366,83.19,3451,41.99,2.6,13.88,74.85,11.24,72.08,2984.1,0
367,90.69,2028,53.4,2.6,11.92,85.5,12.27,38.06,5747.3,0
368,88.15,700,61.08,2.2,13.69,82.93,9.78,48.7,806.0,0
369,89.17,1625,60.17,1.86,11.86,79.94,10.78,58.57,6657.3,0
370,78.72,1901,59.25,2.76,13.25,70.13,11.29,34.13,1558.2,0
371,88.29,2019,56.71,1.45,13.36,78.63,11.35,63.99,2869.0,0
372,93.98,2068,53.63,1.95,13.45,83.6,9.89,61.39,2893.0,0
373,105.41,2983,56.14,3.5,13.63,92.92,11.54,43.72,4711.9,0
374,99.51,3092,47.01,1.54,13.19,93.84,11.93,36.59,9536.3,0
375,113.84,2080,49.6,3.21,11.63,103.95,10.38,38.04,3314.1,1
376,78.79,2969,53.47,1.28,13.63,68.54,9.49,62.32,2885.1,0
377,98.47,2450,55.06,1.27,13.28,91.4,11.0,54.98,1771.1,0
378,90.2,2245,43.52,2.16,12.48,81.83,8.17,83.15,3980.5,1
379,114.28,2835,55.89,3.06,11.94,107.14,11.94,51.46,1902.2,0
380,78.3,2251,59.18,3.62,14.43,63.97,8.45,37.52,1463.9,0
381,77.92,3640,51.3,3.23,14.19,69.61,11.62,76.78,8587.9,0
382,80.81,1193,70.89,1.89,13.76,71.45,8.37,29.36,621.1,1
383,62.51,1839,51.36,2.84,12.66,55.31,8.05,37.02,7137.2,1
384,81.69,2111,52.63,1.8,11.19,75.13,7.58,38.91,2105.5,0
385,78.89,2508,51.65,2.79,13.81,74.8,8.62,0.0,216.0,0
386,89.8,3088,52.34,1.98,13.49,78.51,11.85,71.66,7971.9,0
387,92.1,2183,52.62,2.6,12.9,81.8,9.35,73.7,7052.6,0
388,110.51,1204,48.0,1.99,14.1,103.42,9.87,67.36,3409.6,1
389,99.41,2790,50.05,2.16,13.88,94.11,11.2,96.25,885.4,0
390,81.08,2728,52.98,2.91,13.34,72.54,10.22,88.31,3670.6,0
391,77.22,841,64.74,2.13,13.23,70.71,7.91,40.16,1895.1,1
392,93.9,2197,67.77,3.48,13.24,86.57,9.3,77.17,9331.8,0
393,72.16,1087,64.92,0.75,13.74,67.95,8.16,46.37,5343.3,0
394,109.98,1735,50.73,2.27,12.51,101.33,9.47,43.69,9642.1,0
395,102.15,1568,51.59,1.65,13.54,93.44,12.5,36.1,3578.0,0
396,82.37,2766,52.53,3.49,12.46,71.09,9.2,53.05,5609.0,0
397,67.44,2282,65.25,3.18,14.27,59.89,8.88,62.07,1982.2,0
398,104.25,1300,55.29,2.54,13.63,97.25,8.74,81.22,8103.4,0
399,86.63,2816,45.39,2.25,12.65,83.3,9.16,73.27,506.9,0
400,102.85,1196,53.49,2.8,13.26,91.55,9.79,33.55,6986.6,1
401,68.87,2431,58.78,1.42,12.52,58.19,9.07,35.5,3977.4,0
402,80.81,1630,59.9,0.9,14.4,72.72,5.94,62.95,5826.3,0
403,88.06,1944,53.89,1.4,14.5,84.05,10.36,71.51,5963.4,0
404,88.56,2553,57.97,2.67,13.76,84.21,9.69,81.67,7136.9,0
405,82.6,2565,40.25,3.24,14.45,76.24,10.14,51.82,2122.2,1
406,95.47,3136,53.29,0.58,13.32,84.58,12.38,70.01,5360.7,0
407,75.19,2142,59.94,3.57,13.81,66.32,8.93,71.77,4326.6,0
408,86.29,2415,49.17,2.74,14.18,82.77,9.72,29.27,2893.6,0
409,89.44,1894,50.17,1.15,13.2,80.23,12.45,58.72,5007.7,0
410,94.17,2327,43.09,2.68,13.26,88.69,7.73,73.85,9524.9,0
411,96.54,2508,63.45,3.55,13.95,90.11,9.12,67.05,9494.0,0
412,74.5,2131,50.48,2.99,13.72,63.59,8.02,52.97,2860.3,0
413,69.59,937,58.66,2.88,12.6,59.29,9.51,99.62,8853.7,0
414,103.33,2432,57.65,1.55,11.45,92.05,10.02,95.0,8779.9,0
415,91.99,2455,63.12,2.32,13.06,84.06,10.72,56.72,2570.9,1
416,79.02,1724,54.66,1.59,11.52,68.37,8.31,48.35,6029.6,1
417,106.61,1301,53.03,3.51,12.41,100.37,9.93,63.61,8712.4,0
418,89.39,3233,53.55,3.52,12.5,82.16,11.49,60.05,5198.4,0
419,102.15,2544,61.51,4.97,12.75,95.13,11.22,82.49,3760.7,0
420,88.81,2040,53.88,2.09,13.86,80.74,11.24,28.69,6542.8,1
421,112.73,1404,50.3,1.6,14.03,108.59,10.1,45.41,1807.0,0
422,109.06,1625,46.36,2.17,13.61,101.74,8.9,65.25,1701.1,1
423,85.01,3112,45.45,4.05,13.71,72.66,11.54,80.55,8343.2,0
424,99.66,2296,59.51,2.29,13.72,94.94,13.36,25.96,514.6,0
425,95.74,1815,53.38,2.47,11.2,91.73,10.28,33.61,8055.9,0
426,104.42,2557,50.12,2.78,13.21,100.17,11.2,23.62,2975.9,0
427,76.42,1630,51.5,2.32,11.76,60.44,7.0,34.12,4882.9,0
428,96.23,3251,52.94,2.49,13.61,86.84,12.64,35.76,5480.8,0
429,100.7,3147,51.18,2.86,11.53,93.51,12.82,71.46,7694.0,0
430,66.9,1873,53.72,2.25,13.06,58.69,9.05,57.62,8850.2,1
431,73.8,1760,63.64,2.34,13.64,65.12,8.88,49.28,8061.8,1
432,63.53,700,66.96,2.75,12.31,57.45,10.2,46.52,5766.2,0
433,84.77,1163,47.02,3.48,13.97,78.32,9.26,72.66,3545.3,0
434,96.61,1262,58.37,1.45,13.61,89.08,10.29,28.53,5312.9,0
435,106.03,2295,49.62,2.27,13.5,100.2,10.76,16.96,397.2,0
436,88.89,1972,53.54,1.78,13.76,82.08,9.44,67.84,2525.3,0
437,107.54,1258,58.2,2.27,12.91,98.48,9.93,41.53,3724.9,0
438,71.44,2003,53.8,2.02,13.32,66.43,8.87,33.45,3265.6,0
439,67.56,2554,55.38,2.89,13.21,51.73,9.66,68.2,1042.0,0
440,87.33,2569,57.88,3.59,13.19,77.07,10.99,17.86,602.5,0
441,92.61,870,58.98,0.2,12.66,88.42,7.46,29.87,4265.1,0
442,87.61,2110,50.88,2.89,12.21,87.04,10.02,6.69,840.5,0
443,63.19,1232,52.89,1.74,12.93,57.25,7.68,54.37,2933.5,0
444,86.93,2831,44.69,3.19,12.89,76.88,11.97,90.26,4800.8,1
445,72.35,2749,48.45,2.07,12.61,62.87,9.45,46.83,2178.6,1
446,96.04,1571,67.56,3.21,13.88,88.37,6.84,35.4,887.4,0
447,92.4,1664,50.88,3.03,12.26,86.2,8.88,87.47,4378.1,0
448,76.72,1877,48.14,2.85,13.06,71.43,9.5,65.61,4539.9,0
449,81.83,700,59.54,2.63,14.13,75.04,8.6,93.61,9164.6,0
450,75.29,2435,53.53,2.05,13.93,70.33,8.98,59.63,1365.6,0
451,87.25,2009,53.79,1.96,14.17,80.44,10.24,58.39,6188.5,0
452,99.46,2879,61.61,3.45,12.73,87.47,12.69,87.97,3265.1,0
453,76.17,1431,59.49,1.58,13.83,70.49,9.24,47.41,1323.6,0
454,94.05,1767,52.23,3.5,12.35,84.22,8.52,57.34,3992.2,0
455,81.64,1145,54.18,1.81,12.98,71.35,7.28,0.25,4336.6,0
456,78.49,1497,53.03,2.63,13.05,73.72,9.04,85.54,3699.3,0
457,86.72,1373,61.49,3.85,12.74,81.25,10.57,57.85,7680.8,1
458,75.58,2897,51.41,2.29,12.91,64.37,10.53,57.04,8408.1,0
459,81.36,1711,44.84,2.38,12.81,76.13,8.74,70.21,1572.4,0
460,73.63,2287,54.2,3.42,12.41,65.8,7.89,31.89,1762.3,0
461,111.58,1933,45.75,3.18,13.89,97.46,9.89,42.37,4270.1,0
462,88.42,1311,69.46,1.88,13.05,77.48,7.73,60.73,3269.9,0
463,79.6,2082,49.07,2.07,13.36,71.35,9.47,55.17,8213.8,0
464,90.57,2619,52.76,2.54,13.33,80.05,8.81,66.45,9968.4,0
465,86.65,1355,57.83,3.32,13.24,78.82,8.2,54.91,1893.0,0
466,85.35,2766,51.73,2.57,13.27,74.29,9.45,71.01,7649.2,0
467,95.37,1605,53.99,2.33,12.96,93.51,10.4,25.02,6111.7,0
468,97.09,1862,57.73,2.05,14.33,89.51,8.69,78.53,6479.8,0
469,81.63,2571,63.03,3.27,13.81,79.89,9.55,47.55,2718.0,0
470,81.09,1736,60.16,2.46,13.21,72.61,9.31,53.37,1062.2,1
471,84.7,2226,63.42,1.75,12.84,77.41,9.28,43.14,5478.2,0
472,60.38,1980,48.91,1.67,13.1,48.29,11.44,47.93,6173.7,0
473,69.82,2291,56.41,0.98,13.53,59.68,10.52,60.13,9634.2,0
474,104.4,700,58.42,1.33,14.4,97.98,8.25,60.7,6784.8,0
475,107.74,919,59.13,2.64,12.1,100.96,9.12,65.34,4492.5,0
476,85.01,2631,61.99,3.79,13.73,75.87,7.62,66.24,9940.6,0
477,94.92,2926,51.76,3.42,14.1,88.64,12.71,47.44,3795.1,0
478,91.74,1563,53.4,2.7,12.01,83.83,9.69,58.56,1709.3,1
479,124.95,2029,57.91,2.36,13.06,113.0,10.85,58.78,6218.0,1
480,101.43,2406,43.42,3.25,12.35,95.92,11.36,57.42,2735.9,1
481,86.46,2685,52.2,2.99,13.54,79.81,11.4,68.6,9229.8,0
482,76.53,781,56.68,3.44,12.91,69.46,6.87,20.97,4335.9,0
483,68.72,1580,50.42,2.18,13.1,51.25,8.76,10.74,1581.2,0
484,90.44,1967,61.38,3.51,12.87,80.62,10.9,77.4,1502.1,0
485,78.92,2692,47.28,3.46,13.78,67.53,10.87,55.33,6531.4,0
486,70.93,3949,50.37,3.92,13.38,60.63,11.63,73.81,3722.4,0
487,80.24,2040,56.71,0.86,13.38,69.73,9.75,36.69,3700.9,1
488,75.02,1215,64.75,2.84,13.33,65.6,9.63,74.34,6162.0,0
489,108.25,2482,53.83,2.56,13.66,99.15,11.98,63.69,2293.0,0
490,98.58,3125,58.29,2.6,12.99,94.93,10.27,56.96,1539.7,1
491,87.9,2276,58.63,1.39,14.56,78.83,10.72,61.17,6606.9,0
492,105.76,1565,56.49,2.25,12.21,98.08,10.12,16.36,151.8,0
493,88.93,2871,46.7,2.87,11.82,79.29,12.34,66.49,9082.9,0
494,77.66,2664,45.11,1.71,11.75,69.88,10.28,87.52,1911.4,0
495,106.28,1482,56.55,1.04,11.54,95.99,9.02,57.0,4533.8,0
496,94.47,2467,50.75,3.05,13.74,83.65,8.89,60.32,2193.6,0
497,75.55,2898,58.78,3.55,13.64,76.29,9.68,52.85,2260.4,0
498,85.72,3027,57.42,3.06,14.17,79.02,12.52,81.62,8366.5,0
499,77.49,2153,53.63,3.44,12.35,75.06,9.71,79.34,5891.8,0
500,71.41,1949,48.24,2.36,13.8,62.69,8.83,44.86,3183.4,1
501,99.11,3059,55.86,2.88,13.25,92.02,13.14,67.33,2585.9,0
502,110.91,1353,50.03,1.43,13.33,98.85,10.74,54.56,2207.3,1
503,71.22,2507,49.52,1.43,13.7,62.6,8.9,64.88,5589.0,0
504,94.76,1241,50.58,3.59,12.59,88.21,10.14,33.79,7334.8,0
505,80.19,2946,52.31,3.78,15.0,69.38,8.76,82.33,2609.9,0
506,82.15,2019,62.0,1.34,14.27,75.11,9.98,65.22,3389.8,0
507,80.89,3088,52.82,3.06,12.77,74.39,11.4,84.38,7231.6,0
508,77.63,2544,51.3,2.61,12.33,68.45,11.44,34.76,7399.1,0
509,88.58,1344,47.14,1.94,13.13,75.74,9.1,28.73,2152.5,1
510,78.03,3197,55.96,2.66,13.35,67.47,10.76,102.17,3883.8,0
511,91.25,3286,47.71,3.33,14.05,81.54,11.45,84.46,8712.6,0
512,87.4,2818,54.06,3.47,12.27,71.14,14.04,42.4,7427.9,0
513,85.13,1667,53.54,2.62,13.43,79.33,9.1,69.16,1708.7,0
514,77.11,1986,60.1,2.35,11.98,71.37,9.92,44.4,3921.0,0
515,81.08,2302,53.48,2.46,13.55,72.64,7.39,21.64,9735.6,1
516,97.06,1707,55.16,3.07,13.11,84.52,8.49,10.04,5301.2,0
517,94.01,3385,55.09,3.44,14.75,88.84,12.51,61.67,7221.5,0
518,76.27,2301,67.09,2.64,11.96,63.01,7.71,86.82,1011.1,0
519,89.19,700,62.91,1.97,14.3,85.51,8.36,76.43,8341.8,1
520,97.02,2438,53.52,2.92,11.84,89.38,9.71,81.63,6087.4,1
521,67.97,1956,55.21,2.06,12.14,59.45,7.6,70.14,1838.4,0
522,94.52,2148,51.5,3.17,11.86,89.17,9.18,61.03,3864.1,0
523,80.05,1942,49.45,1.56,13.4,73.91,11.07,76.49,922.0,0
524,94.85,2765,50.09,2.47,12.26,84.46,11.39,18.17,7792.4,0
525,78.84,2984,48.44,3.38,12.12,66.52,9.67,79.5,7474.3,0
526,66.34,2398,58.24,1.72,13.36,64.69,10.37,33.77,4953.3,0
527,68.47,1962,48.75,1.17,13.56,59.93,9.86,35.32,4575.0,0
528,88.58,2171,62.64,2.58,13.23,80.92,9.42,68.74,4687.9,0
529,91.12,2214,59.05,1.19,13.07,82.79,11.19,73.66,470.9,0
530,77.15,1638,55.89,1.25,14.66,70.1,9.89,39.44,3745.6,0
531,95.66,2605,53.73,3.33,13.32,91.53,11.8,70.36,1372.2,0
532,68.06,2522,50.71,2.52,13.84,55.43,8.88,68.19,1929.4,0
533,87.21,3278,54.05,4.05,13.31,75.73,10.08,55.26,9625.0,1
534,73.47,3079,59.44,1.97,12.32,65.78,8.68,63.35,2691.7,1
535,80.18,1720,51.37,2.25,13.64,73.64,8.12,93.74,4887.9,0
536,88.57,2774,44.23,3.12,12.68,82.4,10.34,52.81,8889.1,1
537,77.68,1534,60.19,1.3,13.13,77.43,8.2,46.06,4193.6,0
538,83.39,2687,55.58,3.58,13.44,74.32,10.42,60.92,5333.3,0
539,100.08,1838,48.51,2.79,11.65,89.73,11.86,49.17,1771.0,0
540,81.08,1484,51.66,0.93,11.91,72.66,8.18,66.51,2922.3,1
541,98.03,2396,48.98,2.6,13.93,90.29,10.49,85.56,5110.5,0
542,74.44,700,53.32,2.31,12.67,66.04,5.0,41.07,3712.5,1
543,94.36,974,55.05,1.53,12.71,88.92,10.96,30.51,478.7,0
544,105.3,2076,53.13,1.3,13.33,98.8,8.75,93.75,4068.2,0
545,58.34,2258,50.74,2.79,12.89,50.84,8.11,57.74,8169.5,0
546,78.44,1941,50.61,4.19,13.53,68.35,10.02,19.36,1249.0,0
547,94.92,1094,55.38,1.73,13.16,82.79,8.78,85.61,285.4,0
548,85.56,1627,56.75,3.54,13.36,78.25,10.93,74.09,1275.2,0
549,92.45,2474,52.11,2.06,12.64,87.59,11.34,88.67,6900.0,0
550,80.75,2607,60.76,2.9,13.35,72.65,10.16,86.13,7967.0,0
551,89.04,2189,57.65,3.15,14.08,75.0,11.18,107.83,582.4,0
552,86.13,3010,43.43,2.9,12.75,81.01,12.45,39.12,8886.8,0
553,102.01,2478,57.08,2.43,13.93,91.36,10.02,40.76,6310.5,0
554,91.05,1677,59.24,2.89,13.16,79.05,10.38,42.02,5229.5,0
555,92.05,2004,52.34,3.96,13.79,85.13,9.49,43.4,2610.6,0
556,83.06,1218,47.6,2.34,13.3,77.16,8.13,51.57,3779.8,0
557,82.15,2124,54.82,2.09,13.17,72.42,9.76,44.75,9475.0,1
558,82.81,2978,53.01,2.74,13.48,73.75,10.43,35.88,9124.3,0
559,92.73,2680,46.86,4.77,14.17,82.65,10.27,40.39,6292.1,0
560,82.95,3181,43.94,3.09,13.39,68.73,12.38,55.01,5831.2,0
561,91.48,1988,54.46,1.97,13.58,82.98,7.87,76.61,2184.4,0
562,112.9,3142,51.15,2.05,12.91,108.48,10.92,49.15,9537.5,0
563,98.45,2065,52.29,1.02,14.46,90.25,10.88,70.39,7578.4,1
564,84.09,3230,52.04,3.29,13.71,75.36,11.23,34.76,3884.4,0
565,102.41,2185,47.91,3.06,13.26,90.61,11.58,0.0,8176.7,0
566,83.1,2695,51.01,2.45,13.1,75.69,10.91,55.31,2197.6,0
567,63.54,3233,55.86,2.99,13.98,56.77,9.0,49.0,2211.0,1
568,75.9,2065,52.83,1.54,12.72,72.02,9.35,36.55,7930.5,1
569,65.55,2353,44.38,2.72,11.77,55.91,9.99,35.94,5637.1,0
570,83.78,3102,49.97,3.33,13.26,65.74,11.39,46.26,5602.8,0
571,88.22,2107,48.35,2.07,14.15,80.89,9.21,34.69,5779.3,1
572,108.12,1275,57.91,3.48,14.47,98.76,8.89,31.52,1345.5,1
573,91.92,3700,53.47,2.55,13.11,85.57,11.62,36.82,3560.6,1
574,85.37,1871,45.3,2.62,13.23,81.21,7.73,10.44,5773.5,0
575,97.95,2311,58.85,3.27,13.62,88.65,8.66,11.48,2551.1,0
576,61.47,3009,46.45,2.84,12.99,53.38,10.66,109.08,5089.6,0
577,90.83,1774,64.77,2.2,13.61,89.98,8.32,51.18,5614.6,0
578,97.25,1494,55.64,1.08,13.13,84.42,9.86,81.26,9433.9,0
579,70.26,2378,46.85,3.71,14.01,61.01,8.84,52.51,2533.2,0
580,101.73,945,50.16,1.86,13.78,93.5,6.93,44.58,4449.6,0
581,92.06,1998,57.05,2.88,13.85,85.33,9.26,59.92,9817.0,0
582,83.02,2372,51.92,3.16,13.04,73.8,12.5,68.83,1949.2,1
583,95.59,2011,54.33,1.95,14.74,86.24,9.77,28.93,7822.2,1
584,115.25,1120,66.26,1.9,13.59,106.04,10.01,40.92,1853.8,1
585,90.18,3316,48.14,4.11,13.4,78.98,11.86,67.79,8515.5,0
586,90.98,2272,54.78,1.68,12.59,79.09,8.43,16.76,4930.9,0
587,82.49,3202,61.13,4.69,13.12,68.47,12.95,86.96,9724.4,0
588,77.8,2018,56.63,1.86,13.29,72.31,8.98,75.16,1783.7,0
589,97.96,1584,46.11,1.32,12.57,91.68,7.76,9.27,6910.5,0
590,77.73,2388,57.3,2.73,12.97,68.64,9.21,38.55,6983.3,0
591,88.86,2049,47.9,4.24,13.07,83.2,9.46,56.19,7216.9,0
592,82.27,1376,64.71,0.64,13.24,76.12,9.37,66.89,1099.6,0
593,93.75,3229,47.55,2.89,11.79,84.32,10.83,91.7,2956.8,0
594,92.0,1764,73.25,2.72,13.09,81.3,12.54,39.64,3446.4,0
595,100.45,912,65.89,2.03,12.9,88.62,7.28,94.03,3310.4,0
596,81.88,3130,47.98,3.26,13.18,74.46,11.82,59.6,6782.7,0
597,84.76,1847,55.43,1.81,14.03,75.37,6.89,48.4,642.8,1
598,76.25,1775,60.03,1.87,14.84,67.53,8.71,63.68,7327.8,0
599,82.67,964,61.79,1.88,13.74,74.62,8.31,53.8,5313.2,0
600,92.53,3419,54.77,2.18,12.21,86.98,10.55,67.41,1812.7,0
601,97.08,1297,63.85,2.1,12.92,91.91,10.67,89.51,2338.6,1
602,76.93,2241,53.83,2.25,13.68,66.93,10.1,60.19,1066.0,1
603,98.44,2839,51.04,2.45,13.59,92.93,10.85,39.15,4644.7,0
604,104.27,2495,51.81,2.93,13.99,101.6,11.43,39.98,5989.7,1
605,92.96,2158,59.79,1.06,13.12,85.06,9.3,84.2,5851.6,0
606,110.52,1009,59.02,1.82,12.91,98.16,10.41,61.53,9627.4,0
607,78.71,1633,57.52,4.14,14.6,79.1,9.95,20.47,3030.1,0
608,73.06,2331,59.18,1.73,13.25,65.93,10.03,23.68,7644.6,0
609,66.66,1649,43.51,3.32,12.39,56.63,9.07,52.19,7258.5,0
610,105.95,2342,56.05,2.65,14.38,103.42,8.97,68.18,707.1,0
611,95.85,2677,54.89,2.27,12.0,88.49,12.66,44.3,9307.1,0
612,87.33,2874,63.25,1.79,10.5,82.75,10.77,25.44,9319.9,0
613,91.36,1342,47.11,2.27,13.82,86.38,9.97,27.35,4023.7,0
614,74.49,3738,60.93,4.39,13.93,67.7,12.64,97.14,4235.0,0
615,117.35,2737,53.78,2.47,13.53,112.72,12.95,68.16,8214.0,1
616,89.55,2199,57.51,2.47,12.16,85.17,8.7,74.99,5000.8,0
617,89.31,2963,63.1,3.69,13.15,81.49,9.99,82.88,8012.1,0
618,96.71,3856,54.58,3.56,12.98,82.03,15.39,52.41,457.6,0
619,93.77,1193,58.96,0.83,12.77,83.5,6.77,41.5,2577.7,0
620,90.69,2042,56.33,2.55,14.33,79.66,8.45,50.69,1001.5,1
621,78.51,700,54.74,3.21,12.36,68.12,7.37,54.33,4596.6,0
622,93.66,2335,54.11,2.57,13.45,87.75,10.36,77.6,8556.2,0
623,110.58,2456,49.64,0.46,14.16,101.65,10.43,93.93,5740.9,0
624,104.15,2173,54.27,2.84,13.51,92.85,11.17,71.12,5251.3,0
625,107.12,1742,41.37,2.18,14.19,96.63,10.97,68.68,3724.5,1
626,81.87,765,60.06,0.54,13.65,73.28,7.52,84.92,729.7,0
627,76.12,2461,53.4,1.31,13.54,66.56,9.56,52.47,7687.5,0
628,86.49,3219,50.54,3.78,13.49,71.1,11.35,84.89,5750.6,0
629,88.67,1786,56.72,1.77,13.69,78.15,8.71,64.08,9316.6,0
630,101.13,2508,45.29,1.95,12.89,94.08,8.79,69.15,4376.5,0
631,67.69,1102,68.47,2.02,12.16,59.91,7.91,44.12,4074.8,0
632,106.35,2520,53.22,2.17,13.96,101.52,11.95,29.04,9746.0,1
633,86.1,1925,54.27,2.5,14.13,71.06,9.24,60.24,1497.5,0
634,82.88,1666,49.89,2.14,13.4,70.07,6.21,58.78,2598.4,0
635,75.85,1668,55.86,1.34,12.76,67.61,8.0,40.3,4932.8,1
636,68.14,1924,63.57,2.01,11.95,53.6,9.88,51.41,5283.1,0
637,97.88,2468,60.2,3.01,13.27,87.98,8.93,38.97,5532.3,0
638,88.88,1281,61.54,2.16,12.12,82.17,9.39,32.02,2199.9,0
639,72.52,1922,58.51,2.35,12.01,61.8,8.41,43.71,9275.8,0
640,72.46,2171,52.58,4.08,13.18,63.26,9.29,28.26,7064.7,0
641,83.97,1431,47.44,2.78,12.59,73.46,7.79,38.71,2658.6,0
642,108.03,3458,50.74,3.79,13.48,104.14,11.13,76.82,3012.5,0
643,84.88,1603,54.38,2.14,13.07,79.32,10.62,80.54,8815.5,0
644,69.96,1731,61.92,2.51,12.71,57.5,9.55,93.7,3865.5,1
645,85.05,1515,57.83,1.89,11.84,71.97,9.55,42.89,5608.0,1
646,84.73,3459,61.76,3.73,12.52,72.48,12.77,86.56,1292.2,0
647,55.64,2587,61.19,2.63,12.55,45.0,9.96,64.05,2592.2,0
648,87.35,1544,53.16,2.42,12.22,77.62,10.03,46.32,4224.1,0
649,85.23,2974,42.28,3.02,12.94,75.71,10.17,67.69,6595.8,0
650,96.35,2340,62.56,2.59,12.28,91.09,12.06,77.89,2874.2,0
651,110.19,2380,62.25,4.97,13.07,103.93,12.5,46.11,9512.5,1
652,101.52,1959,46.79,1.9,13.39,99.48,10.47,43.13,2280.1,0
653,84.77,1675,64.71,1.76,12.54,77.74,8.66,43.66,7811.2,0
654,74.72,2436,56.48,3.2,13.54,72.9,8.33,43.88,3709.5,0
655,118.88,1818,56.12,1.89,12.11,107.64,10.69,76.69,8350.7,1
656,88.71,3472,61.72,2.88,12.31,79.55,13.86,47.35,9238.7,0
657,88.17,1311,64.43,1.27,13.11,86.25,7.19,37.92,1951.5,0
658,87.71,3275,56.34,3.42,13.75,80.28,12.73,67.68,4965.6,1
659,90.38,2122,57.56,2.91,13.89,76.47,9.31,59.14,1628.2,0
660,86.27,2409,57.87,2.38,14.49,78.64,9.7,48.06,7087.7,0
661,81.12,2783,51.06,3.37,12.9,76.11,9.13,92.17,8339.2,0
662,81.44,1759,55.17,0.85,13.1,78.79,8.11,39.74,3955.7,0
663,87.61,2805,47.96,2.25,12.37,84.87,11.57,55.21,4027.8,1
664,81.48,700,55.62,1.86,12.2,71.87,8.35,7.46,2118.0,0
665,79.45,1696,53.44,1.38,13.38,72.75,9.13,45.88,3134.7,0
666,89.28,1553,52.06,0.85,12.58,82.33,8.38,24.66,3306.5,1
667,84.94,1323,57.18,1.9,14.19,78.23,7.16,31.41,1640.2,0
668,106.05,2050,52.83,3.03,12.03,98.47,10.39,14.98,3168.5,1
669,56.19,2470,57.25,3.69,13.59,51.87,8.76,38.77,9081.8,0
670,101.1,2692,43.79,2.32,12.4,92.15,11.35,56.45,3321.3,0
671,102.95,2369,53.47,3.2,12.54,99.22,10.3,51.13,2816.9,0
672,63.12,1734,56.45,2.84,13.63,57.39,7.98,43.91,3908.0,0
673,83.89,2458,52.23,3.63,12.66,72.86,10.34,50.05,9606.7,0
674,83.54,2287,53.4,2.3,12.79,74.41,10.3,45.42,7669.3,0
675,71.11,2855,43.86,1.4,12.55,61.05,11.77,58.24,2097.2,0
676,78.67,2744,55.69,2.84,14.63,64.22,9.99,56.06,7550.3,0
677,74.67,2221,58.5,1.74,12.71,66.85,10.13,60.63,7685.7,0
678,109.03,1572,58.67,1.68,13.24,100.96,11.86,47.21,9506.4,0
679,99.23,1743,61.66,2.09,13.04,92.02,10.3,43.58,8921.8,0
680,103.26,1815,56.47,2.1,13.38,96.59,11.26,68.26,1042.4,0
681,96.66,1979,57.84,2.55,12.71,91.69,9.13,65.73,4600.3,1
682,74.45,2388,55.22,3.19,13.04,66.2,8.85,55.48,7059.6,0
683,81.71,2701,57.74,2.47,13.52,72.64,10.24,81.91,9736.4,0
684,93.87,2164,45.15,2.84,12.51,84.64,9.99,56.44,943.0,0
685,73.33,2211,49.29,2.56,14.07,65.14,10.69,51.84,3745.5,0
686,96.56,2300,63.85,3.33,14.15,85.78,9.48,54.23,4973.0,1
687,85.12,1839,40.56,2.23,13.69,77.03,9.16,56.14,4191.1,1
688,83.5,1552,55.06,2.19,13.26,76.73,10.07,32.77,4612.2,1
689,96.53,971,64.02,1.7,10.81,91.31,8.62,10.15,3754.1,0
690,93.33,1713,54.96,2.19,13.54,89.98,9.35,57.71,9709.2,1
691,83.67,2531,51.52,2.06,12.89,71.29,10.54,73.67,8052.1,0
692,101.91,1708,56.26,1.61,13.0,96.01,8.3,32.03,7392.9,1
693,75.03,2034,52.87,3.09,11.68,69.8,7.83,75.46,4165.9,0
694,95.39,2527,54.07,1.82,13.59,88.64,8.75,24.03,8827.1,0
695,95.12,2564,49.71,2.45,12.04,87.95,10.95,46.01,1024.1,0
696,84.29,1444,62.77,3.01,13.29,71.37,9.74,84.59,1519.8,0
697,91.91,2898,61.7,2.57,13.92,84.9,12.01,66.31,9545.2,0
698,72.99,2989,52.29,3.56,12.82,57.09,11.94,53.69,5713.2,0
699,99.09,1409,47.78,1.71,14.17,90.9,10.85,55.3,1678.6,0
700,85.78,1623,52.61,1.44,12.6,71.61,9.14,75.47,9496.5,0
701,81.73,3034,51.85,1.64,13.68,71.05,10.86,31.1,9750.9,0
702,100.59,2097,57.75,3.54,12.16,91.5,11.96,80.74,8826.8,0
703,79.55,700,51.58,1.09,14.02,66.81,6.52,36.2,2461.7,0
704,71.1,1220,52.03,2.7,13.9,59.73,6.43,63.29,2857.1,1
705,69.32,2025,58.11,1.66,13.57,59.42,8.58,41.67,4129.0,1
706,95.27,1386,61.8,3.23,12.89,80.32,8.39,83.79,5835.3,0
707,72.63,1911,51.52,4.18,12.08,66.13,8.99,52.64,9922.6,0
708,109.06,2223,46.41,1.2,12.89,104.04,9.66,28.56,9565.7,0
709,63.02,3224,72.39,2.13,14.09,57.05,11.01,70.54,9219.3,0
710,108.36,1997,59.57,3.07,13.3,95.1,9.63,79.8,983.8,0
711,90.53,2951,51.46,3.29,11.96,78.18,12.59,83.27,7595.9,1
712,86.84,3200,57.8,3.61,12.3,80.42,9.93,62.87,8780.8,0
713,81.46,3204,51.87,2.53,14.2,80.52,11.01,77.27,3399.5,0
714,92.79,2399,59.36,4.22,13.59,85.41,9.97,47.76,2273.8,0
715,87.55,826,58.29,2.09,12.21,82.59,8.1,58.57,7509.6,0
716,101.24,2523,54.41,1.71,11.79,94.72,11.96,64.19,999.3,0
717,89.37,2934,52.42,2.67,12.7,84.53,11.37,1.5,9414.5,0
718,89.8,2143,46.0,1.55,11.72,86.63,9.73,34.65,1645.2,0
719,83.64,3421,63.79,4.36,13.08,69.99,12.41,66.48,4629.6,0
720,87.32,2802,47.73,2.28,15.0,81.37,11.8,61.91,9829.7,0
721,91.69,2598,45.6,3.11,11.92,79.46,10.95,56.81,9883.4,1
722,67.48,2960,51.91,2.51,13.05,60.14,10.79,61.35,7782.3,0
723,71.82,2433,48.44,2.15,14.25,67.21,10.46,80.55,8408.0,0
724,96.92,700,57.22,0.47,13.8,87.39,5.99,53.08,9675.0,0
725,90.05,1851,59.4,2.86,13.08,83.22,9.03,6.25,9281.6,0
726,85.79,3038,58.89,3.96,13.08,78.41,11.54,98.98,6258.9,0
727,88.22,1635,60.6,1.55,12.28,79.79,8.71,13.48,7372.7,0
728,92.17,2044,53.04,1.23,12.99,86.61,9.47,73.22,5978.4,0
729,81.52,1469,56.38,2.85,13.39,78.39,9.03,19.33,5114.3,0
730,78.66,3449,54.59,1.78,14.08,70.81,11.93,90.96,8820.2,0
731,90.35,3377,41.67,4.05,12.7,79.46,12.31,56.5,7406.4,0
732,76.26,1581,59.31,1.54,13.05,70.96,7.62,58.97,8612.2,1
733,92.9,2303,45.6,1.7,12.44,84.44,8.53,15.9,1049.5,0
734,67.57,1724,67.9,2.52,13.38,55.05,9.44,66.73,5807.2,0
735,100.35,2630,51.22,1.9,13.83,92.62,10.09,65.91,3362.2,0
736,93.67,2557,52.73,2.13,13.7,85.41,9.66,69.49,5182.6,1
737,91.07,2768,48.81,3.08,12.26,82.91,9.78,77.4,6168.4,0
738,99.79,2432,50.27,0.7,13.32,93.84,12.05,59.96,8473.0,1
739,107.99,4255,64.0,4.78,12.66,102.97,13.94,63.11,415.6,0
740,100.17,1480,61.59,2.25,14.01,95.14,9.66,34.46,1723.4,0
741,65.91,1003,47.81,0.97,13.07,56.8,8.16,38.95,9222.3,0
742,72.65,1925,64.25,1.6,11.98,62.37,8.9,77.48,9676.0,0
743,80.5,1102,63.98,2.84,13.02,70.09,9.21,31.66,648.7,1
744,88.31,1155,54.98,2.55,13.57,81.45,6.91,11.87,3384.7,0
745,94.21,1499,57.79,3.33,13.4,82.93,7.77,31.04,196.3,0
746,79.29,1554,55.84,1.7,12.79,70.37,7.26,63.25,7598.7,1
747,90.24,1532,67.74,2.48,12.73,82.03,9.49,44.93,6851.2,0
748,78.94,2563,49.13,3.04,12.41,80.95,10.74,69.27,5691.6,1
749,80.66,1846,56.21,2.94,12.88,75.11,8.55,12.86,6947.4,0
750,71.12,2074,52.37,3.39,12.52,67.68,8.85,0.0,5424.1,0
751,76.92,2826,44.8,2.25,13.98,67.04,11.98,64.04,2464.5,0
752,71.78,1664,68.9,2.21,12.48,63.49,7.7,71.88,7567.9,0
753,76.29,2015,47.93,1.97,13.3,71.51,9.57,19.67,7854.4,1
754,100.64,2456,55.31,2.61,13.24,91.73,9.91,67.06,8556.6,0
755,76.61,841,46.92,2.56,13.96,72.88,8.78,70.65,9545.4,0
756,119.59,700,55.0,0.68,14.07,114.72,9.51,45.91,7500.7,0
757,93.92,2442,56.59,3.54,13.76,88.05,8.8,74.48,640.0,0
758,90.22,2544,48.93,1.78,13.48,80.6,10.19,60.87,306.3,0
759,77.7,3645,55.27,2.94,12.36,65.5,9.22,58.41,7424.7,0
760,96.4,2311,52.7,3.58,12.34,90.16,11.45,72.08,654.9,0
761,81.09,2774,60.44,3.06,12.52,69.12,12.98,96.7,3227.9,0
762,89.46,2063,63.02,2.75,13.8,81.32,7.13,43.02,1448.0,0
763,118.72,2408,50.46,1.69,13.26,110.01,9.58,54.49,9692.1,0
764,86.85,3367,52.72,2.23,13.89,79.04,11.82,42.19,3232.3,0
765,101.79,713,58.57,2.75,14.0,94.38,8.14,49.18,646.0,0
766,79.56,2490,57.77,2.2,12.62,70.24,9.55,53.61,9501.1,0
767,87.58,3695,51.68,2.82,13.23,77.36,10.05,87.14,6126.6,0
768,109.25,2397,55.2,3.4,13.19,103.9,11.33,84.58,457.5,1
769,80.48,3355,50.86,2.22,12.94,73.04,12.44,77.69,8350.3,1
770,109.75,1760,56.02,2.56,12.77,96.74,13.42,73.29,1610.0,1
771,96.49,2178,62.36,2.56,14.15,87.96,11.74,40.77,8044.1,0
772,81.25,2223,58.45,2.55,13.24,72.39,8.15,36.04,6067.2,0
773,95.59,700,61.74,1.59,13.21,84.09,7.91,54.74,1853.4,1
774,99.67,1382,60.49,1.71,12.56,93.17,9.8,50.49,7550.7,0
775,95.46,1432,55.15,1.33,13.74,87.56,8.19,90.38,4599.6,0
776,69.16,2775,55.46,3.19,12.4,58.71,11.04,20.02,6417.2,0
777,79.27,2811,46.9,2.28,13.56,67.56,11.36,71.05,8708.2,0
778,85.03,2427,61.76,3.42,13.59,84.13,11.63,68.42,2677.0,0
779,87.11,2777,36.74,2.62,12.87,81.32,11.7,43.22,3723.1,0
780,95.45,2085,54.24,1.64,13.45,90.44,10.34,34.96,9973.0,1
781,90.13,3041,59.73,2.73,13.35,82.5,10.48,53.26,5130.3,0
782,71.98,2206,46.48,2.21,13.17,66.74,7.8,22.21,5629.2,0
783,92.56,2241,56.87,3.37,13.21,82.57,10.39,84.39,2925.8,0
784,95.33,2014,50.83,2.16,13.25,86.81,9.4,107.9,4218.7,0
785,94.72,2679,51.37,2.53,13.3,84.05,10.49,51.05,5065.4,1
786,100.97,1905,60.77,3.54,13.25,90.11,11.26,40.45,2658.6,0
787,98.01,2884,54.34,3.25,12.32,87.97,12.92,32.88,2457.6,0
788,93.51,1407,43.93,3.51,13.08,86.52,7.43,28.32,6044.6,1
789,87.16,1431,50.27,3.2,13.41,78.85,8.47,38.6,1918.1,0
790,68.07,2681,59.59,2.05,13.28,61.45,9.41,82.06,5579.2,1
791,93.16,2138,57.37,3.3,13.96,89.25,10.37,118.49,7091.5,0
792,90.49,1882,65.69,3.62,13.7,79.63,6.8,38.64,2062.8,0
793,91.26,2823,63.41,4.05,12.5,83.51,9.2,40.7,7484.2,0
794,72.68,1775,53.47,3.14,13.07,69.19,8.59,29.09,3660.9,0
795,75.03,2060,69.96,3.25,12.95,65.42,10.18,63.17,9925.8,1
796,100.64,3179,52.69,2.74,13.2,93.31,11.91,67.76,9792.9,0
797,87.53,3277,46.65,2.35,13.2,85.7,12.31,63.48,8006.1,0
798,96.18,3301,48.53,2.75,13.69,92.3,12.08,52.72,3492.9,0
799,88.34,2003,41.43,1.12,13.34,82.44,11.15,81.0,9378.4,1
800,88.36,3061,62.5,4.0,14.18,79.73,12.99,75.45,9987.9,0
801,99.26,1536,65.41,2.01,13.39,88.9,8.39,65.43,4676.6,0
802,81.81,1565,49.8,3.29,12.54,71.55,9.8,58.6,6184.4,0
803,89.15,700,56.21,1.01,12.83,79.34,8.31,42.21,159.3,0
804,82.45,3371,52.85,3.93,13.68,74.56,14.47,47.72,531.0,1
805,82.79,1595,50.06,1.87,11.91,69.62,7.86,61.77,5055.9,1
806,84.29,2111,44.25,1.47,12.12,74.19,9.5,62.93,6132.2,0
807,90.67,1563,54.58,3.55,13.21,82.0,7.8,62.52,3192.7,1
808,82.26,2687,51.72,3.64,13.96,72.56,9.27,26.63,1081.4,1
809,103.07,1937,52.69,2.59,14.25,96.27,10.5,60.21,7844.5,1
810,77.26,1287,57.81,2.16,13.03,69.44,8.41,43.35,4245.7,0
811,85.76,2509,62.55,3.03,14.05,84.0,10.94,39.28,6523.6,0
812,82.72,1196,54.8,2.24,13.26,75.88,8.84,63.55,6537.0,1
813,105.36,1614,56.67,1.64,11.97,92.08,9.35,55.03,5513.7,0
814,90.36,725,61.88,1.67,13.19,81.91,7.48,93.23,1867.0,0
815,100.38,1203,59.83,3.66,12.7,92.06,7.68,58.71,6199.2,0
816,70.17,2325,50.75,4.73,13.93,59.18,8.63,49.81,3288.6,0
817,91.2,825,57.89,3.25,13.18,82.13,7.89,44.58,8209.3,0
818,98.68,1163,59.88,2.46,12.18,93.04,8.96,25.34,2012.6,1
819,88.99,2198,47.81,2.27,12.0,80.92,10.79,79.61,2982.4,1
820,100.79,1819,62.85,1.73,13.18,96.19,10.51,59.02,4459.0,1
821,81.79,3594,60.42,2.58,11.26,73.24,13.65,70.01,7426.1,0
822,104.91,3484,47.58,2.68,12.79,99.43,11.26,41.42,7235.4,0
823,115.59,1592,56.79,3.99,13.38,104.8,9.68,66.93,3437.4,0
824,83.65,2590,57.68,4.16,12.35,77.18,9.28,38.63,5156.4,0
825,82.65,2724,50.29,3.37,14.0,77.13,12.04,47.07,2418.9,0
826,105.44,1782,58.2,1.58,14.15,97.78,9.29,55.0,7726.6,1
827,106.95,1153,57.54,2.78,12.39,97.86,10.38,37.1,2047.4,0
828,81.73,2191,45.83,2.35,12.96,77.35,11.42,39.1,8211.5,1
829,82.96,2079,57.61,0.76,14.0,76.52,10.04,53.27,9375.0,1
830,84.62,1895,48.61,2.63,13.2,76.3,9.68,73.37,9917.0,0
831,71.87,2510,59.69,2.01,12.08,59.85,9.85,74.76,8583.9,0
832,76.98,1674,51.67,1.66,13.09,76.56,8.35,66.0,2294.8,0
833,75.95,1394,55.3,1.98,12.52,66.1,7.75,59.89,4223.5,0
834,78.79,2276,62.72,2.18,14.09,71.94,9.52,45.95,979.5,0
835,87.58,2470,57.02,2.63,13.68,81.07,12.48,79.04,1729.1,0
836,90.81,1376,49.74,2.1,12.95,84.85,7.52,15.34,592.0,0
837,106.61,2850,47.08,1.33,13.31,99.7,11.78,67.57,6446.8,0
838,76.02,961,53.54,3.22,12.15,66.16,8.48,64.39,5378.6,0
839,99.81,1795,57.69,1.57,12.6,93.42,9.37,50.77,9178.4,0
840,85.43,2019,57.11,1.7,14.44,72.46,10.04,39.47,4683.8,0
841,87.41,1755,50.42,2.08,13.24,77.53,7.41,51.59,6458.8,0
842,96.1,1804,48.32,2.28,13.94,87.5,11.19,37.47,4075.8,0
843,74.53,3510,53.73,4.3,13.39,67.03,12.76,73.14,8311.6,0
844,92.59,1604,54.65,2.49,14.25,81.02,9.05,70.34,9271.1,1
845,90.0,3909,64.1,3.76,11.6,77.99,11.48,74.19,4374.1,0
846,93.91,2506,54.15,2.9,13.05,89.39,11.52,64.58,918.7,1
847,91.47,2264,65.32,2.75,14.52,85.58,8.75,70.59,1719.0,0
848,117.46,2533,46.72,2.94,13.96,107.56,10.23,74.52,7233.4,0
849,80.35,3971,41.65,1.79,14.26,69.54,12.23,50.06,3320.1,0
850,81.63,1504,49.29,2.03,13.19,74.53,10.46,20.07,7875.3,0
851,80.52,1416,63.33,3.12,12.77,74.75,9.24,55.85,7522.6,0
852,81.33,1672,66.22,5.46,12.38,73.1,8.1,70.32,6973.6,0
853,80.35,2223,49.89,1.59,12.32,67.92,7.65,23.52,8160.7,0
854,102.27,992,54.15,2.34,13.85,94.15,8.64,49.13,7589.9,1
855,105.05,2216,47.43,2.09,13.61,100.84,10.83,77.66,6362.6,0
856,81.15,3385,41.38,4.71,13.15,72.82,11.36,59.78,141.8,0
857,78.01,2306,58.74,1.5,13.61,67.66,11.88,86.06,5205.2,0
858,93.66,1995,56.3,2.95,13.31,85.96,9.64,80.45,5993.0,0
859,81.37,1767,55.55,1.22,13.97,69.6,6.29,48.75,9610.4,0
860,95.6,2829,44.88,2.57,13.96,85.0,10.63,51.42,6539.8,0
861,90.44,1622,65.56,2.25,12.35,82.62,9.67,44.54,5797.2,0
862,69.81,3492,49.09,3.98,13.42,61.68,11.67,65.45,5457.8,0
863,106.57,3553,54.97,2.29,11.86,104.1,12.37,39.65,1122.6,0
864,109.55,2380,45.37,3.15,13.31,97.92,10.52,28.91,4333.4,0
865,80.65,2192,53.5,2.55,13.68,73.64,7.24,9.52,1430.1,0
866,83.35,2921,54.92,3.08,12.15,76.55,10.93,58.91,621.7,0
867,91.43,2966,54.99,3.65,12.87,85.08,10.77,100.38,3361.7,1
868,92.01,1636,56.61,1.26,13.21,82.64,9.5,11.8,6489.9,0
869,95.9,1831,58.24,3.02,13.39,91.29,10.22,49.11,8681.3,0
870,112.12,1274,49.51,1.67,12.98,107.07,10.85,45.16,8122.6,0
871,85.88,2486,55.21,3.55,12.26,78.03,9.11,53.68,3017.4,1
872,78.42,2667,54.39,3.02,13.16,72.3,8.72,82.94,555.4,0
873,71.45,1255,57.96,1.95,11.88,62.44,7.22,31.56,4086.5,0
874,79.23,1881,55.71,1.92,13.01,73.0,8.24,14.16,3216.3,1
875,87.6,1257,48.83,2.77,12.85,74.82,7.49,38.66,3775.5,0
876,109.53,1571,47.8,3.27,13.09,99.45,11.45,37.87,5635.1,0
877,81.79,2586,40.56,2.29,12.75,71.75,10.44,12.7,401.1,0
878,90.69,1687,60.5,1.4,11.99,84.5,11.6,56.83,3771.0,1
879,87.8,1989,59.97,3.0,12.91,72.59,9.58,30.02,5630.5,0
880,102.26,1061,61.84,0.87,13.94,95.58,7.29,46.5,4366.6,1
881,118.32,2331,55.98,1.55,14.21,112.46,10.19,48.53,6705.6,1
882,81.63,2169,41.88,1.68,15.0,71.51,10.86,33.33,1942.7,0
883,82.13,1690,49.48,1.98,14.55,73.54,7.57,69.75,1622.9,0
884,100.53,2068,55.79,1.41,12.24,94.99,10.81,48.58,3148.0,0
885,96.18,2326,55.09,1.05,12.87,81.6,9.95,56.84,1107.1,0
886,110.16,1630,54.25,1.37,13.18,99.23,8.71,63.31,2439.0,0
887,95.01,1167,58.82,2.59,13.13,87.0,10.26,54.57,960.4,1
888,83.69,3464,52.15,2.09,13.26,68.49,10.94,65.48,4079.6,0
889,95.09,1757,56.15,2.07,15.0,84.66,8.5,35.86,7143.4,1
890,101.3,2132,50.8,4.07,12.33,93.34,10.17,32.35,2936.7,0
891,97.85,2908,59.0,2.82,12.63,83.0,10.7,62.4,136.9,0
892,94.09,4670,47.02,3.93,14.52,84.11,16.48,50.58,5615.0,0
893,100.8,1329,48.26,1.39,12.71,90.95,10.32,65.66,6950.2,0
894,102.03,2515,49.24,4.41,13.51,95.19,10.16,54.3,3974.0,1
895,104.59,1705,53.38,1.88,14.03,96.44,9.17,65.0,3040.3,1
896,95.78,1823,61.25,2.19,13.59,89.02,7.19,33.02,4957.3,0
897,85.99,1696,55.35,3.37,13.35,73.68,9.24,29.15,1102.3,0
898,89.76,1412,55.03,2.04,13.95,86.59,7.89,83.85,6474.9,1
899,102.48,2171,47.06,2.57,12.49,90.38,10.47,51.84,7359.6,0
900,78.2,1168,61.42,1.85,12.8,72.83,5.65,67.07,7075.8,0
901,92.42,2863,49.32,2.62,13.63,84.6,11.02,30.74,3353.8,0
902,83.28,2239,53.93,2.85,11.54,76.17,11.84,49.57,8442.8,0
903,88.34,2496,62.87,3.12,14.33,81.91,10.43,82.82,9473.8,0
904,103.34,1874,58.2,1.88,13.44,93.27,9.02,21.75,3041.0,0
905,90.29,1943,45.31,1.81,13.32,82.31,9.58,98.96,2700.9,0
906,88.56,2401,43.56,2.14,11.9,82.56,10.15,60.26,7070.6,0
907,71.68,1385,55.92,1.05,12.17,63.22,10.74,33.73,7112.0,0
908,96.96,1949,47.75,1.15,12.88,91.04,9.44,60.54,5153.1,0
909,95.75,1598,59.63,2.51,13.85,89.36,7.83,73.57,9240.9,0
910,113.96,1577,55.93,3.01,11.54,110.45,9.9,34.75,1548.5,1
911,84.31,723,58.55,2.7,13.83,77.66,7.8,32.5,4825.9,0
912,90.63,3138,48.45,1.06,12.91,81.15,12.08,65.61,448.5,1
913,90.99,1719,65.97,2.13,13.02,82.88,10.2,61.38,621.3,0
914,106.93,3014,69.9,2.02,13.4,93.48,14.14,55.92,631.5,0
915,86.86,2948,51.42,2.99,13.42,71.02,10.27,67.54,4968.7,1
916,91.35,1300,58.48,1.8,12.63,84.74,7.85,66.67,5930.7,1
917,95.29,1438,56.65,2.67,13.7,89.79,6.79,53.89,134.5,1
918,90.24,3992,49.43,3.33,11.34,78.85,13.47,51.92,6362.2,0
919,82.64,3426,47.17,1.57,12.84,73.64,10.49,61.94,4948.0,1
920,90.33,2178,48.1,1.76,13.32,78.92,11.02,89.99,2315.6,0
921,100.88,2380,47.33,2.63,12.92,91.69,10.04,62.74,249.5,1
922,75.68,1758,57.97,2.41,11.74,68.26,10.88,77.16,1645.4,0
923,89.6,2503,50.85,1.55,13.81,82.16,8.69,46.53,6043.3,0
924,79.6,1698,40.17,1.08,12.2,70.3,10.09,57.24,6622.5,0
925,102.34,777,60.01,2.04,13.15,94.97,9.36,62.35,6505.9,0
926,69.72,1275,56.31,1.0,13.32,58.06,8.51,79.4,1616.3,0
927,81.29,2215,62.67,1.21,13.22,77.2,8.35,79.64,9121.0,0
928,92.53,1408,58.38,1.83,14.14,80.88,9.51,27.86,4168.4,0
929,106.79,2153,45.69,2.13,13.16,104.41,10.64,77.75,7703.3,0
930,87.21,1448,42.71,1.5,13.54,78.78,6.55,84.21,1748.2,0
931,81.34,1652,51.4,1.73,13.16,74.33,10.72,40.22,4758.6,0
932,110.57,2797,49.5,2.82,13.69,107.12,11.18,40.69,5263.1,0
933,70.62,2373,60.0,2.04,14.31,68.8,11.33,55.55,7726.5,1
934,61.61,2193,54.7,2.59,13.31,56.91,8.89,58.55,6253.0,0
935,93.28,2815,60.12,2.51,13.83,85.14,12.19,51.69,4053.1,0
936,81.98,2536,46.0,2.83,14.36,75.78,9.17,33.28,2896.9,1
937,75.75,3213,58.42,3.7,14.29,70.87,11.25,90.52,9732.3,0
938,96.5,1878,59.5,3.07,12.89,84.44,9.89,35.87,2916.8,1
939,90.93,1899,43.06,3.44,14.03,86.62,9.17,43.06,1381.8,0
940,81.23,1289,64.38,2.8,13.4,71.19,7.26,51.72,3074.1,0
941,72.64,1900,55.84,2.6,14.09,67.3,5.24,23.75,3336.7,1
942,98.47,2875,55.52,2.5,13.65,93.84,10.27,28.07,1365.8,0
943,95.8,3110,47.53,2.64,13.42,89.61,12.38,51.83,7110.6,0
944,86.81,2872,60.9,2.14,13.55,76.95,9.2,75.55,6229.7,1
945,110.16,944,49.85,2.0,13.4,106.27,7.37,51.22,3234.5,1
946,75.16,2958,58.14,3.44,13.44,66.3,8.87,18.36,9930.7,0
947,69.69,913,62.19,1.42,13.07,64.58,7.58,75.07,6584.6,0
948,79.7,2829,47.53,2.79,13.0,74.04,9.49,74.72,7061.5,0
949,87.45,1943,67.0,1.88,14.61,78.25,10.96,57.28,5616.1,0
950,90.92,2692,54.97,2.93,13.58,76.4,11.63,61.23,5560.6,1
951,85.11,1267,60.39,1.68,12.74,79.84,8.64,62.87,298.2,1
952,92.22,3020,43.75,2.32,12.98,82.07,11.65,106.45,7732.0,0
953,72.98,1175,69.43,1.53,14.05,65.92,6.93,66.46,9116.3,0
954,105.33,1732,48.07,2.73,12.61,98.75,8.89,58.12,1310.4,0
955,87.01,1501,62.13,2.15,12.01,75.8,9.68,26.27,7976.7,0
956,101.41,972,50.99,1.66,12.07,95.94,9.63,50.92,5389.6,0
957,92.11,2266,50.71,2.78,11.82,87.58,10.99,70.86,2924.6,0
958,93.48,3464,56.75,2.78,12.16,84.1,11.43,60.28,9216.8,0
959,94.84,4067,56.97,4.28,12.26,82.05,12.47,55.75,272.0,0
960,93.37,2268,46.79,1.79,14.31,83.12,9.08,66.48,2813.2,1
961,95.71,2982,59.52,2.74,13.16,91.93,12.27,39.93,8873.9,0
962,103.95,2362,60.43,1.49,12.91,97.8,8.35,73.33,4862.0,0
963,90.36,2549,48.24,2.42,12.05,79.42,7.87,48.38,6029.3,0
964,96.51,1960,64.6,1.09,13.09,83.76,7.44,11.11,7522.7,0
965,86.92,2337,45.57,3.2,11.81,78.24,7.5,46.72,1564.9,0
966,105.28,2576,49.98,3.32,12.9,99.02,12.7,56.11,2230.2,0
967,79.88,1795,58.31,2.99,14.85,66.95,9.96,63.62,9986.4,0
968,109.61,2146,49.44,2.54,13.73,101.84,9.14,63.42,2450.8,0
969,87.52,2159,56.25,1.82,13.03,81.34,9.7,28.95,5438.1,1
970,70.83,2778,54.97,2.16,13.76,65.16,11.93,60.91,3057.2,0
971,89.54,1454,54.94,3.43,12.78,85.12,9.44,39.84,8529.1,0
972,79.83,2164,59.7,3.67,12.56,63.33,12.1,47.58,9621.4,1
973,98.09,3538,50.47,3.24,14.56,85.82,12.13,43.07,1498.8,0
974,80.17,3015,54.39,2.49,12.29,74.14,10.07,58.87,6045.7,0
975,82.65,3144,59.6,4.06,12.92,69.45,9.84,123.32,8134.6,0
976,65.33,2217,59.43,1.99,13.44,55.73,9.17,92.23,8248.0,0
977,82.57,2425,58.88,2.82,12.45,73.15,11.18,36.37,4460.4,0
978,58.91,2902,46.46,3.94,13.72,53.07,10.06,60.53,2331.2,0
979,68.99,3292,55.66,2.36,12.95,62.54,10.45,55.27,3932.7,0
980,97.12,834,51.99,2.66,13.73,89.25,9.68,49.64,7536.4,0
981,97.43,1279,48.68,2.54,13.67,95.33,9.49,67.8,9938.4,0
982,93.11,3117,52.29,2.92,13.01,86.57,11.32,57.91,5587.5,1
983,76.4,2006,49.61,1.66,14.57,68.38,8.29,39.59,2031.7,0
984,87.43,1730,60.27,1.75,12.67,75.5,8.87,75.31,515.2,0
985,87.96,1322,61.23,2.38,14.28,81.81,9.15,25.05,9442.5,0
986,74.1,1811,44.03,1.23,14.14,63.66,7.9,56.46,4882.0,0
987,106.04,1218,51.47,2.2,14.62,104.22,7.58,19.39,7194.3,0
988,98.53,3664,42.83,3.63,13.34,87.03,11.89,43.26,6635.8,0
989,85.35,2184,51.85,3.32,12.57,80.05,9.73,69.8,8919.6,1
990,88.32,2159,57.39,1.4,14.86,79.93,11.49,41.17,2734.3,1
991,90.5,2612,52.29,3.78,12.93,81.28,9.22,19.94,4473.0,1
992,63.5,2874,49.84,4.2,12.55,54.87,10.33,44.59,9144.8,0
993,85.03,2862,61.08,3.17,13.05,77.35,10.46,42.38,5897.2,1
994,79.82,2952,39.3,2.05,12.41,75.54,10.47,34.26,806.5,0
995,75.98,1758,62.96,2.08,13.62,70.65,10.67,63.35,2025.4,0
996,84.63,1991,51.75,2.41,12.72,73.64,9.57,22.81,2448.4,1
997,109.57,2738,52.91,3.0,12.97,103.36,10.37,46.47,9938.5,0
998,95.69,1831,52.11,2.39,13.97,88.0,10.69,55.45,2319.0,0
999,81.15,2196,63.89,2.76,13.7,77.62,10.64,48.12,8709.9,0
1000,94.87,2479,46.6,2.59,13.21,84.3,9.36,48.59,873.1,0
1001,104.79,2750,53.45,3.0,13.34,100.75,9.89,43.84,1899.0,1
1002,99.1,956,60.17,1.63,13.21,88.35,8.92,23.16,8733.3,0
1003,88.72,2700,43.91,2.49,12.86,83.9,10.64,45.27,8999.5,0
1004,80.24,2036,49.44,2.01,13.2,69.19,8.82,67.17,1844.3,0
1005,96.38,2695,52.65,4.3,13.59,88.35,12.21,49.29,2375.5,0
1006,92.72,2744,48.15,3.96,13.1,86.4,10.18,61.6,5352.6,0
1007,98.74,3326,47.37,3.49,13.54,85.94,12.48,84.1,621.6,0
1008,95.62,3147,50.54,4.03,12.53,87.83,13.0,72.68,9458.3,0
1009,100.59,3143,56.52,3.6,12.72,93.68,11.35,35.13,3684.6,1
1010,81.58,3211,50.54,3.14,12.61,70.85,9.0,70.02,4944.0,1
1011,103.81,2404,60.55,1.43,12.75,100.25,10.28,77.18,1140.0,0
1012,90.37,2223,48.54,2.34,14.23,89.95,10.25,43.49,422.2,0
1013,112.9,2811,45.7,2.55,13.78,101.43,12.9,26.95,4731.4,1
1014,79.73,2712,65.16,1.86,12.34,74.24,9.76,49.26,1304.5,0
1015,108.83,1984,50.94,1.25,13.55,98.24,12.38,57.46,6340.2,0
1016,90.37,2483,46.14,3.06,12.89,82.24,8.85,68.55,7965.4,0
1017,80.18,2175,44.23,2.79,12.65,75.67,9.79,44.44,413.5,0
1018,82.19,1602,62.26,1.34,12.01,72.37,8.52,10.7,6161.0,0
1019,84.16,3103,50.75,2.35,13.98,77.39,12.74,34.89,8174.7,0
1020,93.09,2239,52.95,3.49,12.11,88.32,8.37,62.43,4450.3,1
1021,94.27,3634,50.72,2.48,13.16,89.43,12.79,103.42,9601.1,0
1022,81.12,1062,62.98,2.16,12.44,78.31,7.66,47.73,1200.8,0
1023,87.71,1810,54.29,2.21,13.82,78.5,11.15,78.92,3297.5,0
1024,113.71,2223,68.45,2.96,12.93,108.51,9.84,34.0,2377.7,1
1025,108.73,2996,53.67,2.21,13.09,100.83,12.32,46.82,9962.3,0
1026,93.24,2480,60.36,2.74,13.12,85.78,9.5,9.87,3012.3,0
1027,88.46,2417,58.98,2.77,13.44,83.28,10.47,63.7,3940.5,0
1028,89.44,1411,55.93,2.37,13.21,86.01,8.33,32.39,8491.4,0
1029,95.36,1390,52.64,2.24,13.17,79.76,8.49,62.12,9306.6,0
1030,75.73,2426,56.2,2.92,12.79,67.87,7.43,46.31,9383.7,1
1031,84.91,1245,59.57,3.86,11.94,71.44,8.86,89.71,5625.9,0
1032,67.98,1828,52.01,4.42,12.31,56.48,7.35,88.63,6666.7,0
1033,92.79,2551,54.85,2.19,13.77,85.75,9.26,11.04,3556.8,0
1034,95.77,1512,63.33,0.38,12.96,87.22,7.28,62.7,6110.9,0
1035,82.2,3324,64.79,3.52,12.67,73.75,10.12,46.88,3097.2,0
1036,106.89,3057,57.88,3.07,12.08,93.36,12.45,73.08,7485.7,0
1037,73.29,1100,68.05,2.89,11.82,62.8,8.28,21.53,3141.4,0
1038,70.43,1547,52.22,2.47,12.64,64.85,9.11,79.91,8806.2,1
1039,90.69,700,61.78,2.05,13.91,81.64,6.52,66.61,1520.5,0
1040,100.57,1652,63.63,3.2,12.75,90.15,9.78,23.44,5760.9,0
1041,108.21,2736,48.01,3.8,13.52,103.73,10.68,54.59,5254.7,0
1042,82.49,1910,52.28,1.3,12.72,73.01,10.42,56.51,2710.8,0
1043,100.94,2523,64.29,2.03,13.71,88.91,11.35,71.32,377.2,1
1044,87.54,1134,50.87,1.98,12.92,82.11,7.5,48.37,1570.5,0
1045,85.93,2759,45.43,2.87,12.21,80.09,11.92,74.08,9682.7,0
1046,98.6,1811,64.46,2.18,12.98,87.12,10.3,51.25,9418.9,0
1047,95.83,2209,61.7,2.89,14.67,88.89,8.53,67.29,1281.1,1
1048,69.08,2135,57.42,3.31,14.63,64.03,7.14,27.25,3811.1,0
1049,105.72,1310,55.98,3.52,13.59,95.07,7.57,49.14,4704.8,0
1050,104.56,1393,53.47,2.64,13.09,94.83,11.25,73.16,4832.9,0
1051,80.49,2877,54.96,2.16,13.44,72.21,9.44,87.29,3058.3,1
1052,92.75,2479,63.47,2.55,13.45,81.38,12.74,60.14,9138.2,0
1053,93.93,2935,54.51,2.81,13.17,82.34,9.93,57.43,9094.1,1
1054,91.13,2427,67.11,3.05,13.55,83.38,8.95,83.72,287.4,0
1055,81.4,2300,49.03,2.9,13.37,67.47,10.88,53.58,6535.0,0
1056,79.94,992,56.93,3.64,12.95,67.19,8.92,70.64,836.2,0
1057,87.69,2011,52.72,2.09,12.24,85.65,10.28,51.73,6015.2,0
1058,102.07,2181,48.03,2.84,12.83,97.16,11.18,55.68,8682.2,1
1059,94.52,3567,50.89,5.04,13.84,93.29,11.22,41.11,6530.4,0
1060,83.55,2681,56.15,2.29,13.17,76.53,11.47,32.9,4742.4,0
1061,97.26,3275,55.52,3.14,13.44,92.89,12.13,81.01,9583.2,0
1062,55.0,2618,66.97,1.97,12.97,49.44,8.94,91.97,7491.3,0
1063,101.79,1702,58.28,2.38,12.35,90.51,9.75,54.13,2568.2,0
1064,67.12,2282,61.44,1.95,13.01,64.39,10.57,52.17,3930.7,0
1065,83.65,2365,54.67,3.45,12.38,75.26,10.47,76.44,7622.8,0
1066,74.56,1543,66.05,2.36,12.33,66.19,5.86,57.8,291.2,0
1067,72.46,1931,69.6,1.67,14.16,64.71,10.03,5.42,733.2,0
1068,101.93,2056,57.97,3.15,12.86,93.54,11.15,74.01,8608.3,0
1069,82.39,3324,46.41,3.19,12.61,81.08,10.94,35.01,525.2,0
1070,92.16,743,54.18,2.76,14.49,86.59,8.01,46.03,6817.3,0
1071,87.44,3044,54.59,2.0,13.85,74.81,11.29,51.23,3257.2,0
1072,93.72,1544,58.6,2.54,12.9,89.32,6.75,38.25,8276.3,1
1073,88.92,1240,60.69,2.73,13.54,75.92,8.01,50.18,8488.7,0
1074,72.6,3026,55.78,2.57,13.01,68.82,10.17,77.83,9538.1,0
1075,99.96,2712,53.53,1.76,12.65,96.54,10.9,58.7,1045.9,1
1076,82.07,3078,49.04,2.9,13.58,76.93,10.38,88.47,4286.2,0
1077,69.32,2760,55.98,3.77,12.94,57.93,10.89,89.04,5782.2,0
1078,82.86,3642,62.86,4.09,13.26,76.5,10.92,94.15,9169.0,0
1079,106.01,2591,59.81,2.37,14.02,96.97,12.21,56.23,2738.5,1
1080,98.2,2090,57.95,1.46,13.93,89.98,10.84,44.78,809.1,0
1081,83.82,2440,60.3,2.3,12.76,75.98,11.75,55.77,2097.5,0
1082,83.81,3070,50.64,2.56,13.59,71.99,13.14,82.73,5006.2,1
1083,84.14,1654,52.65,2.65,12.3,73.83,11.04,73.03,6842.4,1
1084,112.92,1744,50.86,2.25,13.56,108.35,8.67,0.36,6937.7,0
1085,92.58,1984,54.24,1.84,13.32,85.41,10.15,59.82,839.2,0
1086,93.16,727,54.97,2.88,13.5,79.93,7.01,0.0,7638.0,0
1087,100.36,2297,61.56,2.7,12.96,91.4,14.42,55.2,6636.4,0
1088,90.87,880,54.35,2.35,14.87,87.39,8.76,36.5,4134.7,0
1089,84.89,2237,49.71,1.18,12.48,81.2,11.55,38.48,5753.8,0
1090,85.64,2806,65.04,0.87,13.98,74.97,11.25,75.62,7700.6,0
1091,87.14,1866,52.55,1.24,12.37,77.03,6.21,40.05,2694.7,0
1092,87.55,3374,53.16,2.68,13.6,82.32,10.71,61.85,9406.3,1
1093,96.73,1178,59.28,2.54,13.66,86.49,7.85,30.22,1463.9,0
1094,88.62,3034,46.09,1.04,13.24,75.83,10.71,61.48,9032.0,0
1095,96.79,2673,61.0,4.03,12.8,84.42,11.35,77.03,7434.5,0
1096,87.03,999,60.81,2.14,13.31,74.22,8.67,30.24,6639.1,0
1097,88.94,4098,60.13,4.48,13.41,79.28,9.63,79.18,920.8,0
1098,64.02,2155,50.74,1.81,14.63,56.55,8.71,55.86,9198.1,0
1099,99.0,1586,56.34,2.67,12.5,92.2,8.79,52.26,3023.8,0
1100,92.16,1215,56.76,2.16,12.76,84.21,10.23,42.08,7481.6,1
1101,99.98,2046,56.4,3.12,13.43,94.6,10.8,69.54,8859.5,0
1102,55.0,2111,46.23,2.31,13.0,48.08,8.4,67.88,2518.4,0
1103,113.06,2272,54.95,2.95,13.12,101.24,11.16,52.76,9154.5,0
1104,86.32,1992,46.45,3.33,14.06,83.15,7.51,57.8,6158.2,0
1105,101.3,2643,55.77,2.22,10.94,97.92,11.83,72.52,6624.4,0
1106,75.52,1929,42.43,2.61,12.72,65.03,8.59,64.2,9153.7,0
1107,95.35,846,46.14,0.49,11.81,88.4,7.16,40.74,5314.7,0
1108,75.36,2095,59.78,3.05,12.24,73.14,10.88,77.69,4462.4,1
1109,80.51,700,54.35,3.56,15.0,72.7,7.72,63.28,6369.0,1
1110,110.97,2448,48.02,1.66,13.68,103.58,10.28,98.71,5584.8,1
1111,85.71,1514,63.59,2.16,13.96,79.01,8.07,19.5,708.6,0
1112,90.61,2314,56.3,3.3,13.14,80.55,10.61,69.73,1886.9,0
1113,98.44,3120,57.91,2.98,13.81,94.44,12.0,83.56,234.3,0
1114,93.95,1536,54.88,2.37,11.79,85.91,9.15,71.12,1170.8,0
1115,89.81,2943,69.16,2.56,14.03,82.44,9.64,54.4,7325.5,1
1116,92.38,1897,51.54,2.06,12.54,84.27,8.34,25.92,146.6,0
1117,116.84,3427,62.42,3.02,12.77,114.04,11.86,93.16,3113.6,0
1118,87.31,1944,54.73,2.46,13.6,80.88,9.26,43.83,4548.3,0
1119,90.41,1612,45.82,1.33,13.45,82.35,9.06,45.56,9384.3,1
1120,100.61,2681,56.44,2.7,13.27,90.98,10.88,99.22,3337.4,0
1121,101.27,1895,57.0,3.66,12.11,87.73,9.77,27.71,7853.0,0
1122,102.24,1611,49.37,1.94,13.28,91.83,11.78,67.84,4146.8,0
1123,95.66,1866,49.67,1.4,13.97,86.28,10.69,37.92,1075.1,0
1124,74.28,2169,54.58,2.4,12.77,62.47,10.8,39.3,1078.6,1
1125,107.6,3140,54.68,2.39,14.25,100.51,12.56,63.99,4381.1,0
1126,74.24,846,42.55,0.93,12.5,61.58,7.48,60.4,673.0,1
1127,91.63,2216,60.85,2.66,13.21,80.27,10.55,74.1,5759.0,0
1128,78.95,2637,50.79,2.17,14.43,72.29,10.52,79.25,4987.1,0
1129,87.23,2335,46.33,2.1,12.65,73.46,11.05,41.68,7055.1,0
1130,91.95,3117,58.37,3.08,14.04,82.6,10.25,37.63,1937.7,1
1131,91.86,2148,54.52,1.29,14.78,77.28,10.83,47.83,5970.0,0
1132,93.06,2071,62.11,1.09,13.34,84.15,10.09,61.17,1827.8,0
1133,107.36,2615,56.26,3.26,12.78,101.05,9.04,53.38,7250.1,1
1134,93.44,2270,54.4,1.03,12.58,87.75,10.3,0.0,3140.9,0
1135,85.07,1927,54.23,1.64,14.24,78.14,7.83,16.82,6182.7,0
1136,99.57,2561,56.69,1.26,14.22,93.28,10.21,52.36,8838.5,0
1137,102.27,1743,52.93,1.95,14.36,90.46,9.53,69.36,4933.5,1
1138,73.27,1772,50.41,2.69,13.17,65.36,6.94,34.34,2003.7,0
1139,95.17,1830,58.94,2.46,14.03,92.01,9.54,67.44,8872.6,0
1140,96.41,3147,51.77,4.88,13.16,87.78,11.7,30.76,3649.9,0
1141,84.43,700,57.8,2.87,12.49,76.05,8.44,51.11,7329.5,0
1142,104.51,2477,60.47,1.92,14.1,97.91,10.35,61.92,3268.9,1
1143,86.2,2224,53.86,1.59,14.51,77.4,10.21,64.52,3052.3,0
1144,89.51,1023,57.02,4.18,12.38,81.64,8.08,27.77,6456.1,1
1145,85.92,2417,50.56,3.49,12.37,76.02,9.66,25.35,1647.5,0
1146,88.19,2533,56.5,3.16,13.23,78.46,8.41,71.52,8683.0,0
1147,74.84,2613,55.93,2.79,13.96,65.75,9.93,26.95,3937.5,0
1148,70.72,700,63.09,2.22,12.29,66.62,7.94,30.58,290.8,0
1149,107.13,3156,49.08,1.78,13.38,92.78,10.89,88.57,3123.8,0
1150,77.84,1684,52.93,2.43,12.73,74.5,8.51,55.3,7871.2,0
1151,76.1,2681,58.45,2.81,13.76,68.49,10.12,65.26,8607.7,0
1152,62.16,2719,55.21,2.05,12.56,57.44,11.1,70.61,5722.0,0
1153,80.33,1586,50.42,1.83,13.82,71.14,8.75,63.1,3011.7,0
1154,72.12,2662,61.59,3.96,13.07,63.71,10.39,57.35,5325.8,0
1155,107.7,1930,44.81,2.32,12.45,100.21,10.18,35.35,8380.1,1
1156,100.12,750,62.11,3.66,13.25,87.56,7.56,99.98,3228.8,0
1157,79.74,3017,45.41,1.52,11.65,68.42,9.48,54.05,3915.8,0
1158,115.03,1657,66.82,1.88,12.75,108.01,9.7,58.37,5443.0,0
1159,99.78,1602,46.44,1.03,13.47,89.37,9.89,60.21,8882.7,0
1160,84.1,1918,62.08,1.45,11.78,71.41,9.49,42.65,5863.3,0
1161,58.01,2391,53.89,1.96,11.14,46.7,10.92,47.63,2155.4,1
1162,115.49,2160,52.3,2.77,11.33,107.9,11.94,84.52,982.1,1
1163,71.33,2584,55.03,2.93,14.26,68.1,11.39,42.52,1040.6,0
1164,68.26,1262,60.37,1.57,13.14,59.28,5.37,57.62,9507.5,0
1165,100.27,1680,50.12,0.52,12.77,90.27,11.45,69.8,8241.9,0
1166,117.28,2119,49.67,3.69,13.96,111.59,11.13,50.23,7682.0,0
1167,104.61,3529,55.72,2.91,12.88,96.54,12.97,61.09,5014.0,0
1168,94.77,2120,44.46,1.61,13.41,87.02,11.1,73.66,6758.1,0
1169,95.14,2960,49.51,3.1,13.22,82.97,11.32,56.81,1360.6,0
1170,98.24,2227,72.71,2.72,12.82,84.68,9.02,13.62,6246.9,1
1171,97.11,1861,49.4,2.13,13.44,85.58,11.45,83.05,8126.7,0
1172,91.37,2027,61.79,2.58,13.82,83.63,8.84,34.45,715.2,1
1173,89.25,2082,51.29,1.56,13.05,77.81,8.59,58.6,3031.9,0
1174,87.25,2623,56.8,3.34,12.83,77.3,10.23,31.18,1191.8,1
1175,78.95,3162,56.64,2.18,12.93,71.18,10.57,50.56,2676.2,0
1176,84.63,2452,60.87,2.17,11.36,70.35,10.17,47.78,7748.0,0
1177,67.68,3031,51.84,3.43,13.43,61.9,10.32,63.47,3387.3,1
1178,86.82,1525,67.87,3.2,12.23,77.01,10.47,33.41,6927.9,1
1179,76.14,1910,51.7,3.68,13.7,65.62,9.61,92.92,7755.7,0
1180,74.76,1693,57.08,3.16,13.13,67.62,7.65,52.45,8184.7,0
1181,90.16,2420,55.6,2.38,13.28,80.48,9.45,73.94,8746.4,0
1182,104.7,1949,48.25,1.19,13.76,93.87,9.65,53.32,6016.6,1
1183,99.02,2711,51.78,3.89,12.46,90.29,10.6,78.01,2878.3,1
1184,69.15,1548,56.97,3.34,13.5,59.74,7.65,9.08,1590.5,0
1185,76.12,2230,52.0,2.02,13.41,67.81,8.21,41.09,5086.7,0
1186,99.29,2681,68.2,3.49,13.05,88.9,11.37,47.45,1125.2,0
1187,76.21,754,52.51,1.73,12.46,68.9,6.78,35.73,9116.2,0
1188,85.3,3685,58.7,4.41,13.68,78.24,10.9,74.28,4480.6,0
1189,94.6,2002,60.08,2.04,13.76,86.54,10.42,65.55,8742.5,1
1190,76.38,782,57.4,3.58,13.29,64.83,8.39,45.01,7121.8,0
1191,89.26,2311,49.16,3.22,12.34,86.51,9.82,54.68,8586.5,1
1192,71.99,2223,50.02,3.99,12.78,66.72,11.52,103.95,8851.2,0
1193,80.78,2143,51.63,2.14,13.15,65.96,12.23,61.15,627.6,0
1194,91.84,2894,42.46,3.18,13.75,83.01,11.68,14.66,7280.1,0
1195,68.88,2723,47.63,2.0,11.93,62.11,9.46,73.54,2342.8,1
1196,93.29,2409,45.24,3.31,12.75,82.9,10.73,67.44,9894.0,0
1197,87.76,2515,62.03,3.4,12.88,82.12,8.9,80.08,7806.2,0
1198,94.63,2127,58.4,4.42,13.13,92.94,8.98,66.53,137.3,0
1199,90.69,3443,56.8,3.48,12.16,81.62,9.84,44.36,9281.4,0
1200,104.37,1165,60.09,2.65,13.03,98.56,8.17,66.59,2993.8,0
1201,89.5,2298,55.38,2.21,12.95,81.2,8.63,57.57,4224.9,0
1202,82.85,2246,63.29,2.99,12.37,73.86,10.54,76.2,6161.6,0
1203,89.47,2769,49.77,2.49,13.11,81.04,9.91,89.37,9171.5,0
1204,94.52,1609,56.36,2.37,12.77,91.65,9.58,49.02,9280.5,1
1205,88.59,979,61.5,2.14,13.6,80.51,8.99,65.19,5678.4,0
1206,88.49,2310,46.43,2.31,12.49,79.15,11.49,76.33,3235.6,0
1207,79.58,2397,72.82,2.68,13.27,75.78,9.48,59.36,2864.0,0
1208,80.05,3243,52.72,2.71,12.55,76.6,11.56,100.42,3707.5,1
1209,71.17,1311,57.31,1.84,12.72,66.38,8.39,70.58,1887.1,0
1210,108.99,3008,60.38,3.77,13.44,98.75,13.38,48.14,6731.3,0
1211,73.07,3857,56.85,3.43,13.39,71.07,12.81,70.14,5325.2,0
1212,79.69,1936,55.39,2.7,12.87,69.2,10.78,70.62,7757.3,0
1213,79.38,1296,57.22,0.97,12.98,70.2,6.25,87.98,1031.7,1
1214,98.74,1915,46.06,2.75,12.04,91.51,9.06,65.71,4059.1,0
1215,84.46,2210,51.24,2.97,14.32,80.9,11.03,60.85,2474.6,0
1216,102.97,2595,56.81,2.4,13.75,97.36,11.72,82.64,5398.3,1
1217,79.92,1786,58.12,4.02,13.72,69.57,8.85,48.13,4735.6,1
1218,91.35,3289,59.71,1.2,11.92,79.58,11.09,41.73,4550.7,0
1219,77.98,1420,55.48,2.82,12.72,73.07,9.33,64.39,3225.0,0
1220,113.74,983,48.54,2.57,12.93,102.32,6.6,40.13,7295.8,0
1221,73.75,2975,59.46,3.32,11.66,63.69,11.52,113.96,4867.5,0
1222,91.72,700,66.18,2.14,13.91,83.74,7.89,51.06,2102.2,0
1223,95.61,2057,60.21,2.92,14.36,89.82,9.37,68.34,5519.7,0
1224,92.97,4382,49.21,4.22,14.85,86.71,13.96,55.53,6007.1,0
1225,85.78,2192,60.88,1.96,12.36,72.31,9.35,80.24,311.7,0
1226,86.44,1415,76.73,2.43,13.29,77.91,8.71,49.75,2117.4,0
1227,88.53,2160,55.35,2.38,14.26,76.54,9.81,52.27,2499.8,0
1228,86.24,2164,46.79,1.65,13.0,77.51,10.68,52.78,2555.9,0
1229,99.57,2312,50.77,3.16,12.75,92.92,10.67,29.85,2464.6,0
1230,114.53,2664,57.25,2.3,11.71,104.77,9.24,52.77,2789.2,1
1231,81.31,1473,46.45,1.01,14.11,66.84,6.91,61.56,2701.0,0
1232,71.56,3381,53.33,2.64,13.18,65.49,9.8,31.18,8852.3,1
1233,86.94,2372,56.53,1.98,12.62,76.2,10.67,76.46,3264.5,0
1234,118.96,2709,62.59,3.59,13.43,110.38,12.42,52.69,3562.7,0
1235,78.36,1760,63.38,2.46,13.32,74.7,10.91,57.26,2735.2,0
1236,107.67,3100,57.85,4.05,13.33,104.09,10.73,15.72,9679.0,0
1237,108.13,2020,41.85,1.93,13.03,101.49,11.91,58.42,5401.4,1
1238,81.36,2394,59.76,3.33,14.5,72.31,7.64,35.3,6144.4,0
1239,94.83,1547,60.08,4.52,13.09,84.19,9.19,44.05,7381.3,0
1240,107.54,1502,57.4,2.51,14.5,104.25,9.84,19.46,3403.8,0
1241,83.45,2682,43.26,3.45,13.65,73.49,10.76,40.25,9690.9,0
1242,85.56,1889,50.56,2.96,13.48,77.91,8.98,49.87,1608.0,0
1243,81.02,1602,48.82,1.13,13.11,73.01,8.91,45.98,4632.4,0
1244,75.82,1750,43.47,2.81,13.98,66.06,7.32,69.99,1539.8,0
1245,80.21,2689,53.63,3.01,13.29,66.97,11.4,20.57,7924.7,0
1246,73.31,1760,50.76,2.13,12.45,64.4,9.03,51.33,1162.4,0
1247,88.41,2118,70.5,1.8,12.43,84.48,10.23,52.52,5583.6,1
1248,78.76,2211,53.6,3.1,13.54,71.32,9.26,45.91,1137.6,0
1249,90.81,858,65.01,1.22,12.47,80.25,7.6,28.68,4581.4,0
1250,69.33,1170,47.34,3.78,13.15,58.67,8.34,70.86,2875.0,0
1251,91.97,2435,50.91,2.74,14.05,81.97,12.31,97.37,9042.6,1
1252,98.0,1684,56.14,1.33,13.44,91.53,7.81,17.62,625.6,0
1253,64.08,2940,47.8,2.46,12.62,60.18,8.44,40.95,6534.4,0
1254,92.49,2877,50.67,2.62,14.33,82.72,11.4,38.97,6983.0,0
1255,102.73,2703,52.18,4.7,13.64,98.37,10.78,52.39,8900.9,1
1256,73.48,3474,50.72,2.41,14.01,63.41,11.46,87.76,8789.5,0
1257,108.07,2142,65.71,2.42,11.39,97.99,10.49,65.2,9772.9,1
1258,93.03,2654,55.91,2.31,13.46,86.43,11.51,54.65,2613.7,1
1259,79.54,1791,58.33,2.76,13.87,71.88,8.65,52.87,2820.8,0
1260,87.33,3917,54.39,2.89,14.56,78.73,11.01,58.92,4033.2,1
1261,94.7,3589,55.44,2.25,12.03,88.54,11.27,78.1,5422.0,1
1262,88.91,2208,54.06,2.39,14.16,85.06,9.76,72.26,3734.7,0
1263,94.47,2471,52.08,2.42,14.52,86.58,9.03,68.45,7428.9,0
1264,76.95,3152,53.75,2.49,11.59,68.76,10.9,16.78,184.6,0
1265,90.03,2097,61.72,2.06,13.58,77.95,9.89,54.64,274.8,0
1266,71.04,1740,62.36,3.28,13.69,65.38,8.19,48.51,7189.0,0
1267,86.67,2812,51.92,2.56,12.94,75.46,11.03,78.5,8842.9,0
1268,77.15,2255,59.14,1.66,12.81,72.59,7.67,60.11,7787.8,1
1269,79.17,2328,53.21,2.23,13.73,75.21,8.64,66.9,1259.2,1
1270,102.83,1616,55.86,2.32,12.71,95.74,8.18,41.59,9356.2,0
1271,101.1,998,54.07,0.93,13.03,95.92,9.62,66.57,5266.9,0
1272,95.31,2365,53.12,3.92,13.85,91.39,13.18,80.67,7448.7,0
1273,74.89,2833,61.44,3.52,14.6,61.06,9.34,26.26,2090.4,0
1274,84.2,2042,55.48,3.61,13.63,77.56,9.25,28.13,5533.1,0
1275,102.56,3206,53.3,3.31,13.31,87.62,11.09,76.28,3367.6,1
1276,89.7,1707,46.87,0.64,12.79,84.68,9.49,48.6,9750.1,0
1277,115.83,1462,54.04,3.44,12.39,112.96,9.04,71.14,4794.5,1
1278,92.72,2153,53.2,1.83,14.09,80.85,10.34,59.55,7580.2,0
1279,90.3,2142,49.71,1.89,13.08,84.48,10.7,68.51,6072.0,0
1280,84.29,2739,53.66,2.91,14.12,75.87,9.12,43.29,1033.6,0
1281,89.6,1658,53.08,3.4,12.94,85.67,9.47,58.54,5475.0,0
1282,86.17,3158,53.16,3.81,12.68,78.28,9.12,67.6,5448.1,0
1283,96.5,3577,52.51,3.88,13.54,92.61,11.96,49.48,7185.5,0
1284,99.48,2173,48.83,2.28,13.14,91.7,9.88,74.87,3286.9,0
1285,78.57,3075,50.5,2.67,12.24,71.99,10.61,22.34,8620.5,0
1286,72.03,1460,56.62,2.48,14.65,63.33,7.86,54.72,6263.8,0
1287,65.97,2953,60.31,2.77,12.7,56.09,9.67,33.63,489.5,0
1288,94.1,2933,54.62,3.58,13.94,85.37,10.9,38.95,7097.7,0
1289,74.76,2804,49.48,3.48,13.87,65.41,10.63,78.35,9079.0,0
1290,62.17,2189,57.15,3.01,12.19,54.49,9.3,32.94,6863.2,0
1291,92.66,700,67.8,0.2,12.4,85.97,7.96,23.16,3862.0,0
1292,117.92,1751,60.8,2.44,12.96,108.51,9.59,63.91,5947.4,0
1293,87.93,1762,58.74,2.26,12.51,80.26,10.54,30.16,1796.8,0
1294,98.06,1515,60.24,2.37,14.58,90.28,11.06,71.26,6052.4,0
1295,88.98,2286,63.04,1.98,13.04,79.79,8.52,68.41,5059.8,0
1296,86.81,1907,61.63,1.35,13.91,81.91,9.62,37.69,359.0,0
1297,99.03,1623,59.07,2.65,13.61,86.74,8.86,71.14,3286.7,1
1298,84.52,1459,62.5,1.92,13.41,77.26,9.78,11.78,1993.3,0
1299,91.21,1699,49.07,2.77,13.23,82.84,9.25,61.44,3967.5,0
1300,91.86,2985,43.98,2.36,14.19,83.99,11.28,34.79,2494.1,0
1301,79.98,1737,56.5,3.46,12.54,70.02,9.52,41.76,8359.1,0
1302,99.9,1840,55.64,3.18,14.58,90.89,9.42,43.66,7007.1,0
1303,85.9,1880,51.97,2.63,12.17,78.05,11.36,78.71,7427.1,0
1304,78.93,2437,59.12,2.48,13.83,66.58,10.56,46.4,3672.6,1
1305,94.44,2519,42.73,3.37,12.08,96.05,11.73,55.34,134.1,1
1306,77.22,700,54.44,2.31,12.95,65.49,7.01,37.24,2269.6,0
1307,88.34,2915,50.24,3.05,13.27,77.58,10.84,39.64,7577.5,0
1308,87.89,3205,42.75,3.83,12.81,85.4,12.38,40.43,6068.1,0
1309,101.03,1465,64.94,3.35,13.05,90.24,10.11,56.76,5431.9,0
1310,93.7,1519,47.75,1.23,12.09,82.52,7.59,50.39,2877.1,0
1311,87.7,1885,51.68,1.56,12.41,78.01,9.57,68.36,849.8,0
1312,97.81,1671,61.03,1.68,13.6,94.49,10.02,46.98,7870.2,1
1313,104.68,2357,58.04,1.41,13.22,94.63,10.57,51.75,482.7,0
1314,94.69,837,50.62,1.95,12.65,83.67,8.55,62.14,685.5,0
1315,88.12,1417,60.24,2.67,14.26,81.84,8.63,42.86,3019.9,0
1316,72.26,3277,54.26,3.01,12.22,62.93,8.27,32.67,5772.0,0
1317,75.22,1550,69.96,1.82,12.91,68.28,6.91,68.05,9923.0,0
1318,84.34,3070,55.29,3.83,12.8,73.68,12.25,46.68,997.4,0
1319,80.69,2449,53.28,2.76,13.69,73.63,9.73,57.83,4784.4,0
1320,85.76,934,51.99,2.27,13.24,79.5,8.15,34.87,6057.4,1
1321,88.68,2645,49.22,3.66,13.11,80.8,10.59,38.22,8248.7,0
1322,94.36,2118,49.75,2.4,11.72,90.38,9.01,16.53,6927.2,0
1323,87.15,1881,63.45,4.04,13.89,79.57,8.84,59.87,8096.6,0
1324,93.84,2371,54.31,2.26,13.03,84.75,10.76,0.0,5272.4,0
1325,88.77,2532,57.3,4.29,13.29,78.16,10.95,82.96,4396.3,0
1326,64.29,2695,62.82,1.98,12.6,55.55,12.44,78.61,6225.4,1
1327,76.73,3025,38.85,3.33,12.48,73.03,10.17,41.76,9018.6,1
1328,86.27,2486,61.69,2.15,14.4,74.21,12.28,88.48,5553.4,0
1329,73.48,1237,56.93,3.0,11.78,61.18,6.92,90.44,6095.4,0
1330,95.2,1868,57.81,2.01,12.36,86.86,10.25,47.54,3446.0,0
1331,106.37,4260,45.38,3.7,14.38,100.62,13.85,75.58,6001.6,0
1332,102.63,2707,48.95,2.25,13.71,96.22,11.03,60.77,6314.9,0
1333,85.44,3859,54.21,4.04,12.94,78.05,12.3,95.22,7558.9,1
1334,105.89,3177,66.83,2.45,14.2,97.05,11.25,33.01,5764.5,1
1335,89.78,2369,60.25,3.96,13.56,82.7,11.31,51.47,2055.7,0
1336,83.95,2411,61.78,1.84,13.39,78.53,9.07,74.65,5861.1,0
1337,80.64,2174,53.53,1.45,13.38,69.57,9.99,71.12,3048.9,0
1338,84.37,984,53.44,2.76,13.57,75.6,8.86,46.85,964.5,0
1339,83.34,2213,49.9,2.07,13.6,78.5,11.42,82.92,8271.8,1
1340,90.04,3047,49.95,2.92,14.96,81.17,12.41,64.75,754.1,0
1341,89.93,1780,43.09,2.09,13.04,81.44,10.03,54.76,6353.9,1
1342,88.04,2488,49.66,1.62,13.07,82.19,9.57,70.67,9886.1,0
1343,93.24,2796,50.0,2.75,12.21,81.66,10.04,57.36,967.4,0
1344,102.29,1563,54.72,3.27,13.16,93.88,8.08,52.18,2279.3,0
1345,99.39,1884,55.94,3.2,14.69,92.04,8.35,37.36,7632.0,1
1346,70.18,1487,58.29,2.4,13.99,62.43,8.21,109.39,1059.3,0
1347,57.35,1624,55.83,3.17,12.77,48.02,7.1,42.08,8344.0,1
1348,99.21,1299,52.83,1.29,13.22,91.43,10.38,64.18,102.7,0
1349,71.6,1570,44.16,2.0,12.16,63.84,7.69,89.39,8910.5,0
1350,85.3,3194,49.16,3.3,12.42,74.1,11.41,34.11,761.5,0
1351,73.96,1559,50.11,2.15,13.32,70.21,8.13,63.38,9227.6,0
1352,66.38,2289,57.33,2.38,12.8,62.13,7.6,55.99,8659.1,0
1353,94.5,1848,60.7,1.42,12.36,84.17,10.91,88.78,5441.7,0
1354,97.11,3025,58.51,1.25,13.59,81.86,12.3,41.77,7801.7,1
1355,81.08,3118,57.33,3.61,13.13,70.45,12.01,45.46,841.3,0
1356,56.91,2805,52.76,3.01,11.95,45.0,10.44,57.63,1438.0,1
1357,81.45,2414,51.06,3.36,11.54,74.75,9.09,46.42,3755.9,1
1358,92.7,2038,50.39,2.12,12.74,86.61,8.94,44.84,5420.8,1
1359,70.25,1366,47.31,1.59,11.93,60.88,8.57,90.56,8695.3,0
1360,90.2,3560,57.8,3.16,11.7,79.34,13.87,65.7,5472.5,0
1361,87.82,1668,54.6,2.98,14.1,83.75,9.56,36.12,6685.5,0
1362,94.95,2665,46.13,2.56,13.12,87.59,12.02,49.99,6830.9,0
1363,89.43,2942,48.13,3.52,12.99,81.52,10.44,67.55,8787.9,0
1364,76.32,1811,50.23,1.56,13.05,70.36,10.23,59.42,7789.9,0
1365,102.36,2927,53.3,2.74,12.29,96.05,10.99,47.81,9772.6,1
1366,86.1,2735,59.93,2.72,13.53,75.57,10.93,25.65,298.1,0
1367,87.67,3410,50.08,4.07,13.1,78.26,11.27,61.25,2157.5,0
1368,76.8,1871,41.79,2.56,12.59,66.41,10.09,51.48,9311.4,0
1369,82.68,1300,55.28,3.53,12.71,73.67,9.45,36.68,7943.0,0
1370,77.38,1846,54.42,1.3,12.22,72.0,7.23,78.47,2746.9,0
1371,85.92,2346,52.95,2.71,12.88,76.66,11.64,67.37,9745.0,1
1372,108.54,2241,50.61,2.7,13.01,103.4,13.54,57.94,8711.8,0
1373,71.54,1925,56.54,2.91,12.85,64.47,8.49,46.13,740.1,0
1374,68.64,864,57.77,1.35,13.24,63.75,7.07,81.64,8132.0,1
1375,105.65,2529,53.67,4.04,13.14,99.49,12.5,33.89,7866.4,0
1376,85.49,3581,54.31,3.17,13.38,77.22,11.97,53.35,2289.4,0
1377,79.97,2525,51.4,1.82,13.95,73.34,10.11,47.9,6725.5,1
1378,100.48,2626,50.73,2.72,13.67,95.13,13.26,63.54,9705.2,1
1379,80.73,2601,62.1,2.47,13.96,69.32,8.63,70.62,6791.1,1
1380,109.91,2478,57.25,4.89,12.52,102.27,10.14,29.94,8156.3,1
1381,96.14,2852,58.19,3.67,12.79,89.72,11.67,45.22,1083.9,0
1382,82.15,2477,61.42,2.7,13.72,77.39,8.17,65.61,7301.8,0
1383,113.89,1981,58.02,2.35,13.74,111.5,10.04,40.38,2127.1,1
1384,80.73,1643,61.31,3.05,12.66,73.4,8.36,43.62,811.4,0
1385,96.91,2026,45.4,3.26,13.69,93.04,11.11,57.41,5565.6,0
1386,91.59,2420,55.35,0.31,12.45,81.46,11.19,36.72,7531.1,0
1387,103.62,1979,53.83,2.95,13.58,95.53,8.1,59.22,5512.8,1
1388,106.74,2420,64.1,2.66,13.18,94.06,10.06,68.57,9322.8,1
1389,88.38,2507,59.53,1.63,12.09,79.71,9.55,57.61,6987.1,1
1390,78.96,2783,49.69,3.51,12.85,73.14,10.2,87.01,1264.0,0
1391,93.52,3098,54.99,4.74,14.95,91.16,10.13,74.9,9351.7,1
1392,79.87,2255,55.53,3.01,13.36,69.45,10.24,54.51,1613.6,0
1393,112.16,1285,58.99,3.01,15.0,108.06,8.54,43.08,7606.7,1
1394,89.64,1958,48.94,3.87,12.04,82.86,10.31,88.64,1570.6,0
1395,83.62,2231,56.71,1.89,13.8,70.59,9.79,41.96,9985.9,0
1396,90.22,915,55.77,0.51,11.17,80.38,6.89,41.85,3388.7,0
1397,71.83,3172,54.43,3.5,13.2,62.66,12.46,52.64,5009.7,0
1398,76.34,2300,50.11,2.39,13.7,65.51,11.35,63.55,4721.7,1
1399,102.4,2467,50.45,1.56,13.87,91.68,11.16,101.7,1108.8,0
1400,80.12,3156,59.76,2.91,12.56,67.37,10.78,65.67,4990.7,0
1401,75.44,1759,49.23,2.92,14.03,69.24,7.54,45.91,1580.1,0
1402,94.44,2602,47.87,2.6,12.77,87.57,12.02,61.18,8039.6,0
1403,102.23,2123,54.34,1.88,13.07,97.0,11.27,28.28,9587.3,1
1404,96.63,2071,50.16,2.3,12.85,88.73,9.04,50.47,8099.8,0
1405,99.95,1659,50.28,2.28,12.29,92.35,8.69,85.84,4367.5,1
1406,78.92,3366,52.94,1.52,14.46,76.18,11.88,75.24,123.5,0
1407,70.94,1937,46.18,2.31,13.24,64.9,7.5,78.04,462.8,0
1408,106.02,2690,47.45,1.68,14.07,93.7,10.52,78.2,5000.8,0
1409,84.13,887,69.55,2.53,14.04,75.4,6.55,32.95,6826.9,0
1410,84.99,3026,55.7,1.66,12.43,74.84,9.83,98.2,8213.2,0
1411,103.94,2937,48.53,3.68,14.17,96.3,10.7,23.9,6035.4,0
1412,94.67,2268,56.91,2.24,13.6,92.34,11.33,62.06,9785.3,0
1413,93.47,2041,58.27,2.03,12.37,85.86,7.75,12.85,4988.4,0
1414,113.98,2480,59.83,2.9,13.56,102.85,11.75,22.41,6040.3,0
1415,80.28,3802,50.66,2.57,12.38,75.83,12.35,83.32,2378.0,0
1416,99.13,966,62.84,2.22,14.49,88.89,9.61,33.77,3462.6,0
1417,88.68,2747,41.25,2.2,13.85,85.79,11.06,83.18,6863.0,0
1418,91.22,1562,49.5,1.81,13.14,83.16,8.61,7.68,6056.2,0
1419,106.34,2186,55.48,2.86,14.21,96.71,9.55,53.15,3759.5,1
1420,94.09,2026,56.87,1.55,11.93,87.03,11.05,29.64,1208.6,0
1421,94.46,1900,49.67,1.39,12.6,79.04,10.28,46.63,3491.9,0
1422,100.87,2193,56.08,2.74,13.0,94.35,9.75,85.92,537.1,0
1423,83.62,1406,52.45,2.16,14.99,77.36,9.65,86.07,5849.6,0
1424,77.93,2920,51.54,3.0,12.34,69.32,10.1,69.58,3297.9,0
1425,75.46,944,63.32,2.26,11.83,69.73,7.58,15.57,3860.5,0
1426,64.4,2578,59.42,2.76,12.04,60.73,8.92,33.13,5793.4,0
1427,112.67,1971,48.91,2.92,13.92,107.97,11.07,56.83,5854.7,1
1428,74.76,1380,49.96,2.25,12.72,64.49,7.02,33.96,5924.6,0
1429,85.34,2342,51.85,1.0,13.07,78.26,9.67,69.01,4966.8,0
1430,84.68,1110,56.62,0.65,13.81,71.57,7.37,81.98,4932.4,0
1431,91.69,2228,50.56,4.09,13.07,85.01,10.39,35.51,8230.1,0
1432,97.79,1204,62.76,2.09,13.36,87.66,9.22,31.12,4728.8,1
1433,98.33,2523,55.96,3.45,13.63,88.79,9.43,33.33,5406.7,0
1434,81.0,1553,58.35,1.97,12.86,74.37,9.18,46.03,9883.5,0
1435,85.99,1884,47.63,2.35,13.07,80.63,7.59,54.15,1892.4,0
1436,91.39,2406,61.15,2.27,13.39,88.59,12.96,56.67,7291.6,0
1437,85.02,1659,38.76,4.27,13.89,75.36,8.38,69.71,4784.6,1
1438,107.29,2159,59.55,2.72,12.57,95.69,11.78,62.62,8322.4,1
1439,93.89,1140,62.27,1.64,10.78,90.66,8.76,47.47,4099.9,0
1440,96.82,2642,51.05,1.42,13.74,89.93,11.17,58.47,3099.6,0
1441,95.95,3435,59.7,4.67,13.94,89.96,10.64,64.12,2157.1,1
1442,102.08,4155,50.21,3.29,13.36,92.43,14.34,65.57,8735.1,0
1443,90.17,2264,54.82,3.16,13.41,83.16,10.14,41.84,7211.5,0
1444,72.44,2752,55.61,3.47,12.75,60.47,10.75,34.25,861.3,0
1445,92.8,954,76.17,1.63,13.6,85.95,8.09,50.37,7163.6,0
1446,80.18,3252,60.59,3.55,13.88,75.89,11.37,51.33,446.7,0
1447,81.66,2743,57.74,2.3,13.25,75.06,9.43,68.76,1898.1,0
1448,95.04,1861,49.74,1.6,15.0,88.11,9.46,54.41,5968.7,0
1449,102.86,3066,53.62,3.86,11.95,93.28,11.22,60.49,4688.8,0
1450,88.26,2022,50.06,2.33,13.33,81.38,8.8,73.62,8420.8,0
1451,91.71,1879,60.13,2.81,12.26,82.39,9.72,24.98,6118.1,0
1452,108.43,2533,54.64,3.02,13.9,102.8,11.56,92.38,9653.2,1
1453,90.89,1456,49.31,2.72,11.93,83.77,9.19,6.83,8566.3,1
1454,119.22,2915,53.45,1.62,12.13,113.58,11.95,88.31,3468.1,0
1455,94.79,1461,50.92,1.74,12.69,89.33,9.53,54.58,8358.1,0
1456,66.87,1465,57.09,1.95,13.41,55.05,8.35,40.11,8712.4,0
1457,97.04,1563,50.65,1.59,12.72,91.19,9.38,21.75,9700.3,0
1458,92.57,2732,53.66,3.12,12.73,85.62,11.06,46.2,224.4,0
1459,103.48,1768,59.86,3.3,13.06,92.34,11.22,49.14,8760.0,0
1460,96.08,1256,56.1,3.19,13.01,85.83,7.33,53.24,792.0,0
1461,86.34,1776,53.09,2.08,14.39,73.41,8.83,81.37,5328.3,0
1462,73.31,2178,55.93,2.76,13.75,63.86,9.76,56.33,4205.2,0
1463,85.49,1373,60.43,2.52,12.94,79.29,6.68,56.43,9206.8,0
1464,77.79,1394,49.61,2.67,14.88,63.62,10.0,57.17,4111.0,0
1465,81.03,3678,53.23,2.5,13.59,71.29,12.18,57.32,6000.8,0
1466,95.06,1598,63.65,3.73,12.42,87.53,10.4,47.54,6949.6,0
1467,108.04,1974,58.36,3.18,13.41,99.87,11.61,51.5,288.4,0
1468,92.74,1943,55.41,3.19,13.63,84.2,10.18,65.99,5950.2,0
1469,73.65,1905,59.1,3.37,12.65,66.36,6.28,34.97,5228.1,1
1470,93.34,2635,56.4,3.16,12.36,89.46,10.92,47.48,5980.7,0
1471,102.36,2864,57.69,2.02,13.27,89.48,11.66,66.11,849.9,0
1472,80.68,1986,42.91,2.33,12.91,72.75,8.02,32.19,650.0,0
1473,86.39,1334,47.0,0.83,14.38,77.84,6.4,52.08,1857.7,0
1474,88.18,3092,58.83,3.27,13.79,73.94,11.8,49.44,8708.1,0
1475,78.58,2133,45.74,2.37,12.69,72.63,7.98,64.71,3629.1,0
1476,95.78,3411,54.52,3.05,13.54,85.81,14.47,89.74,4396.9,0
1477,86.55,700,55.48,2.96,14.21,80.93,7.92,35.11,3962.6,0
1478,93.03,2337,48.3,2.24,12.08,84.07,11.91,70.97,7172.3,0
1479,77.35,3543,54.06,2.94,12.38,68.75,11.58,67.07,2668.8,0
1480,82.75,1953,56.31,2.45,13.19,72.38,10.25,45.84,777.1,0
1481,96.67,2042,67.51,1.0,13.23,85.04,10.04,54.19,3843.9,0
1482,83.53,2407,50.45,2.42,13.16,77.26,11.27,82.2,7305.6,0
1483,108.72,1809,63.88,0.38,12.95,96.47,7.6,49.22,9158.2,0
1484,83.2,1982,57.16,1.97,12.94,70.74,10.48,79.87,603.1,0
1485,90.7,1964,51.07,3.12,13.51,83.45,10.45,51.18,8123.9,0
1486,99.19,1761,60.19,2.7,14.11,91.21,9.45,24.12,755.2,0
1487,70.98,3060,56.36,2.45,12.82,64.46,10.11,57.23,3373.5,0
1488,66.87,2523,54.28,2.72,15.0,59.79,9.29,27.13,320.8,0
1489,69.69,2375,55.94,1.76,14.77,65.3,9.87,49.7,9124.3,1
1490,103.15,2766,49.78,2.79,14.26,92.82,12.74,51.27,7097.2,1
1491,81.38,2015,50.04,4.8,13.7,79.53,8.75,90.23,3754.4,0
1492,118.7,1658,60.04,3.77,14.81,112.79,8.12,83.94,3836.8,1
1493,81.23,1778,54.12,2.39,12.97,73.37,12.02,54.18,6434.4,1
1494,90.21,2201,54.09,2.67,12.53,78.32,10.79,79.23,987.5,0
1495,106.51,1459,57.63,1.42,12.78,100.14,8.97,42.6,1536.0,0
1496,112.07,1850,56.73,1.74,12.4,102.79,11.65,24.35,8487.5,1
1497,112.74,1839,46.58,2.67,13.3,104.98,11.35,63.39,2102.9,1
1498,102.5,3687,59.24,2.79,13.44,91.67,13.23,71.15,7294.0,0
1499,100.29,700,58.24,2.72,13.36,91.16,7.51,27.25,2335.4,1
1500,95.11,2074,53.57,3.74,13.19,84.62,10.77,36.38,972.6,0
1501,97.34,3408,54.7,3.35,13.31,90.99,13.35,81.04,9010.3,0
1502,81.39,2285,55.87,2.66,14.59,76.43,7.74,21.84,9026.6,0
1503,78.18,2727,58.19,1.43,13.7,69.08,10.62,69.33,6092.6,1
1504,87.96,2270,57.67,3.17,13.94,81.42,10.37,49.13,4674.1,0
1505,85.96,1733,59.84,1.41,13.35,77.87,9.45,63.39,5572.3,0
1506,82.56,700,65.72,1.67,11.91,73.61,7.52,65.77,4140.5,0
1507,96.36,2344,59.55,3.37,11.75,84.63,11.84,38.38,7596.0,1
1508,99.46,1657,54.64,3.12,14.87,89.1,9.24,28.94,7570.2,1
1509,89.06,1640,48.96,1.91,12.77,83.1,9.1,80.96,8207.9,0
1510,105.73,1851,65.18,2.06,12.71,101.17,10.38,51.76,5277.0,0
1511,74.3,3421,50.8,2.53,13.4,61.18,11.04,68.88,8033.3,0
1512,85.68,3883,48.39,2.34,13.64,82.42,10.69,83.32,1641.6,1
1513,79.4,2352,43.91,2.1,13.74,72.76,10.09,36.69,398.3,0
1514,65.6,1875,57.4,1.1,14.62,55.67,8.9,71.09,6515.7,0
1515,87.01,1376,57.13,2.72,14.4,74.09,8.2,62.86,1144.2,1
1516,86.54,2528,44.84,3.0,12.55,79.11,10.19,86.37,5551.6,0
1517,106.16,3448,54.7,3.55,13.97,98.08,8.6,91.54,7239.1,0
1518,95.57,2027,51.89,1.7,12.89,90.19,11.36,55.23,4130.1,1
1519,75.71,700,73.8,1.04,13.09,67.33,8.31,61.06,534.3,0
1520,110.25,2669,50.09,2.79,12.32,105.7,9.78,58.71,8882.6,0
1521,102.65,2890,50.5,2.9,11.85,96.9,10.64,62.04,528.1,0
1522,94.99,1090,51.51,1.92,13.17,84.69,10.22,25.76,9057.0,0
1523,85.28,2324,62.02,2.36,12.44,78.58,8.61,51.25,621.0,0
1524,76.49,2516,51.78,4.05,13.94,65.73,10.55,21.0,7378.1,1
1525,83.53,2149,50.36,2.86,12.98,75.99,9.08,51.94,9256.0,0
1526,101.06,1646,59.85,3.87,13.45,97.17,10.02,78.08,9079.1,0
1527,110.62,2911,44.74,3.88,14.29,99.11,11.82,74.83,8944.5,0
1528,106.52,1918,58.79,3.78,12.01,102.46,9.79,55.55,8842.5,1
1529,82.13,1160,67.38,1.21,12.62,75.94,8.61,44.72,5153.1,0
1530,74.56,765,60.93,2.47,13.34,67.16,6.69,35.59,5621.1,0
1531,89.69,3083,56.63,2.59,13.45,78.67,9.15,41.93,6235.2,0
1532,66.78,2632,59.07,1.4,14.08,60.36,8.7,73.96,8969.9,0
1533,91.88,2262,64.69,3.76,13.89,86.66,8.88,24.67,8397.8,0
1534,86.23,1892,62.47,2.17,13.28,77.74,7.46,21.99,7851.5,1
1535,82.41,1830,57.99,1.53,13.44,75.05,9.6,70.87,6789.7,0
1536,68.86,1447,61.63,1.87,13.46,62.27,7.9,54.64,6222.0,1
1537,94.16,1898,49.83,1.77,12.02,85.51,10.09,54.08,9232.4,0
1538,81.61,716,62.25,1.45,13.07,77.22,8.08,50.24,2007.2,0
1539,73.96,1685,49.66,2.13,13.4,71.13,9.55,92.11,2008.0,0
1540,55.0,1982,53.01,3.83,13.57,45.0,8.91,54.81,9826.4,0
1541,87.67,2627,35.23,2.2,12.46,79.36,9.36,63.43,5576.3,0
1542,109.27,2172,56.92,3.85,12.18,100.74,11.3,95.99,4885.4,0
1543,107.94,2756,49.49,3.47,13.01,102.28,11.7,57.07,8520.9,0
1544,82.51,3144,59.39,3.28,14.77,71.82,13.76,95.19,8512.7,0
1545,80.77,2941,55.49,3.47,12.54,74.37,10.77,17.3,1848.3,0
1546,93.63,2529,60.63,2.7,14.14,93.98,11.06,33.74,1818.4,0
1547,76.02,2208,48.14,3.57,14.47,69.72,9.38,41.69,7973.1,0
1548,91.62,1513,62.16,2.68,13.24,84.47,9.06,62.56,7877.8,0
1549,97.19,2718,66.13,1.44,12.66,89.7,10.98,93.59,2329.3,0
1550,102.72,3376,56.73,3.31,13.61,95.32,11.66,50.24,8431.0,1
1551,86.8,2439,58.85,3.27,13.36,80.73,10.43,76.0,4852.5,0
1552,85.56,3542,52.93,2.91,12.51,79.78,12.58,107.8,4752.9,0
1553,77.46,1132,53.63,2.16,12.67,70.36,7.43,79.89,9858.4,0
1554,78.08,1392,60.82,1.69,13.56,75.01,9.35,42.08,5240.2,0
1555,85.28,2799,44.36,1.71,13.95,83.16,11.57,75.96,1456.7,0
1556,92.41,2385,51.68,1.38,12.94,84.11,9.28,62.9,2873.5,0
1557,98.96,3120,42.05,1.72,13.14,90.62,10.51,47.33,3403.5,0
1558,78.36,2189,50.44,3.07,13.73,67.72,10.09,63.48,9588.8,0
1559,105.91,1592,59.54,0.27,13.06,98.68,8.92,41.88,2714.0,0
1560,84.75,2050,57.93,1.94,12.96,80.33,8.31,56.59,4361.0,0
1561,87.74,1127,57.03,1.44,12.6,85.56,10.35,20.99,7521.4,1
1562,79.03,1410,57.24,1.96,12.58,73.7,7.25,15.0,2813.6,1
1563,58.91,2881,42.08,1.36,15.0,49.64,8.08,53.35,7046.3,1
1564,98.61,2811,51.06,3.14,13.04,86.28,10.25,65.03,2154.4,0
1565,96.84,2454,49.93,1.64,14.29,88.68,10.87,33.97,2500.9,0
1566,84.62,995,53.06,2.91,14.55,80.26,8.07,58.3,9864.7,0
1567,88.8,1949,58.68,1.93,13.05,83.44,11.82,54.35,3752.5,0
1568,94.19,1343,51.1,2.08,13.49,88.74,7.91,62.86,7323.9,1
1569,69.25,3024,49.42,2.91,13.28,62.47,10.77,78.85,8416.6,0
1570,81.65,1791,42.91,2.55,11.91,70.29,10.42,79.42,3533.8,1
1571,97.53,1440,54.28,2.23,11.96,85.93,8.31,62.51,3636.0,0
1572,72.95,2221,48.1,2.21,13.24,65.47,10.25,49.22,7753.6,0
1573,91.52,1752,55.93,2.61,12.86,82.97,7.16,56.09,6109.3,0
1574,71.72,3239,46.9,3.38,14.71,66.11,13.0,107.82,3681.3,0
1575,93.6,1686,56.2,1.7,13.01,90.73,10.52,71.62,7520.7,1
1576,87.57,1221,55.68,2.44,14.76,74.21,7.6,50.55,8650.7,0
1577,68.62,700,67.73,2.95,12.82,67.59,7.97,42.99,2426.9,0
1578,101.98,2178,57.52,3.1,14.73,99.48,11.94,42.91,341.1,0
1579,79.18,1807,44.38,3.11,13.61,65.8,7.46,28.9,2814.1,0
1580,78.28,1200,49.05,2.23,13.65,70.23,7.34,83.16,6777.4,0
1581,90.41,3032,53.23,2.17,12.79,85.78,12.85,69.56,9161.0,0
1582,101.78,2667,47.99,2.1,13.66,91.74,11.17,32.43,8644.3,0
1583,75.81,2180,36.88,2.79,14.55,65.49,9.97,52.37,2299.5,0
1584,88.74,3155,60.76,3.72,13.08,84.74,11.45,86.14,8821.9,0
1585,93.15,2664,57.94,4.98,12.93,86.74,11.85,48.84,8126.2,0
1586,96.32,1624,58.81,3.07,13.0,85.69,9.95,35.25,7370.6,0
1587,90.12,1473,52.38,1.28,14.5,84.57,9.02,57.77,6913.4,0
1588,83.6,2773,56.03,2.18,13.88,74.75,8.09,71.6,8090.2,0
1589,78.07,2477,49.86,4.49,14.36,65.79,10.74,47.75,8631.1,0
1590,89.03,2319,55.57,2.42,13.45,88.21,10.99,43.72,8209.2,0
1591,75.13,1607,50.32,2.31,13.23,68.16,7.08,60.66,1306.3,0
1592,55.0,2626,63.03,1.96,13.54,46.22,7.98,35.06,7249.3,0
1593,93.24,1671,46.19,3.55,14.06,90.61,9.92,41.06,8428.9,0
1594,98.85,2129,62.05,2.91,13.0,92.44,10.41,52.16,1938.5,0
1595,59.64,3213,52.96,2.38,14.29,48.51,8.06,75.86,2216.6,0
1596,75.88,1737,52.64,1.54,13.49,70.0,7.8,43.67,7881.2,1
1597,95.43,1099,57.74,2.29,11.27,91.88,8.89,59.66,3504.9,0
1598,112.69,1463,60.31,2.24,13.91,101.3,10.48,73.9,4057.0,1
1599,88.25,2896,61.39,3.52,12.18,78.92,10.26,49.05,3833.9,1
1600,79.26,2378,56.16,3.06,13.89,71.47,9.69,120.53,2207.0,0
1601,85.81,2110,49.43,2.29,13.92,78.1,8.64,82.85,9394.1,1
1602,104.5,1844,55.53,1.94,13.46,93.41,11.54,58.31,8078.0,1
1603,80.25,2540,64.85,2.56,13.63,71.36,10.35,53.4,2580.3,0
1604,78.41,1606,63.91,1.83,14.08,68.47,7.88,40.33,1150.3,0
1605,82.21,2414,59.64,2.53,12.8,76.28,8.64,89.51,3788.8,0
1606,76.56,1688,60.45,2.32,13.83,74.31,7.22,56.14,4211.6,1
1607,89.47,1572,60.03,1.54,14.13,79.61,11.19,22.45,170.2,0
1608,107.5,1754,62.31,2.84,14.61,96.19,9.71,18.08,8882.8,1
1609,91.88,1937,52.34,2.13,12.32,84.55,9.17,55.67,8527.7,0
1610,84.97,2166,46.54,1.85,13.53,74.31,9.49,57.48,8516.6,0
1611,84.5,2365,54.69,2.33,12.43,77.5,9.27,37.65,8077.5,0
1612,69.24,700,52.79,2.19,12.4,61.51,6.87,15.71,7357.9,0
1613,98.6,1635,49.32,2.35,13.49,85.34,9.47,12.35,6381.8,0
1614,87.07,1926,50.81,2.75,13.26,79.94,9.48,38.17,9606.9,0
1615,85.83,3254,67.4,3.73,14.12,78.89,9.89,54.07,7146.1,1
1616,126.32,1444,56.68,3.24,12.92,123.93,11.18,64.3,6339.4,1
1617,91.59,2314,56.5,2.82,13.09,81.51,9.54,53.08,7909.4,0
1618,78.98,3247,45.21,2.16,13.37,73.11,10.37,82.56,2538.0,0
1619,82.88,1281,45.39,1.91,12.51,74.44,7.5,61.59,9674.7,1
1620,101.78,2476,49.03,1.86,12.62,94.73,9.54,66.92,289.7,0
1621,89.36,1638,64.33,3.64,14.09,82.7,9.43,71.22,6519.2,0
1622,70.74,1847,57.4,3.97,12.76,63.09,9.85,25.15,863.2,1
1623,99.03,1638,59.23,2.81,14.15,91.15,8.58,40.9,8547.7,0
1624,79.98,1688,60.09,3.0,13.69,68.45,6.64,99.95,9679.6,0
1625,110.48,4105,47.09,3.6,11.96,97.92,12.32,28.31,4145.2,1
1626,100.96,2791,61.65,3.1,13.62,91.01,10.71,52.59,8585.9,1
1627,82.63,2971,49.27,1.61,13.62,70.82,9.4,69.15,3423.6,0
1628,103.37,2544,62.24,2.64,13.54,92.81,10.24,19.53,1678.1,0
1629,88.81,1076,59.48,1.33,13.09,79.33,7.59,33.2,2838.8,0
1630,98.23,2476,43.23,2.89,12.45,85.87,10.66,96.58,3088.2,0
1631,93.82,2951,48.56,2.83,14.28,89.74,9.49,62.92,6343.6,0
1632,77.84,1603,45.13,3.83,13.12,71.9,9.35,39.93,7981.9,0
1633,80.28,2876,60.26,3.58,12.49,74.74,12.64,63.26,2131.6,1
1634,100.36,2693,53.37,2.99,13.57,93.26,12.79,46.43,973.2,1
1635,83.98,3496,38.64,2.91,12.61,73.92,11.01,97.03,2294.4,1
1636,83.16,1908,57.45,3.75,12.44,78.5,10.1,33.42,3035.7,0
1637,76.54,1432,52.96,2.17,12.9,67.03,9.01,39.93,2870.2,0
1638,93.08,1947,46.15,2.69,12.67,86.84,9.65,23.64,2277.5,0
1639,112.75,3205,62.49,3.03,12.47,105.79,12.49,55.12,4713.4,0
1640,75.19,920,57.86,1.68,13.85,66.59,8.36,43.83,8574.2,0
1641,88.29,752,55.72,2.03,13.11,75.25,8.8,70.23,1093.5,0
1642,104.95,2263,51.96,1.0,14.2,99.08,9.62,35.04,8634.1,0
1643,87.04,1890,46.13,1.16,12.52,79.28,10.3,62.81,5020.4,0
1644,93.43,2205,46.71,2.82,11.82,88.66,12.1,56.77,6638.6,1
1645,75.25,2862,61.04,4.09,13.32,69.42,11.51,21.12,8172.1,0
1646,93.14,1813,52.48,2.64,14.68,88.4,11.35,38.17,3112.8,0
1647,85.75,889,57.35,1.42,13.62,77.02,4.76,31.83,9546.9,1
1648,99.83,3631,39.38,2.03,15.0,90.55,13.18,97.25,929.0,0
1649,102.25,1502,47.98,2.85,13.47,92.19,9.67,61.73,5323.9,0
1650,119.07,1459,59.54,1.75,13.39,113.34,11.11,53.45,2622.6,1
1651,94.96,2973,55.26,3.4,11.48,85.43,9.96,0.0,4138.7,0
1652,91.91,1931,65.62,2.73,13.54,83.57,9.03,15.22,4543.8,1
1653,90.33,2156,62.71,2.9,13.33,82.51,11.0,69.29,9153.7,0
1654,83.76,2538,52.55,2.72,12.87,79.49,8.99,72.67,4471.7,0
1655,92.06,2959,55.88,3.19,13.09,83.6,11.48,44.71,7009.7,0
1656,84.46,1967,53.17,2.34,13.15,75.9,9.41,54.15,9522.5,0
1657,90.02,3264,64.77,2.51,13.06,81.72,11.34,60.52,4995.9,0
1658,103.81,705,64.37,1.23,14.87,94.61,8.9,49.42,4142.3,0
1659,75.92,2732,54.61,0.87,12.9,65.84,8.94,50.75,9732.4,0
1660,101.68,1612,56.88,2.13,13.34,96.97,8.57,67.78,8294.0,1
1661,103.81,3161,61.24,4.19,12.88,96.46,11.73,82.89,9403.8,0
1662,86.58,2299,57.87,3.17,13.83,77.04,8.56,36.4,4032.5,1
1663,62.54,1729,65.03,2.51,13.34,55.34,9.78,28.29,6993.6,0
1664,80.71,2664,40.54,2.16,12.98,69.83,9.39,41.86,2571.1,0
1665,103.56,2825,56.01,3.62,11.66,95.29,12.33,59.73,8671.6,1
1666,87.73,2649,50.59,2.65,13.39,85.59,9.52,64.81,9337.5,1
1667,76.01,1479,66.63,3.48,12.95,65.49,9.25,66.44,2751.9,0
1668,81.94,1861,64.57,1.6,13.15,74.29,7.25,72.4,1138.8,0
1669,98.09,2197,54.72,1.94,12.25,95.4,11.94,62.23,2087.3,0
1670,94.56,2171,63.81,1.85,14.35,87.32,11.45,59.42,6365.0,0
1671,85.13,2725,64.25,1.59,13.89,80.94,9.93,91.13,2794.6,0
1672,83.6,790,57.88,1.25,14.34,73.34,6.64,46.64,6422.2,0
1673,83.3,2434,68.97,2.73,14.12,75.41,10.64,68.21,3566.9,0
1674,76.93,1997,54.87,1.88,13.67,71.7,7.38,60.19,9176.7,0
1675,107.38,1613,54.35,0.2,12.29,96.95,9.74,48.01,4580.7,0
1676,84.13,1680,60.84,3.17,14.67,74.76,8.02,48.55,5026.5,0
1677,102.61,2050,52.67,1.13,12.46,95.31,9.89,80.54,3545.8,0
1678,106.26,700,57.98,2.47,12.99,101.99,7.52,44.2,823.1,0
1679,99.98,1709,63.95,2.34,13.77,94.51,8.63,45.0,4987.0,0
1680,82.82,1587,55.95,3.96,13.81,77.39,10.85,36.58,7766.2,0
1681,92.84,2573,43.64,3.51,13.66,82.61,11.57,65.69,9534.8,0
1682,87.71,1636,57.92,1.88,12.88,84.75,7.27,41.37,858.1,1
1683,77.16,2049,50.77,1.91,12.71,69.3,8.25,60.73,7994.2,0
1684,91.89,3280,57.59,4.23,15.0,84.64,12.69,65.03,2743.9,0
1685,73.85,2896,57.45,1.67,13.17,62.74,11.62,50.63,8245.9,0
1686,102.25,2832,62.06,2.98,13.07,93.55,9.69,30.88,3485.9,0
1687,82.42,1850,60.76,2.28,12.63,72.82,10.02,32.32,1232.9,0
1688,90.41,2580,60.35,2.44,13.4,83.99,10.88,39.84,6159.0,1
1689,91.4,2036,50.87,2.75,13.36,87.09,7.45,33.94,8949.7,0
1690,84.89,2063,59.7,2.63,13.19,77.87,9.11,63.28,1897.7,0
1691,95.04,2487,65.78,3.03,13.51,84.71,10.42,99.3,315.9,0
1692,82.3,1782,51.32,2.46,14.61,71.98,9.14,42.27,8850.0,1
1693,98.46,3245,63.23,3.34,12.72,91.75,10.25,53.59,7008.5,0
1694,71.85,2088,51.61,2.56,13.23,66.43,8.26,42.64,8106.1,0
1695,89.52,2633,48.6,2.21,12.68,84.69,9.86,74.75,692.4,0
1696,111.27,3219,54.18,3.0,13.44,103.68,11.6,69.64,8915.5,1
1697,76.0,2922,57.51,2.29,12.75,67.59,9.95,59.0,4249.6,1
1698,79.87,1214,62.07,1.47,12.78,67.45,7.98,24.82,8986.4,0
1699,94.17,2511,48.15,2.41,12.03,85.8,10.96,37.51,742.8,1
1700,90.15,2796,55.99,2.71,13.28,80.31,13.0,62.08,8859.6,0
1701,92.21,2824,49.19,2.85,13.54,86.55,12.03,63.21,6766.4,1
1702,93.87,1421,47.17,2.92,14.69,85.75,10.52,50.0,5587.3,0
1703,95.62,1740,49.88,1.93,13.58,87.2,8.9,65.54,711.6,1
1704,101.32,2896,48.6,3.01,12.84,93.74,10.21,34.73,6915.3,0
1705,92.92,1667,58.75,2.39,12.11,84.98,10.24,57.87,6018.0,0
1706,85.1,1990,61.93,1.96,12.22,76.73,9.47,58.7,7290.3,1
1707,96.07,3303,43.49,3.1,12.16,86.63,12.72,42.46,7195.5,1
1708,110.8,2167,56.62,3.33,14.7,99.29,9.59,42.7,4493.0,0
1709,86.41,1691,48.55,2.46,13.43,85.21,9.86,65.81,2126.3,0
1710,76.31,1586,59.66,2.44,12.73,64.96,8.36,28.54,9197.8,1
1711,101.28,2433,50.3,2.08,12.43,98.42,10.17,105.67,9263.3,0
1712,86.56,1267,50.15,3.7,12.52,77.63,8.01,60.52,2198.1,0
1713,61.93,2027,59.88,1.94,12.71,46.86,9.32,52.81,6343.5,0
1714,98.17,2433,50.53,1.31,14.25,90.3,11.54,51.36,2108.4,0
1715,81.58,3109,50.91,3.64,13.18,73.04,10.6,76.22,8626.1,0
1716,86.91,2667,40.33,2.66,12.04,79.84,10.98,49.58,1072.3,0
1717,91.98,1700,61.24,2.07,15.0,81.98,9.7,44.59,9903.0,0
1718,90.29,3025,57.84,2.47,12.29,81.2,12.11,89.0,6147.5,1
1719,96.51,1990,54.98,3.94,12.73,90.54,11.07,44.31,326.8,0
1720,82.77,1335,47.18,2.43,14.25,75.12,10.6,52.53,8830.8,1
1721,94.16,2080,62.04,2.93,13.53,89.51,9.38,39.07,6876.1,1
1722,84.89,3207,48.59,3.12,12.82,77.24,13.06,66.22,7003.5,0
1723,96.87,2316,51.58,2.81,12.21,90.12,10.53,67.31,2822.8,0
1724,95.38,2209,68.39,3.66,12.43,86.97,8.86,88.71,3434.3,0
1725,76.77,3346,48.14,2.86,12.47,70.9,10.45,43.13,9152.7,0
1726,101.03,1198,60.96,0.92,13.21,93.68,9.42,20.03,6386.1,0
1727,81.57,1300,59.79,2.83,13.35,73.54,9.2,44.26,267.8,0
1728,97.7,1069,59.13,2.43,13.08,89.46,7.33,35.87,3341.3,0
1729,92.41,2461,55.73,2.74,13.17,83.58,9.53,56.26,6025.6,0
1730,110.06,2317,56.47,2.97,12.36,102.58,10.21,66.14,1565.3,0
1731,85.32,3280,54.07,2.73,13.43,79.68,10.39,106.78,1073.1,0
1732,83.81,2370,53.95,2.63,14.22,75.56,7.76,46.99,687.9,0
1733,87.77,1917,64.22,2.31,13.07,80.3,6.81,9.09,6342.7,0
1734,84.36,2201,46.73,2.07,13.05,73.29,9.32,50.25,3273.9,0
1735,97.6,2282,60.49,3.53,13.27,86.15,10.67,62.5,3799.4,0
1736,68.6,1030,61.97,0.88,14.09,64.72,8.26,28.59,694.4,0
1737,75.36,4097,55.05,5.28,12.48,65.5,10.67,71.06,7406.4,1
1738,75.19,2564,60.63,3.41,14.36,64.73,8.39,59.93,7690.9,0
1739,99.4,2347,53.66,1.18,13.54,95.44,9.89,61.08,8311.4,1
1740,108.53,2631,42.38,2.55,13.22,98.79,11.27,73.41,6551.5,0
1741,86.75,2697,53.16,2.63,14.17,76.06,11.82,56.33,7755.6,0
1742,85.97,2102,48.84,2.81,12.25,80.82,10.55,65.36,5814.5,0
1743,88.84,1758,51.07,1.55,13.62,81.55,8.83,16.37,4967.2,0
1744,101.94,2620,46.2,2.75,13.54,93.38,11.45,38.27,2672.1,0
1745,76.87,2470,51.24,2.56,12.45,67.16,8.91,49.79,628.4,1
1746,90.86,1633,52.12,1.69,13.57,85.83,9.24,31.5,2989.0,0
1747,99.7,3193,38.26,2.29,13.43,88.23,11.73,61.09,6867.9,1
1748,94.01,2405,58.34,3.37,13.06,92.1,12.11,49.36,9275.7,0
1749,90.27,2711,66.87,1.41,13.89,78.3,11.34,48.96,2636.5,0
1750,100.01,3174,56.2,3.36,12.74,90.36,10.86,78.52,6731.5,0
1751,55.56,2215,53.53,3.18,13.42,49.43,7.88,56.77,4834.6,0
1752,96.13,2422,53.76,2.46,13.09,85.54,10.12,34.66,6312.7,0
1753,80.15,2767,50.97,2.84,12.71,75.29,8.6,46.34,116.1,0
1754,66.03,1693,56.27,3.24,13.6,57.69,8.1,67.02,1314.3,0
1755,94.13,2238,54.25,1.99,13.03,85.42,10.0,59.22,2248.5,0
1756,104.48,2288,49.26,2.1,12.02,95.78,11.17,79.45,8945.2,1
1757,86.35,1531,66.03,1.84,11.76,80.87,9.58,67.92,501.2,0
1758,99.43,3822,42.35,4.2,13.83,92.92,12.86,56.95,5739.4,0
1759,107.35,1215,60.75,3.13,12.22,98.97,7.15,77.8,9293.5,0
1760,103.78,1291,55.7,1.01,13.42,97.96,7.63,79.9,6555.5,0
1761,107.68,3120,64.03,3.76,13.24,98.87,11.25,24.81,4895.6,1
1762,96.91,2699,55.58,3.42,12.91,90.75,11.75,58.63,3921.3,0
1763,88.91,1482,53.85,3.46,14.77,77.91,9.6,39.69,6279.5,0
1764,68.78,2625,52.36,3.04,13.34,56.09,9.57,52.34,4855.8,0
1765,85.05,3227,52.78,2.97,13.8,77.94,14.17,44.84,7083.6,1
1766,77.88,2179,47.83,3.45,13.43,67.12,11.39,36.04,6216.0,0
1767,114.05,4019,46.19,3.92,13.01,106.69,15.03,83.94,5717.3,0
1768,85.89,993,46.3,3.8,13.18,80.7,8.86,24.4,9572.4,1
1769,89.48,2686,48.06,3.53,14.37,82.76,11.24,59.78,8373.4,0
1770,94.62,3017,53.47,3.03,14.07,86.36,11.82,32.92,6127.7,1
1771,88.52,2824,55.13,1.88,14.76,85.88,8.69,84.13,5432.6,1
1772,108.34,2057,42.87,2.01,13.38,98.46,9.14,54.74,7267.0,0
1773,80.53,1997,54.21,1.3,12.5,72.27,9.07,68.69,8058.8,0
1774,90.34,2511,57.33,2.51,12.85,79.33,10.61,60.77,3022.8,1
1775,79.09,2771,52.52,3.54,12.25,69.27,10.3,53.36,6702.8,1
1776,72.16,2622,50.03,2.73,13.81,63.8,10.31,58.9,1438.0,0
1777,80.66,2928,50.7,3.68,12.73,73.73,8.22,89.51,4361.5,0
1778,87.56,1487,52.77,2.49,10.76,74.99,9.43,32.77,9390.5,1
1779,82.85,2041,51.11,2.15,15.0,68.34,9.56,3.06,3330.4,0
1780,79.69,1542,56.99,2.31,12.74,72.71,8.4,35.31,1626.9,0
1781,71.12,1930,69.07,2.8,12.74,60.0,10.02,29.2,1546.8,0
1782,87.0,2911,48.7,2.97,14.54,81.12,9.68,78.62,3997.9,1
1783,69.94,2276,52.63,2.69,12.23,63.71,9.1,51.94,2329.2,0
1784,97.12,4025,50.57,2.75,14.11,90.28,13.3,82.5,4326.5,0
1785,88.99,2335,50.18,2.25,12.73,78.94,9.12,56.45,7217.0,0
1786,70.51,2242,61.19,4.37,12.14,65.73,6.95,55.42,8892.8,0
1787,84.29,2274,40.23,3.56,14.56,71.64,8.5,58.72,1190.6,0
1788,78.97,1754,52.34,1.16,13.94,68.16,8.84,81.92,7707.2,1
1789,91.83,2160,59.55,0.63,13.94,81.85,9.68,58.49,1124.5,0
1790,104.09,2989,51.14,2.96,13.49,96.97,11.63,81.92,3856.4,1
1791,65.5,2280,49.63,3.29,13.68,55.01,8.45,76.38,9965.8,1
1792,89.38,1645,58.33,1.87,12.21,90.13,7.55,48.4,779.9,0
1793,86.08,1552,61.33,3.07,13.29,76.76,9.03,49.64,326.5,0
1794,96.06,1885,56.43,2.45,12.46,87.58,9.51,45.55,3403.1,0
1795,90.56,2252,49.66,2.43,12.09,88.22,10.84,80.97,9516.1,0
1796,78.98,3036,55.7,3.52,13.53,69.76,9.95,41.19,298.4,0
1797,84.17,1262,54.07,1.69,14.13,74.4,5.94,34.91,2304.8,1
1798,78.45,1976,59.56,2.21,12.89,76.01,6.11,48.13,6071.3,1
1799,100.91,2301,63.2,3.12,13.03,96.47,10.03,32.64,2414.2,1
1800,88.26,916,41.51,1.97,12.29,74.06,8.14,35.47,632.7,0
1801,110.81,1616,56.28,3.8,13.21,103.37,9.55,74.22,619.2,1
1802,87.27,1724,45.12,2.88,13.81,76.35,8.49,65.17,5635.7,0
1803,79.5,1643,70.4,2.79,13.83,68.12,6.86,43.24,5662.7,0
1804,69.84,2334,51.61,2.56,13.64,60.65,7.2,71.86,7094.1,0
1805,66.36,2088,59.41,3.19,12.71,55.31,9.42,95.96,1404.2,0
1806,68.99,1811,55.26,2.11,12.68,67.33,8.38,58.93,5048.5,0
1807,91.21,2500,49.15,2.9,13.84,83.9,10.03,85.2,6049.4,1
1808,94.1,3406,46.6,2.35,13.85,95.35,10.08,79.27,2301.5,0
1809,69.03,3347,61.91,3.89,13.06,66.26,9.8,56.0,5518.7,1
1810,98.74,854,62.95,2.23,12.86,92.38,8.32,50.87,7111.6,0
1811,82.2,2604,65.47,4.31,14.13,76.2,10.65,67.95,9909.3,0
1812,89.76,2075,55.15,4.4,12.91,81.64,9.58,39.35,6004.6,0
1813,107.35,2309,55.98,3.2,13.8,99.41,12.4,3.47,8625.8,0
1814,98.76,1921,53.47,2.47,13.09,90.36,9.17,36.65,8353.4,0
1815,84.78,2282,52.71,1.82,12.36,76.25,11.46,12.33,9408.6,0
1816,77.31,2306,48.18,3.31,14.49,68.31,9.95,40.61,7258.3,0
1817,62.18,1795,56.05,2.53,13.3,57.06,8.52,18.42,2209.7,1
1818,79.37,1573,51.15,2.69,12.63,73.54,9.78,68.84,3051.1,0
1819,85.47,1886,57.88,3.78,12.09,77.58,8.6,29.46,7868.4,0
1820,76.15,2364,55.35,1.95,12.17,68.22,9.34,66.87,5256.1,0
1821,86.42,2619,55.48,1.99,12.9,81.67,9.01,72.85,2588.0,1
1822,88.92,2797,63.43,2.62,14.74,77.68,11.96,72.61,6601.0,0
1823,85.3,1854,55.06,3.04,12.73,75.13,9.69,15.56,9074.7,0
1824,80.2,2399,58.77,3.07,14.36,74.78,11.25,78.65,3641.1,0
1825,90.02,2874,65.53,2.13,13.1,82.65,11.23,67.45,6002.8,0
1826,93.3,3016,60.76,3.51,12.26,79.27,12.64,75.98,5856.9,0
1827,74.92,2159,61.66,1.56,12.82,66.43,8.49,91.35,1357.0,0
1828,104.93,2045,52.95,1.8,12.18,95.74,11.45,69.96,993.4,0
1829,86.82,2334,55.7,2.51,12.52,80.64,9.59,32.15,8905.3,1
1830,88.23,1395,48.28,1.74,12.49,81.17,8.71,63.24,9342.0,0
1831,96.5,2064,57.8,3.19,11.68,83.96,10.87,24.11,9052.0,0
1832,90.8,2721,55.17,3.0,14.41,82.46,13.58,56.87,4026.9,0
1833,99.44,2649,53.75,4.15,13.37,91.65,11.96,47.63,2947.4,1
1834,91.45,2011,61.1,2.26,12.65,83.42,10.84,54.07,9427.5,0
1835,80.65,2352,47.07,2.51,13.38,65.01,9.22,25.72,8839.7,1
1836,92.34,1623,65.52,3.25,12.53,84.22,9.38,23.65,8216.2,0
1837,74.28,2692,59.09,2.69,11.06,68.77,10.05,48.97,3408.4,1
1838,89.3,2146,54.26,3.71,15.0,83.27,11.56,50.22,6423.6,0
1839,87.6,2007,54.08,2.89,13.35,77.26,9.43,45.33,7529.2,0
1840,85.5,1947,57.99,0.54,12.73,81.79,11.03,82.49,5803.9,0
1841,86.46,2156,63.8,3.46,11.65,77.11,8.22,63.21,6059.8,0
1842,65.42,1886,55.95,3.13,12.0,59.59,10.32,61.04,7591.2,0
1843,81.42,2661,54.56,3.51,14.52,78.99,9.33,50.12,7691.6,1
1844,89.11,1923,55.24,0.89,14.4,84.05,10.55,25.5,2475.5,0
1845,89.92,3315,63.03,2.51,13.8,81.84,10.61,61.61,3967.7,0
1846,75.67,3226,50.39,2.53,12.31,63.48,11.75,97.3,7833.7,1
1847,103.19,1576,55.56,1.59,14.41,92.45,8.35,55.74,2688.3,0
1848,77.61,2249,63.33,3.96,13.56,70.49,10.86,77.56,9164.4,0
1849,99.63,1745,56.31,2.33,13.72,88.72,10.64,77.06,8405.0,0
1850,93.13,1971,61.83,2.41,13.56,86.2,9.02,64.82,8965.0,1
1851,80.25,3602,46.36,3.61,11.99,76.64,12.43,67.82,3043.3,0
1852,109.3,1985,53.65,2.9,12.24,101.24,11.46,33.95,1140.7,0
1853,73.68,2452,63.07,0.2,12.79,70.19,8.67,52.34,1095.8,0
1854,99.03,2579,49.7,2.19,13.71,88.66,9.62,50.06,5603.5,0
1855,100.01,1500,55.0,1.09,12.1,89.59,7.99,57.4,3125.3,0
1856,79.95,1601,57.37,2.59,13.06,74.59,7.27,23.13,2708.9,0
1857,104.71,1356,50.24,1.93,13.06,96.27,7.93,39.19,2301.8,0
1858,85.0,1580,53.36,2.27,13.83,76.59,9.98,59.36,5664.8,0
1859,91.46,700,58.24,0.34,13.74,80.85,8.45,31.96,5526.1,0
1860,91.12,2581,54.08,2.46,12.39,86.86,8.55,38.98,4280.9,0
1861,86.39,3638,59.4,4.08,14.36,76.59,11.39,47.8,1470.6,1
1862,97.73,2303,63.57,3.71,12.27,93.68,9.01,50.17,9295.1,1
1863,97.52,1209,51.37,2.67,14.07,87.19,9.79,1.44,4336.6,1
1864,67.02,1750,56.28,1.27,12.76,55.83,7.96,37.38,1324.1,0
1865,103.65,1879,59.18,3.4,13.33,97.66,8.12,72.13,467.1,0
1866,68.05,1488,65.22,2.8,13.38,56.39,8.34,57.2,1610.7,1
1867,100.39,2802,57.61,2.72,13.36,97.11,11.97,67.01,3041.5,1
1868,101.52,2767,55.11,1.18,13.74,90.22,10.08,21.85,6337.9,0
1869,74.91,1391,60.28,2.94,13.51,62.59,7.92,41.86,9712.3,0
1870,83.07,2708,57.64,2.29,13.83,74.03,9.41,55.73,2793.5,0
1871,74.73,3269,46.96,3.3,13.57,67.32,12.54,70.7,7919.1,0
1872,85.42,3532,53.09,3.19,12.19,76.48,11.29,85.21,9122.7,0
1873,84.3,4206,59.35,4.67,13.42,78.11,11.92,86.13,3976.6,0
1874,97.36,1569,54.54,2.16,12.75,81.48,9.22,39.5,2607.4,0
1875,103.72,4177,51.31,3.42,12.31,97.48,13.17,55.61,4961.6,1
1876,104.75,1952,53.52,3.69,12.97,92.8,10.95,81.75,8977.4,0
1877,81.25,1785,41.57,1.83,13.35,75.48,10.51,45.31,208.7,1
1878,85.49,2429,54.26,3.29,13.4,72.7,11.63,34.72,4917.7,0
1879,67.8,1793,57.33,2.2,14.04,53.76,8.13,48.41,7600.2,0
1880,78.33,2479,51.01,1.86,14.25,69.17,10.35,83.66,6051.2,0
1881,99.58,1276,49.43,2.13,13.47,90.72,10.71,31.36,5023.7,0
1882,107.39,2033,49.52,3.02,13.61,102.26,12.17,45.42,5580.8,0
1883,73.19,3100,57.46,4.03,13.28,68.41,9.69,43.13,6230.4,1
1884,80.89,2160,66.54,3.7,13.81,72.0,10.31,73.89,6852.5,1
1885,87.68,2299,62.68,2.35,13.59,75.31,10.55,61.35,3626.2,0
1886,91.36,2533,45.83,1.9,13.16,85.01,11.63,75.51,5222.0,0
1887,78.28,3019,58.13,2.65,14.92,63.66,12.29,91.22,2808.3,0
1888,93.09,1041,52.89,1.07,12.76,86.92,7.1,17.81,9841.5,0
1889,82.31,2609,50.3,2.55,14.36,73.63,9.49,42.27,1954.2,1
1890,87.83,2012,52.19,2.18,12.12,79.13,10.71,45.2,1591.5,1
1891,94.56,2317,58.55,3.17,13.85,86.86,10.49,57.08,2761.3,1
1892,88.08,2942,58.85,1.11,14.35,86.21,8.35,69.57,9208.5,0
1893,82.76,1364,55.7,1.58,11.67,76.62,6.47,40.16,6622.7,1
1894,86.68,1491,55.52,1.64,13.31,78.09,9.59,36.91,4613.7,0
1895,86.94,845,60.08,2.95,13.77,79.23,8.84,66.0,9261.4,0
1896,83.56,1816,58.79,1.48,13.4,73.65,7.55,63.62,9011.5,0
1897,84.89,3131,59.8,3.14,13.5,74.62,12.51,66.91,4075.8,1
1898,107.18,2116,46.93,2.4,13.31,99.9,10.21,11.58,5680.0,0
1899,94.73,1262,56.54,2.95,12.32,89.62,7.51,73.51,9063.2,0
1900,84.45,1860,48.88,2.86,15.0,71.81,8.6,56.64,3262.0,1
1901,96.36,1158,56.31,2.17,12.8,92.43,7.17,45.51,4134.6,0
1902,83.99,1412,54.82,1.74,13.55,77.78,7.84,33.89,7950.8,0
1903,102.08,2472,53.67,1.18,12.68,96.63,8.56,43.97,7016.5,0
1904,92.44,1378,51.4,2.37,11.38,82.2,8.74,32.25,581.6,0
1905,86.71,2979,44.11,3.31,12.46,74.76,11.73,19.72,1262.0,0
1906,93.37,2150,42.08,1.26,12.04,85.89,8.4,38.35,8478.0,0
1907,69.15,2260,53.79,1.58,14.07,60.46,9.36,23.38,394.4,0
1908,74.48,2005,52.47,2.65,12.71,65.19,8.17,52.62,9207.3,1
1909,73.67,2741,49.53,3.05,12.79,60.26,11.02,35.23,2790.4,0
1910,89.72,2748,61.41,1.99,12.35,87.04,8.01,72.89,6024.0,0
1911,108.79,2435,48.83,2.19,13.28,98.56,11.84,23.12,5689.4,1
1912,114.78,2595,62.13,1.25,12.63,105.65,9.25,81.27,4022.9,1
1913,95.66,2052,64.58,3.58,13.99,88.77,9.7,70.84,411.2,0
1914,94.01,2580,42.08,1.67,13.44,85.03,9.83,35.95,2005.5,0
1915,66.39,1963,55.74,2.87,12.74,56.16,8.36,51.7,6188.2,0
1916,81.49,2202,52.22,2.51,13.88,71.74,7.84,37.92,4519.1,0
1917,78.55,2008,37.55,3.49,13.21,64.07,11.28,65.42,4197.0,0
1918,80.55,1880,46.6,1.76,13.22,72.17,7.62,89.08,1067.3,0
1919,85.98,1718,60.21,2.37,12.03,77.9,7.66,75.73,3536.6,0
1920,82.33,2527,66.08,1.33,13.14,74.88,12.35,43.21,5311.7,0
1921,64.25,3117,58.31,1.4,13.46,54.59,10.84,62.8,869.2,0
1922,96.97,3020,54.83,3.39,14.27,89.07,9.94,90.36,760.3,1
1923,75.13,1320,56.29,0.72,12.6,67.09,7.98,60.21,4966.4,0
1924,90.87,3102,62.86,2.76,15.0,82.82,11.08,80.62,5656.4,1
1925,112.89,1977,67.77,3.25,13.65,105.29,8.42,66.69,2650.7,1
1926,76.97,2621,50.29,3.33,11.98,70.79,9.24,59.05,3325.1,0
1927,57.64,1566,44.03,1.72,12.52,48.38,7.86,49.8,7989.0,0
1928,84.57,2299,41.81,1.31,14.34,77.42,11.45,31.38,8705.4,0
1929,101.21,2420,61.99,3.05,14.19,91.37,10.47,41.0,3319.8,0
1930,111.5,1161,56.24,3.15,13.21,103.17,9.03,30.73,3621.6,0
1931,73.25,2626,54.92,2.2,13.32,66.41,9.05,50.53,8320.2,0
1932,93.96,3142,41.92,2.32,12.27,81.27,12.84,62.64,9741.0,1
1933,82.42,2078,50.34,2.07,14.26,74.72,10.61,52.11,3273.9,0
1934,86.73,3152,50.91,3.43,12.41,76.86,12.24,65.03,7908.4,0
1935,119.73,2067,55.9,3.46,13.88,113.83,10.95,67.49,4849.0,1
1936,69.96,2795,51.11,1.82,14.28,68.04,8.25,50.26,2710.9,0
1937,91.04,700,51.34,0.8,13.24,84.75,9.07,60.76,6849.7,0
1938,93.61,3893,46.45,5.17,13.97,92.02,12.71,87.92,4679.2,0
1939,101.03,3247,59.66,2.87,14.68,93.74,11.56,69.58,2754.8,0
1940,89.18,2001,56.44,2.65,13.41,76.77,10.19,42.91,1161.6,0
1941,91.7,820,60.99,1.45,13.06,86.41,8.23,65.65,8682.8,1
1942,83.3,2402,48.81,3.02,13.15,81.62,8.76,65.86,8798.8,0
1943,91.23,1189,38.86,2.85,12.61,78.73,8.12,61.31,842.1,0
1944,83.88,2511,50.85,2.92,12.59,77.31,7.94,87.57,6667.6,1
1945,95.46,2488,48.76,4.06,13.55,87.51,10.7,70.92,1709.5,0
1946,83.56,1541,58.02,1.98,13.07,73.2,10.36,82.53,6498.6,0
1947,92.53,2985,72.7,2.68,13.46,82.96,9.09,56.74,9085.4,0
1948,87.65,2764,57.63,2.98,12.01,77.4,10.89,49.75,2676.1,0
1949,101.51,2883,69.55,3.22,13.13,90.81,12.2,82.08,3544.5,0
1950,87.38,2206,57.99,2.73,14.02,84.62,10.87,35.32,7971.8,0
1951,66.72,1209,52.91,1.07,12.3,62.97,6.78,86.82,7380.2,0
1952,103.14,2885,55.21,3.1,13.21,91.63,10.14,85.15,4145.7,0
1953,77.13,2011,65.71,2.16,11.72,71.48,8.54,55.62,8500.6,0
1954,80.15,1227,67.55,1.64,12.16,74.17,9.6,73.19,9213.8,1
1955,80.85,3146,49.28,2.99,13.85,76.64,9.02,73.93,4581.2,0
1956,104.49,3670,53.06,2.43,12.95,97.71,11.23,38.02,490.6,1
1957,62.37,2171,46.22,1.62,14.66,55.42,8.41,38.5,5143.5,0
1958,125.65,3711,56.28,1.13,13.55,120.47,12.32,69.78,7422.9,1
1959,100.67,2264,63.7,3.97,13.62,95.83,10.39,58.57,2278.4,0
1960,90.68,1934,55.34,2.86,12.34,81.72,11.3,79.56,1084.4,0
1961,87.34,1759,51.46,2.25,12.89,81.76,7.78,58.39,2923.6,0
1962,91.43,3346,54.43,2.52,12.61,85.25,11.57,36.5,214.7,0
1963,94.25,1654,58.14,0.2,12.35,92.81,9.29,40.82,7183.2,0
1964,95.74,2715,53.99,2.19,13.73,81.93,10.55,72.95,1546.1,0
1965,94.67,1809,56.4,2.94,13.89,83.84,7.66,16.2,7264.1,1
1966,89.07,1878,54.18,3.15,13.52,82.56,8.69,24.84,2422.0,0
1967,85.63,2921,59.13,3.38,12.54,80.33,10.14,51.87,9921.4,0
1968,86.18,1934,59.54,2.55,13.46,78.15,10.2,71.94,5364.8,0
1969,85.66,1917,49.26,3.46,11.67,77.71,9.9,48.96,509.3,0
1970,101.61,2993,46.85,2.63,14.26,97.43,9.71,68.98,7749.5,1
1971,95.12,3318,50.78,3.91,12.16,94.77,11.37,61.81,4159.9,0
1972,55.0,2651,58.3,2.44,12.3,48.58,8.83,54.89,6112.5,1
1973,95.87,1742,56.34,1.63,13.29,92.56,11.84,39.17,9517.0,0
1974,90.34,1843,51.42,1.57,13.36,81.82,9.8,69.65,5221.0,0
1975,87.78,2256,56.04,1.71,13.14,79.24,8.69,30.25,8063.3,0
1976,83.34,2425,52.18,3.17,12.31,78.26,9.15,51.67,3097.6,1
1977,101.49,1508,61.17,1.63,14.11,95.09,8.89,73.77,7173.8,0
1978,99.37,2706,55.5,1.94,11.85,86.08,11.5,42.75,1083.3,0
1979,78.73,2260,52.63,3.14,12.01,68.4,10.25,24.23,8944.2,0
1980,92.88,999,58.34,2.26,13.11,86.24,8.52,5.46,2077.5,0
1981,76.34,1550,63.84,3.02,12.19,61.46,8.27,64.42,3089.1,0
1982,71.44,1847,51.97,2.79,14.18,67.04,8.63,67.55,9586.3,0
1983,80.48,2149,57.15,1.91,12.26,74.92,9.41,47.81,1636.6,1
1984,98.35,3522,51.45,3.2,14.45,90.68,10.11,37.51,2618.7,0
1985,99.44,2367,56.74,2.72,14.03,96.03,10.48,53.08,5843.8,0
1986,94.16,1611,51.79,1.54,14.19,80.79,8.54,75.03,9808.9,0
1987,96.7,2354,54.88,1.73,14.71,88.15,8.46,30.54,6945.1,0
1988,94.19,1954,61.68,1.88,13.26,88.56,12.65,74.68,1230.5,0
1989,80.3,2427,48.55,4.27,12.39,70.96,10.35,22.46,7506.4,0
1990,93.18,2606,45.76,2.39,13.12,84.74,10.71,34.7,4319.5,0
1991,97.6,3046,45.08,3.91,12.75,90.52,11.07,62.26,9924.1,0
1992,97.05,2183,47.54,2.16,12.63,92.68,11.07,73.85,6324.3,0
1993,102.27,3347,55.77,3.77,13.32,98.58,10.73,91.32,5366.4,1
1994,96.5,2836,44.82,3.55,12.95,81.94,10.78,78.65,5616.9,0
1995,92.22,1705,53.76,3.08,12.6,88.28,8.17,83.07,6451.5,0
1996,100.84,3747,55.12,3.55,13.0,87.75,13.54,67.92,7345.1,1
1997,87.68,2429,56.63,3.74,13.64,82.22,9.25,43.94,875.4,1
1998,77.42,1615,53.5,2.58,13.97,67.05,9.98,75.17,1393.6,1
1999,86.04,3357,53.43,4.43,11.92,76.65,11.45,89.21,3074.7,0
2000,79.06,3654,52.37,1.9,12.96,69.06,12.7,82.34,4831.7,0
2001,79.9,2177,53.33,2.81,13.09,69.7,10.07,67.11,3179.6,0
2002,86.27,1847,54.03,2.61,12.25,83.1,10.59,80.72,2217.0,0
2003,78.49,2079,68.29,1.74,13.1,72.52,8.27,61.12,9257.8,0
2004,84.3,2700,58.46,3.23,13.32,80.41,11.61,57.59,422.7,0
2005,65.28,3094,67.81,1.75,13.62,56.71,8.22,74.88,9393.1,0
2006,90.56,2599,50.79,2.2,13.26,86.53,10.65,66.95,9081.7,0
2007,88.01,2271,53.93,0.97,12.5,85.96,9.36,73.13,6869.4,1
2008,78.19,3249,44.55,4.26,14.81,70.91,9.45,58.65,422.1,0
2009,95.91,1981,50.12,2.26,13.86,94.54,8.78,71.87,2331.0,0
2010,99.25,2922,64.48,4.6,13.64,90.47,10.61,76.48,9793.1,0
2011,68.71,1998,51.97,3.09,14.0,64.48,8.69,58.06,9068.9,0
2012,78.85,2502,65.55,3.03,13.4,73.37,9.41,41.8,9649.3,0
2013,78.77,2121,47.34,2.04,14.23,77.61,9.56,79.34,9961.6,0
2014,76.72,2161,48.41,1.69,13.25,63.77,8.46,30.57,732.5,0
2015,97.95,1936,53.0,2.84,13.2,94.34,9.28,34.26,5751.5,0
2016,85.67,3141,52.33,2.91,13.71,78.77,10.89,64.01,8358.0,0
2017,84.83,1687,61.17,1.24,14.46,82.2,9.24,1.76,3265.1,0
2018,63.95,1682,58.47,1.09,14.41,58.46,9.3,82.75,4412.0,0
2019,95.63,3685,49.07,2.44,13.67,82.37,13.42,64.2,2909.0,0
2020,73.13,2884,52.5,4.3,13.61,64.24,10.7,89.9,476.9,0
2021,88.72,700,55.66,3.77,13.76,82.89,8.2,82.08,819.9,0
2022,91.33,1804,49.87,2.53,13.99,83.43,9.8,49.53,312.3,0
2023,104.33,932,51.69,2.12,14.24,98.01,8.2,74.36,5319.7,0
2024,72.29,1535,62.17,1.97,13.01,64.57,9.44,29.8,6222.4,0
2025,55.0,700,46.81,1.25,14.25,45.0,5.4,54.67,3146.2,0
2026,90.21,2104,64.46,3.6,13.47,83.2,7.38,44.96,8278.9,0
2027,109.61,1401,53.99,3.68,13.72,100.95,8.21,64.13,8891.3,0
2028,102.87,2242,49.77,1.84,14.31,94.16,12.17,72.9,1483.5,1
2029,90.52,1062,61.28,1.96,13.8,83.49,7.93,44.98,614.1,0
2030,82.1,2258,63.41,2.21,13.93,76.31,10.11,66.24,3261.9,0
2031,97.69,1910,61.81,2.07,12.89,91.26,9.48,72.15,7158.6,1
2032,76.32,3251,55.56,3.96,14.4,66.22,11.75,65.06,5123.5,1
2033,93.72,3188,59.09,1.94,13.76,83.37,11.67,111.71,4932.1,0
2034,94.07,2750,43.15,3.16,13.3,89.48,10.86,55.56,1608.9,0
2035,100.72,1971,51.83,3.02,14.08,93.51,10.74,86.75,3579.4,1
2036,121.12,3590,46.14,3.05,15.0,115.37,12.59,86.25,9593.0,0
2037,92.71,1113,64.08,2.77,12.26,82.31,8.89,11.28,3471.5,0
2038,81.89,1218,54.28,2.22,12.56,75.31,8.01,78.96,5955.2,1
2039,87.69,2141,59.77,3.49,15.0,73.09,9.68,76.13,677.7,0
2040,66.77,3778,54.77,2.03,13.54,58.12,10.55,66.75,732.2,0
2041,79.66,2058,49.74,2.2,13.35,68.12,9.14,61.53,4300.1,1
2042,83.09,2072,51.35,2.42,13.11,78.13,8.89,64.09,6080.7,0
2043,81.71,1191,64.4,0.2,14.17,73.68,9.53,76.45,3786.2,0
2044,89.83,2862,48.59,1.97,15.0,79.98,8.94,50.71,1872.2,0
2045,78.13,2867,54.06,2.19,12.67,73.23,11.63,90.72,7386.0,0
2046,101.45,2752,48.7,3.55,13.12,93.39,9.11,36.63,1486.4,0
2047,88.0,1760,53.58,1.78,12.92,76.85,9.89,17.15,6713.4,1
2048,87.89,1705,55.3,1.66,13.79,80.87,8.15,63.9,9571.7,0
2049,84.07,1295,51.72,2.79,14.18,78.62,9.09,74.75,4758.3,0
2050,89.86,2259,48.69,1.27,14.5,76.45,9.91,51.76,2084.3,0
2051,97.9,1444,57.75,0.54,13.81,93.42,7.4,5.18,8435.6,0
2052,77.59,1376,51.22,1.88,15.0,69.13,9.93,20.24,5104.2,1
2053,80.1,1903,50.36,1.25,12.74,74.23,10.12,61.95,9239.9,0
2054,84.36,1858,49.65,1.26,12.53,79.17,9.87,52.74,7233.8,0
2055,71.85,1823,54.96,2.83,14.38,61.62,8.01,78.43,4363.0,0
2056,78.17,2527,59.65,3.39,13.3,70.79,11.02,58.42,6212.1,0
2057,82.29,2255,63.54,3.2,12.1,73.07,8.25,40.52,1782.6,0
2058,98.49,1998,50.57,3.34,12.95,97.26,7.3,59.97,3933.6,1
2059,91.15,2328,67.21,3.59,13.4,81.64,8.33,76.08,5979.3,0
2060,90.32,1506,49.93,0.52,12.68,84.48,7.84,77.86,5941.4,0
2061,98.21,2274,60.87,2.93,12.39,95.85,9.47,53.22,5913.4,0
2062,86.35,2305,50.05,2.16,13.03,72.7,9.48,56.98,7461.0,0
2063,92.69,1148,51.43,1.47,12.35,82.88,8.02,64.27,1146.0,1
2064,86.76,2897,48.73,3.3,13.71,78.08,10.13,44.21,829.2,0
2065,91.18,1583,55.48,0.88,11.64,79.44,6.55,66.03,1565.4,0
2066,81.01,2263,57.98,1.17,13.27,72.26,9.99,50.74,7944.7,0
2067,58.73,3015,57.15,3.41,13.62,53.13,9.79,58.38,742.1,0
2068,86.39,2848,47.63,3.22,13.13,78.91,9.98,58.94,2329.8,0
2069,105.07,2224,48.49,2.66,14.07,99.11,12.22,57.74,2622.3,1
2070,99.11,1946,49.52,1.72,12.1,92.62,9.62,91.75,6507.8,1
2071,99.58,2863,52.52,3.43,12.64,95.36,11.38,49.6,4076.1,0
2072,102.83,2672,52.29,3.3,12.94,97.74,12.09,49.48,2070.0,1
2073,89.06,1767,49.74,2.41,13.77,78.38,7.51,81.34,4550.4,0
2074,90.37,1644,57.3,1.35,13.37,81.37,9.13,60.56,6886.0,0
2075,80.59,749,71.1,1.66,14.91,74.1,8.42,61.65,7881.9,0
2076,84.21,2308,51.36,3.26,12.56,79.29,9.82,35.04,1326.4,0
2077,95.39,2142,52.05,3.58,12.08,88.61,8.51,59.58,7175.7,0
2078,102.45,2995,56.26,2.64,14.63,99.5,11.02,75.98,144.8,0
2079,86.33,2451,50.74,2.45,12.06,77.95,10.45,43.02,7270.8,1
2080,82.6,3134,56.76,2.83,13.75,71.76,8.59,73.17,6643.9,1
2081,88.01,1712,51.25,2.54,12.42,72.91,7.55,47.98,4739.8,0
2082,95.21,2997,63.94,2.43,11.54,90.52,13.72,46.87,1455.0,0
2083,70.67,1830,57.5,0.2,12.9,59.96,9.32,73.04,7669.0,1
2084,60.45,2744,49.94,3.74,13.92,54.57,11.54,81.02,810.4,0
2085,81.39,1179,53.13,3.52,12.22,76.78,9.18,51.45,8966.1,0
2086,73.35,2365,51.26,2.12,13.66,68.74,10.11,65.0,7757.3,1
2087,81.9,811,65.63,1.15,13.81,73.48,7.24,73.16,7435.5,0
2088,86.23,2013,47.35,2.35,12.18,81.02,10.02,45.97,7568.5,0
2089,82.56,2508,49.99,2.53,13.02,76.38,11.92,63.82,769.0,0
2090,105.43,1835,51.84,3.17,14.46,98.75,10.96,45.09,9900.5,1
2091,91.92,1465,55.93,2.25,13.72,86.14,9.14,30.22,8600.1,0
2092,91.61,2792,51.75,2.17,12.99,86.04,10.71,50.66,5128.5,0
2093,95.47,2128,45.73,1.45,13.53,94.75,10.66,32.07,7222.1,0
2094,74.33,1857,52.95,3.08,12.65,66.07,8.27,61.45,7418.6,1
2095,100.47,2229,53.85,3.03,14.09,92.27,10.98,39.73,8314.9,0
2096,87.09,4046,47.13,4.22,14.09,81.48,11.8,38.13,2628.2,0
2097,96.05,3007,57.04,2.13,13.3,86.96,10.97,74.7,3783.3,0
2098,75.14,3014,58.55,4.38,13.38,62.95,9.44,73.44,8016.9,0
2099,69.35,2505,53.61,1.28,12.4,61.28,9.18,50.22,7712.9,0
2100,97.81,2317,55.67,3.16,12.12,85.82,9.6,69.76,5273.9,1
2101,92.52,700,44.59,0.47,12.9,77.8,9.84,29.88,4022.4,0
2102,77.18,1725,53.07,1.69,13.13,61.58,7.74,44.7,9687.6,1
2103,77.56,1864,61.35,3.64,14.05,73.13,9.5,61.13,4208.7,1
2104,101.51,888,54.59,2.67,13.94,97.05,7.27,67.8,7663.5,1
2105,73.73,1390,51.86,1.74,13.35,67.06,8.25,42.49,4185.2,0
2106,107.71,813,70.9,1.58,14.15,99.33,8.86,34.76,3167.4,0
2107,77.19,2173,65.61,2.61,12.45,64.43,7.27,74.49,6445.9,0
2108,95.66,2773,56.2,3.21,14.06,85.78,9.36,70.69,8095.4,1
2109,84.06,2975,59.89,3.89,12.57,79.67,9.78,62.62,9815.6,0
2110,95.24,2490,40.6,2.31,14.19,89.07,9.03,80.36,1574.2,0
2111,81.47,1526,51.24,0.95,13.19,73.6,8.77,89.89,8773.5,0
2112,86.05,848,54.48,2.13,11.6,82.51,8.1,54.2,5289.0,0
2113,88.49,970,55.62,1.63,13.78,80.45,6.8,35.82,1166.7,0
2114,75.97,1312,53.49,1.1,13.85,71.54,8.3,59.62,7964.3,0
2115,96.89,1578,40.47,2.5,12.83,93.84,8.77,34.87,3382.3,0
2116,81.84,2088,57.16,2.32,12.9,76.68,9.4,79.17,8695.7,0
2117,85.26,1490,59.28,2.47,13.07,76.02,7.99,36.71,1662.2,0
2118,76.07,2437,63.79,1.93,11.66,66.86,10.43,52.56,7139.8,0
2119,57.25,2037,50.36,2.86,11.31,48.96,10.55,37.27,3077.9,0
2120,85.71,2207,49.36,1.49,14.24,74.73,10.77,58.69,2647.8,0
2121,116.95,2998,36.73,2.24,12.54,106.29,13.79,64.14,597.6,1
2122,97.42,1374,54.42,1.97,14.68,88.8,7.31,64.9,4870.9,0
2123,87.77,2493,59.4,4.07,14.3,79.57,9.53,59.15,3975.9,0
2124,84.85,2190,50.95,3.16,14.45,76.46,10.46,55.87,710.7,1
2125,88.27,1967,67.91,3.3,12.68,80.71,11.37,42.12,2343.8,0
2126,94.57,2820,51.76,3.95,11.91,93.09,11.84,52.99,4924.0,0
2127,73.83,2815,54.32,5.7,12.33,62.42,9.1,30.83,8101.9,0
2128,101.37,1537,47.65,2.28,12.84,92.18,8.86,78.9,9301.5,0
2129,96.58,2072,56.51,3.62,11.3,92.23,10.41,52.35,5201.8,0
2130,96.62,2397,42.26,3.44,12.82,84.33,10.3,89.0,4092.7,0
2131,93.26,2009,59.09,3.25,13.04,87.03,8.84,51.43,9552.1,0
2132,88.24,2610,58.11,4.14,12.16,80.56,10.18,19.41,9632.3,0
2133,96.07,2397,62.3,2.29,12.37,85.0,10.47,47.17,1985.1,0
2134,95.1,3483,45.85,2.72,13.02,86.44,10.78,62.64,5361.4,1
2135,83.75,1129,57.71,2.31,13.49,71.75,9.33,49.88,8227.0,0
2136,81.12,2114,58.18,2.36,12.49,74.17,9.01,68.02,8240.4,1
2137,89.22,1564,58.5,2.51,13.43,76.15,8.91,54.66,6881.3,0
2138,106.59,2623,48.43,3.98,13.31,100.92,12.43,50.8,4767.5,0
2139,73.13,1068,42.58,1.65,13.24,61.18,7.54,29.91,4096.2,0
2140,70.39,2442,56.28,2.41,12.68,69.19,10.83,48.33,8083.5,0
2141,89.98,1759,54.54,2.48,12.13,85.28,8.08,64.44,2334.7,0
2142,88.61,1686,52.21,2.13,14.56,79.72,9.68,69.08,4341.5,0
2143,90.08,1187,61.18,0.55,13.7,83.28,9.47,35.45,5712.0,0
2144,90.93,1874,54.95,1.93,14.0,83.15,8.52,73.19,8334.7,0
2145,85.32,2959,45.16,3.43,13.13,77.2,10.74,70.94,3801.1,0
2146,105.88,2182,42.92,3.68,13.07,101.45,10.32,37.15,5531.7,1
2147,68.79,2639,47.04,1.81,13.59,64.14,10.14,62.57,2863.7,0
2148,78.06,3365,66.67,2.14,11.73,69.36,11.87,69.39,8385.4,1
2149,86.76,2385,58.56,2.65,12.31,80.76,9.05,34.82,7876.9,0
2150,68.28,1809,56.61,0.7,12.56,56.26,8.56,25.48,8219.0,1
2151,85.89,2527,52.85,2.33,12.84,78.47,12.23,66.44,669.0,0
2152,107.94,1819,53.74,0.98,12.5,97.78,11.3,43.63,4920.3,0
2153,88.25,1847,62.29,3.48,13.47,78.92,10.34,83.12,1444.8,0
2154,90.77,1136,53.75,1.45,13.27,84.57,8.17,83.04,6770.2,1
2155,72.88,2848,56.84,4.15,14.31,70.82,12.9,68.33,3182.8,0
2156,80.6,1930,53.08,3.31,15.0,69.05,10.48,72.41,7768.3,1
2157,83.5,2327,66.0,2.08,12.19,78.43,9.98,35.29,745.2,0
2158,84.19,1475,60.51,1.36,13.32,77.4,8.95,24.01,5181.3,0
2159,103.38,2505,61.35,2.52,13.32,95.83,10.35,54.0,1324.3,0
2160,94.69,1667,52.1,2.22,13.19,86.85,9.81,26.07,5623.2,0
2161,74.66,2101,61.21,2.77,12.33,63.78,10.0,60.56,6112.8,1
2162,90.96,2814,51.46,2.2,12.47,82.94,11.77,43.01,4675.2,0
2163,93.98,2754,54.1,3.39,13.39,86.36,10.73,62.13,2868.5,0
2164,101.68,2185,64.34,2.75,12.44,90.63,8.59,51.45,420.0,0
2165,106.97,962,50.69,1.73,13.33,97.16,9.0,60.32,6654.9,0
2166,75.82,4295,51.68,2.91,13.0,70.03,13.47,74.1,8717.4,0
2167,78.27,3422,54.82,2.94,13.31,73.71,10.22,54.25,7363.1,0
2168,72.91,2706,56.78,2.11,12.44,67.38,10.03,30.67,8940.9,1
2169,85.19,1673,52.95,2.35,13.33,77.34,10.63,55.09,9302.1,0
2170,93.6,2120,67.23,2.57,12.5,89.33,8.54,19.67,4550.5,0
2171,99.85,1820,47.5,2.58,13.33,91.58,9.41,77.64,7010.1,0
2172,87.09,3085,61.57,4.35,14.27,79.48,12.98,70.89,4034.0,0
2173,84.16,2384,61.53,2.52,13.41,83.79,10.24,72.96,9203.5,1
2174,89.82,1651,67.07,3.1,13.46,86.04,8.51,32.32,5673.4,0
2175,77.98,1870,45.77,2.58,13.85,78.64,9.05,60.14,7549.3,1
2176,113.07,2985,47.65,2.7,12.08,106.11,12.95,46.38,243.7,1
2177,68.71,3320,61.41,2.95,14.58,57.49,10.67,64.7,5797.9,1
2178,90.22,3270,41.17,2.97,12.36,87.89,12.3,41.45,7445.7,0
2179,112.28,2730,43.74,3.0,13.9,108.25,11.83,56.51,2644.4,0
2180,88.08,2023,52.01,1.69,13.8,80.57,10.02,26.37,242.3,0
2181,85.72,700,58.75,0.83,12.48,80.91,8.37,42.8,7462.0,0
2182,83.71,2408,63.75,3.16,14.01,78.92,9.71,23.36,3447.0,0
2183,85.84,2199,53.49,3.26,13.6,76.21,8.69,89.93,4345.0,0
2184,104.47,2298,50.64,3.18,14.71,97.96,11.2,58.8,5664.3,0
2185,61.46,2238,56.53,2.68,13.35,57.92,8.87,55.34,1191.5,0
2186,106.4,1272,59.15,2.74,13.11,104.66,8.62,62.95,1125.2,0
2187,70.91,2590,56.55,3.29,12.79,56.29,10.52,31.35,9612.7,1
2188,84.8,2643,52.65,3.37,11.81,73.42,11.99,42.04,3455.1,1
2189,82.85,2678,41.93,2.07,12.95,76.2,10.26,68.49,2629.7,0
2190,95.06,2863,47.71,1.96,12.98,86.8,11.16,62.2,572.6,0
2191,68.82,2623,62.37,2.42,13.41,62.29,8.45,43.14,1821.9,1
2192,93.55,1913,56.25,2.4,12.06,84.01,9.4,66.24,4365.9,0
2193,112.29,2150,52.6,2.32,13.01,106.85,10.95,60.76,3486.5,0
2194,71.64,2264,61.26,1.07,13.66,65.27,9.4,65.49,4303.4,1
2195,90.28,2275,47.64,3.95,13.74,80.91,9.66,63.25,7068.7,1
2196,80.06,2899,51.88,2.64,11.71,67.69,11.55,45.56,6453.7,1
2197,93.11,2651,54.48,2.88,13.77,82.89,10.83,56.19,4982.2,0
2198,88.23,3654,49.02,4.19,13.0,76.53,15.2,26.58,8166.7,0
2199,80.3,3745,52.14,1.36,13.05,73.24,12.2,54.05,8587.5,0
2200,93.85,2256,53.31,2.16,11.31,87.72,6.9,50.43,5949.0,1
2201,109.65,700,49.06,1.69,14.39,107.47,7.08,58.54,1264.0,0
2202,85.71,3066,53.95,2.66,13.34,77.49,11.76,70.44,4121.2,0
2203,96.64,1822,47.32,2.23,11.97,87.5,8.87,37.69,6381.2,1
2204,72.48,1639,56.79,3.45,13.5,65.38,7.82,36.15,722.2,0
2205,76.52,1921,63.45,2.95,13.48,70.85,7.6,79.47,297.1,1
2206,93.67,1887,53.49,3.17,14.18,81.94,9.06,47.25,9488.5,0
2207,105.81,2629,46.59,2.77,12.95,95.91,11.4,59.86,7327.6,1
2208,92.27,1108,55.98,0.93,13.21,80.33,8.88,64.16,1615.8,1
2209,84.24,1446,51.12,0.54,12.69,79.1,7.42,48.88,4506.8,0
2210,87.99,2440,57.67,1.42,13.68,82.12,11.23,53.41,2016.2,0
2211,73.0,2636,52.91,3.02,12.57,61.39,8.6,51.31,201.8,1
2212,95.25,2649,63.9,2.77,12.49,87.4,11.36,47.51,3977.8,0
2213,98.59,1649,62.6,2.12,13.15,92.3,9.85,54.55,6519.0,0
2214,82.57,1515,55.07,1.94,12.22,76.07,7.57,14.44,9545.9,0
2215,82.36,1845,59.62,3.99,14.48,74.39,7.91,45.65,7721.4,0
2216,91.19,2368,51.87,1.96,14.74,80.18,10.73,66.81,2378.4,0
2217,82.76,3240,52.74,3.75,12.84,75.24,10.61,69.71,3428.5,0
2218,87.21,767,55.28,2.0,12.09,76.83,7.5,74.62,5253.7,0
2219,113.2,2045,59.34,2.42,13.47,103.79,11.38,70.82,1993.6,0
2220,85.04,1267,65.06,3.06,12.81,79.67,8.98,57.57,8346.2,0
2221,83.7,1043,61.71,3.19,14.14,78.34,6.92,48.63,1762.9,1
2222,80.23,2877,58.81,2.65,12.57,73.58,10.58,49.93,2970.7,1
2223,96.93,2581,59.3,3.35,13.64,92.94,9.67,67.35,5818.2,0
2224,85.83,2515,57.27,2.97,13.29,79.37,11.34,63.36,1319.9,0
2225,80.21,2845,46.5,2.84,12.66,67.67,12.44,51.38,6283.7,1
2226,103.86,1864,65.36,2.55,13.39,95.95,8.94,35.64,9447.8,0
2227,105.04,1897,65.91,1.85,13.9,99.33,10.01,52.12,6946.2,0
2228,80.79,3730,50.16,2.98,13.27,67.05,13.05,87.3,8146.6,0
2229,65.6,2027,52.84,2.0,13.28,60.39,8.89,56.17,4441.1,0
2230,100.09,2715,57.15,3.49,12.5,94.98,11.77,58.66,3716.6,1
2231,79.78,2204,57.93,2.47,14.12,68.1,9.69,63.49,3353.2,1
2232,97.49,906,55.9,0.96,14.04,87.5,7.03,56.86,6638.6,0
2233,64.36,769,50.09,1.42,12.87,56.75,7.07,51.39,5233.5,0
2234,98.71,1795,57.16,0.2,13.1,88.22,11.02,51.73,4776.0,1
2235,73.47,2939,56.5,2.48,14.33,64.56,10.88,49.27,1097.4,0
2236,96.77,2752,57.78,2.82,12.29,92.33,12.99,78.41,6766.4,0
2237,88.17,2840,55.4,2.72,13.68,87.36,8.74,50.3,7281.3,0
2238,76.55,1509,54.41,3.81,12.75,70.25,8.92,82.3,2042.4,0
2239,83.12,3331,58.31,3.51,14.62,71.86,10.65,64.87,7621.1,0
2240,96.24,1525,56.28,2.66,13.25,89.52,8.13,52.0,8806.0,1
2241,89.27,2349,51.49,1.29,14.21,79.89,11.77,71.09,1828.8,0
2242,95.01,2193,53.47,2.25,12.59,86.46,9.83,41.89,4575.2,0
2243,111.72,2078,44.21,2.1,12.2,108.8,10.13,65.75,8774.2,0
2244,69.23,3137,51.73,2.33,13.01,62.45,11.07,62.93,4924.3,0
2245,107.41,1706,59.58,1.68,13.41,98.33,7.26,60.26,8171.0,0
2246,89.25,1255,58.5,0.67,12.79,83.61,10.16,35.66,2236.0,0
2247,77.21,2214,63.74,1.53,13.81,70.3,11.83,41.22,732.9,0
2248,72.04,1920,53.66,3.11,13.03,62.86,10.02,16.67,688.7,0
2249,85.73,4564,52.79,3.49,11.53,77.51,13.87,60.04,9726.3,1
2250,99.06,2674,58.32,2.35,13.64,87.92,10.74,47.65,1730.7,0
2251,86.47,1913,69.22,2.41,12.49,77.32,8.13,39.93,8662.4,1
2252,106.13,1461,56.82,3.14,12.91,101.0,10.86,48.26,3225.7,0
2253,70.59,884,51.05,2.0,14.44,64.02,8.42,48.39,496.9,0
2254,87.85,1482,61.11,2.65,14.62,79.79,9.36,60.69,2485.7,0
2255,72.97,2280,65.71,1.9,12.74,60.96,9.9,66.8,5104.4,1
2256,92.36,3199,50.62,2.49,13.66,85.78,11.92,74.0,1157.0,0
2257,98.64,2985,57.99,3.18,12.76,95.84,10.82,73.56,9229.4,1
2258,82.95,2360,61.66,4.13,12.97,73.63,12.97,61.47,9008.9,0
2259,56.75,1974,61.32,3.58,12.72,51.02,8.13,54.75,1576.6,1
2260,90.39,2388,54.94,3.09,11.82,86.24,9.76,74.71,7397.4,0
2261,93.24,1837,51.09,2.5,13.28,85.18,10.89,66.69,4661.0,0
2262,92.85,3403,51.66,4.2,13.43,81.93,11.84,32.58,9823.1,1
2263,102.83,2068,57.51,3.12,12.66,96.55,10.2,50.75,648.5,0
2264,75.15,2140,60.23,0.68,14.07,65.66,11.06,18.57,4763.2,0
2265,96.16,700,59.54,1.16,12.85,86.12,8.76,9.54,2926.2,0
2266,102.31,2063,52.49,2.75,12.69,91.93,11.08,44.0,7291.1,0
2267,66.66,2786,56.87,1.37,13.62,60.85,8.34,55.95,1200.2,0
2268,91.84,1453,61.21,1.49,11.97,87.2,9.4,42.03,6318.3,0
2269,81.95,1674,57.95,1.74,13.93,76.9,7.7,16.33,9485.8,0
2270,87.02,2755,48.46,2.58,12.88,76.65,10.16,73.83,4593.4,0
2271,92.17,1166,55.54,1.84,13.99,82.17,8.71,34.66,4596.9,0
2272,82.15,2940,58.82,2.64,14.23,77.02,10.77,69.23,5007.5,0
2273,79.89,1827,47.08,3.03,13.71,65.49,9.85,39.18,4215.5,1
2274,88.41,1928,42.56,2.21,12.55,83.64,10.44,43.42,4530.0,0
2275,74.95,1413,65.28,1.88,12.2,63.95,9.28,58.95,4686.1,0
2276,74.97,2465,57.2,1.58,12.05,62.41,8.23,49.6,9980.9,0
2277,96.15,3922,54.73,4.13,14.08,87.82,15.61,68.74,1252.7,0
2278,74.21,2747,47.11,2.25,13.09,68.52,10.21,63.83,2924.7,0
2279,96.0,1595,60.17,1.4,12.72,90.24,10.73,22.83,2186.8,0
2280,93.55,2995,54.61,3.07,13.09,86.34,8.27,69.33,5487.5,0
2281,67.29,1978,45.64,1.83,14.06,56.05,8.53,34.92,127.8,0
2282,79.87,3162,61.25,2.55,13.82,75.47,9.31,38.55,9218.9,0
2283,102.33,2765,54.32,3.0,13.55,99.85,10.22,43.86,5358.1,0
2284,76.23,700,55.28,1.74,13.71,67.14,7.3,62.29,8971.2,0
2285,82.43,1497,53.75,4.07,13.34,72.68,8.25,18.78,3515.2,1
2286,93.54,2861,41.14,2.78,13.44,79.64,12.67,71.99,1584.3,0
2287,97.4,2306,57.87,3.08,13.38,93.55,12.52,62.43,2003.7,0
2288,84.98,1483,57.6,0.66,13.2,77.39,7.56,52.19,4760.3,0
2289,80.83,1756,54.35,1.65,13.8,69.34,8.4,57.27,498.7,0
2290,105.07,866,64.82,1.13,13.49,96.71,7.26,41.19,7839.9,0
2291,108.87,2138,46.28,1.75,12.5,101.45,11.93,68.27,7927.3,0
2292,99.75,3747,47.84,3.57,13.62,89.38,12.83,55.75,7049.4,0
2293,89.02,2763,48.35,3.62,13.4,82.82,10.82,25.88,8973.8,0
2294,78.3,3733,49.9,3.51,13.69,67.75,12.24,62.66,5539.8,1
2295,78.03,2818,53.81,2.64,13.12,73.8,10.11,74.73,4845.3,1
2296,94.27,2919,55.69,2.36,13.85,90.83,10.18,69.16,5338.8,0
2297,93.02,3582,49.71,4.05,13.15,85.84,12.21,99.58,1901.3,0
2298,104.82,2464,48.69,4.32,13.78,104.51,10.57,51.52,5171.7,1
2299,95.81,2069,64.91,2.59,12.83,87.55,10.4,51.0,5463.4,0
2300,69.96,2923,67.71,3.62,12.89,67.16,8.4,54.67,7669.4,1
2301,100.62,3218,53.33,3.27,13.68,91.78,12.1,45.58,3544.4,0
2302,76.02,1864,50.79,2.99,12.93,67.47,8.15,43.52,1013.0,0
2303,83.39,1695,64.47,1.38,14.96,75.6,9.17,31.19,6014.9,1
2304,91.0,2297,45.69,2.19,13.65,81.69,11.24,9.71,7900.8,0
2305,111.95,2782,51.27,3.12,13.22,103.34,10.95,46.89,9698.6,1
2306,125.32,2759,49.06,3.76,13.86,118.2,13.49,58.82,993.5,1
2307,95.28,1203,49.57,1.44,12.82,81.79,6.58,61.63,7488.9,0
2308,85.8,3538,50.24,1.52,13.94,76.62,13.69,51.52,5998.8,0
2309,94.41,1751,50.26,1.94,13.92,84.1,10.94,41.03,251.8,0
2310,98.65,2014,54.97,3.26,14.2,87.43,8.94,74.5,7210.6,0
2311,84.15,1568,56.03,0.99,12.85,74.15,7.77,24.59,359.4,0
2312,109.54,4089,46.95,2.45,12.22,95.35,11.7,63.07,7874.0,0
2313,90.76,2369,52.0,2.74,12.71,82.26,11.36,75.16,7241.1,0
2314,93.97,1604,54.35,2.18,12.97,85.99,8.82,37.26,6910.4,0
2315,95.99,2805,58.18,3.29,14.53,89.94,10.61,27.96,1288.0,0
2316,93.06,2738,52.58,1.8,14.96,85.83,9.54,92.37,9198.4,1
2317,98.07,2069,59.73,2.22,13.48,92.26,12.23,70.2,8999.2,1
2318,80.59,2788,56.96,3.76,13.21,70.56,9.36,75.14,9012.6,0
2319,81.3,1622,59.21,1.33,12.92,76.04,8.83,49.75,3667.6,0
2320,74.8,1855,63.68,3.57,13.86,66.58,9.18,65.74,4972.5,1
2321,93.27,793,50.65,1.15,14.95,83.6,7.5,0.0,1237.5,0
2322,97.35,1273,53.54,2.8,14.63,88.9,8.12,40.69,605.8,0
2323,93.49,3465,62.6,2.81,14.11,88.18,11.55,81.54,681.9,0
2324,108.09,3349,50.62,2.14,14.1,98.0,13.01,33.98,5730.8,0
2325,87.93,2246,37.6,2.16,13.87,80.19,9.56,48.61,3281.9,0
2326,96.02,3364,50.99,3.5,13.16,96.64,13.88,68.38,5837.6,0
2327,74.9,2088,55.69,2.48,12.61,69.85,8.35,38.64,5967.4,0
2328,83.35,2030,39.25,3.36,13.18,71.15,10.39,54.13,9079.9,0
2329,96.35,2240,62.46,3.71,13.54,83.89,8.15,62.95,8834.6,0
2330,98.19,2113,50.41,1.55,12.04,88.61,9.2,60.51,7214.0,0
2331,84.47,2049,56.88,1.47,13.08,74.12,8.58,46.08,8203.2,0
2332,87.14,3000,51.63,1.86,12.54,81.48,9.75,43.22,131.3,0
2333,69.79,2305,46.75,1.87,14.01,62.57,9.77,63.55,253.8,0
2334,83.72,2699,47.19,3.65,12.76,72.01,10.37,64.78,4640.0,0
2335,98.68,2922,47.46,3.31,13.46,89.41,8.63,65.13,6571.6,0
2336,94.9,2472,60.51,2.23,12.64,86.71,12.95,58.92,7961.4,0
2337,94.01,1521,55.02,2.23,14.48,86.57,9.31,57.73,4527.9,0
2338,88.6,1253,53.34,3.24,11.84,77.07,8.51,66.86,9407.7,0
2339,88.08,2304,48.77,4.11,13.58,76.72,11.64,61.82,8168.4,1
2340,80.08,2080,62.05,2.69,12.18,70.13,10.63,56.24,1117.3,0
2341,96.39,2261,63.19,0.44,12.79,88.19,9.93,44.83,4457.8,1
2342,93.05,2189,61.68,2.77,13.36,86.12,7.72,82.65,9949.3,0
2343,93.9,4009,53.88,4.1,13.4,83.83,13.5,43.39,4158.4,0
2344,81.69,1269,58.22,2.3,13.38,76.99,7.13,45.36,3924.1,0
2345,62.16,807,50.23,2.58,13.32,56.84,8.4,36.46,3011.4,1
2346,101.17,2433,52.56,2.93,12.69,97.52,9.78,19.85,4916.2,1
2347,82.25,1937,51.04,1.43,13.07,70.55,8.77,60.5,7325.6,1
2348,77.65,2421,43.25,1.93,13.23,71.81,8.26,52.26,570.0,1
2349,96.32,2609,60.06,2.47,13.36,87.11,9.29,58.09,8373.6,0
2350,83.3,3099,48.64,3.8,13.15,75.67,10.96,56.82,9184.0,0
2351,100.72,1145,63.79,1.45,13.78,84.03,8.52,63.74,7832.8,1
2352,95.4,1810,60.61,2.73,13.27,86.08,9.01,70.29,9164.8,0
2353,96.2,2500,57.27,2.92,13.36,93.79,13.11,34.78,1039.6,0
2354,71.61,2739,57.28,4.05,12.89,60.08,10.86,93.54,4556.1,0
2355,102.54,3735,47.73,3.2,12.36,95.7,12.73,59.41,803.3,0
2356,91.14,2869,64.37,1.44,13.32,83.74,7.71,70.77,8384.7,0
2357,83.57,2160,54.95,3.04,14.17,77.59,10.68,58.37,9530.2,0
2358,89.72,1577,57.63,3.97,13.56,81.13,12.62,53.37,3047.7,0
2359,66.69,1805,51.61,2.93,12.55,58.14,8.34,63.77,5400.4,0
2360,92.9,1785,49.8,1.72,13.85,86.84,8.48,78.88,3047.0,0
2361,75.65,2659,56.6,1.88,12.93,69.17,10.36,73.29,3850.8,0
2362,71.77,2380,55.62,1.86,13.77,63.46,7.89,51.21,4817.9,0
2363,69.73,1273,51.81,3.73,12.9,68.76,8.43,47.76,7928.9,0
2364,101.35,1895,46.48,2.14,13.48,97.68,11.71,41.9,1555.3,1
2365,80.45,2814,45.78,2.29,12.79,67.44,9.76,72.99,1654.8,0
2366,106.4,2446,61.16,2.52,12.81,97.42,10.15,68.28,2098.4,0
2367,81.57,2598,50.14,2.47,11.95,75.15,10.18,50.55,626.2,1
2368,67.51,2468,52.14,3.91,13.61,64.6,8.99,83.14,6470.3,1
2369,74.6,3339,61.09,2.24,13.5,66.77,9.33,83.31,1979.7,0
2370,102.83,2365,47.43,3.56,13.54,91.87,10.21,92.46,4431.6,0
2371,86.13,1930,50.77,2.52,13.42,70.21,8.73,37.58,6887.3,1
2372,81.42,1559,51.29,3.22,12.59,67.74,10.35,49.15,4544.6,0
2373,89.92,2375,63.93,3.88,13.97,84.58,11.62,52.12,9069.6,0
2374,94.02,700,69.51,2.07,13.99,87.51,9.54,98.07,7714.8,0
2375,101.41,2071,59.27,2.23,12.57,97.82,11.14,54.42,2802.9,0
2376,105.38,2056,59.47,2.53,13.63,99.91,10.54,79.44,1391.1,0
2377,83.68,1245,53.04,2.03,13.9,76.32,7.27,69.96,8954.9,0
2378,72.09,1550,67.66,0.92,12.82,65.19,9.96,49.42,4029.4,0
2379,83.04,2767,55.08,4.04,12.96,68.87,11.0,59.51,3886.9,0
2380,91.12,2361,59.36,2.81,13.63,87.07,8.76,66.42,8119.0,0
2381,76.43,2271,53.88,1.64,11.99,68.57,8.51,80.58,192.6,0
2382,76.51,2414,52.61,0.98,12.33,74.7,8.31,52.85,4566.0,0
2383,92.13,2265,64.41,0.71,12.41,83.13,7.68,45.22,7171.8,0
2384,87.42,3070,56.08,3.55,11.76,83.44,11.66,78.87,8502.0,0
2385,88.39,2286,63.12,2.08,14.07,77.09,8.56,32.58,8863.6,0
2386,78.9,1179,58.21,1.72,11.61,71.77,7.15,53.93,4710.2,0
2387,85.24,3341,47.23,3.44,13.47,81.44,11.57,83.05,8492.3,0
2388,76.91,2459,50.63,2.24,13.85,75.22,9.68,65.16,454.0,0
2389,98.68,1788,55.96,2.79,12.97,93.62,8.8,41.19,3123.7,0
2390,100.42,1323,52.5,2.22,12.67,91.7,10.85,29.71,203.9,0
2391,65.85,2477,47.52,2.6,13.39,56.58,7.71,80.4,1738.7,0
2392,76.85,2118,62.02,1.24,13.2,70.34,7.61,50.99,7274.8,0
2393,70.04,3302,49.22,2.38,14.0,59.26,11.48,43.58,143.8,0
2394,80.2,1958,55.94,2.91,11.1,75.61,8.52,76.32,5278.2,0
2395,87.0,1614,57.54,1.73,12.47,87.78,8.19,67.5,4198.5,0
2396,70.6,2827,49.9,3.79,13.65,61.76,8.94,37.73,1316.4,0
2397,76.94,2848,62.06,4.71,13.24,65.07,10.9,109.17,6887.8,1
2398,75.95,2318,47.72,3.12,13.8,64.05,9.93,44.9,6961.9,1
2399,90.49,2673,55.19,3.95,13.41,86.39,10.85,73.52,7290.9,0
2400,88.83,2174,56.11,3.1,13.09,82.47,9.2,94.57,7676.5,0
2401,79.34,2364,53.98,2.19,12.96,69.17,8.95,73.75,3218.4,0
2402,90.12,3015,45.16,3.07,15.0,84.0,11.01,65.08,9941.9,0
2403,81.44,2638,58.97,4.35,14.43,73.12,11.49,28.98,822.2,0
2404,84.74,2082,59.3,2.07,13.6,78.89,11.49,95.11,6512.2,0
2405,108.08,3147,48.51,2.13,13.26,103.35,13.36,77.98,9710.7,0
2406,104.09,700,61.73,1.09,13.63,98.77,8.82,17.7,2320.7,0
2407,72.41,3636,54.05,3.01,13.86,61.54,12.69,94.51,2853.4,1
2408,97.96,1006,49.23,1.2,13.54,89.92,7.04,49.06,5802.2,0
2409,97.74,1761,50.28,3.68,12.6,85.92,8.73,46.81,7834.5,0
2410,74.22,2171,61.55,2.7,14.63,64.66,10.01,43.39,3356.6,0
2411,97.83,2097,56.58,3.27,13.4,85.01,9.95,57.81,8384.1,1
2412,106.46,2904,49.68,2.62,14.81,96.0,12.01,75.39,2486.3,0
2413,74.53,1460,50.99,1.29,13.35,64.25,9.5,40.66,8756.2,1
2414,76.99,2383,51.19,1.57,13.0,69.35,10.78,58.65,2604.2,0
2415,100.21,1795,52.65,1.63,14.31,83.18,8.42,120.18,6212.6,0
2416,91.26,2407,49.07,2.91,13.44,82.92,10.34,65.75,3642.1,0
2417,94.62,2155,44.18,2.94,13.31,92.54,8.96,74.05,3286.1,0
2418,92.09,2265,61.27,3.05,12.24,83.28,9.21,36.22,3604.6,1
2419,92.69,1815,61.15,1.18,13.73,87.64,7.44,25.54,5042.1,0
2420,72.08,1843,47.75,2.38,12.81,61.03,8.97,82.15,8466.0,0
2421,100.57,2401,54.92,1.81,12.84,90.39,8.5,79.79,7617.3,0
2422,102.04,2861,47.76,3.16,12.81,94.61,11.86,93.24,4548.5,0
2423,85.25,1781,53.87,2.73,13.55,79.91,10.81,50.9,2893.4,0
2424,87.48,1592,53.73,1.33,11.97,79.04,9.61,76.44,8557.6,0
2425,69.63,2629,51.27,3.51,13.03,63.55,9.97,6.49,8714.8,1
2426,94.17,2177,66.61,4.4,13.98,83.81,11.93,65.69,4591.4,1
2427,94.86,2781,50.74,3.47,12.2,85.2,11.41,79.15,6988.9,0
2428,87.25,1566,51.01,2.12,13.34,70.45,7.89,37.43,3755.7,0
2429,101.49,954,52.42,1.75,12.69,94.83,8.66,68.64,1576.1,0
2430,83.99,1827,61.61,2.2,12.88,76.9,11.56,49.17,3282.7,0
2431,94.78,1664,45.7,1.69,14.52,87.24,8.03,50.19,6852.6,0
2432,75.76,2145,50.19,2.72,11.88,68.1,7.74,49.5,7717.2,0
2433,87.72,1754,64.16,1.43,13.81,76.64,9.96,83.95,8531.4,1
2434,85.91,2719,55.02,1.26,12.82,78.74,10.34,49.02,275.4,0
2435,90.7,1998,56.12,2.62,12.78,76.79,9.06,42.26,4915.4,0
2436,83.57,2305,67.19,2.6,12.31,73.82,8.4,38.49,2811.8,0
2437,86.42,2310,55.85,2.13,13.8,79.88,7.68,48.29,6871.2,0
2438,97.91,2336,50.0,1.58,13.05,92.14,8.71,59.72,2528.8,0
2439,82.76,2183,52.95,2.76,12.95,71.64,11.63,67.67,5706.2,0
2440,68.72,2557,47.17,1.91,13.29,60.64,9.76,42.08,7148.4,0
2441,109.0,1643,63.11,2.18,13.06,100.97,7.45,59.12,7723.6,0
2442,104.58,3180,55.97,4.39,11.6,98.37,13.38,73.12,2767.7,1
2443,72.49,2034,61.75,2.99,12.81,64.68,10.6,35.35,969.5,1
2444,96.28,1282,63.65,1.03,13.92,90.19,10.29,50.75,2265.3,0
2445,81.96,2332,51.87,1.58,11.99,69.88,9.38,54.09,6031.4,1
2446,91.16,1604,50.09,2.39,12.33,81.01,8.8,52.9,500.4,1
2447,91.53,2666,53.32,1.65,12.86,84.05,10.89,47.19,1672.7,1
2448,85.19,3747,46.27,1.63,12.62,77.76,13.81,61.57,9955.2,0
2449,78.59,1649,56.73,2.72,13.18,70.32,8.08,52.32,3885.1,0
2450,79.71,2433,60.96,2.9,12.33,71.73,9.06,93.68,5015.6,0
2451,77.01,971,56.1,2.36,12.89,71.88,8.51,48.52,209.0,1
2452,78.02,2518,54.91,2.89,13.16,75.72,11.48,83.67,5959.9,0
2453,87.19,1580,55.26,2.21,13.72,81.59,8.88,79.56,3320.5,0
2454,79.41,1763,60.32,1.81,14.2,71.8,9.75,26.0,5348.9,0
2455,96.18,1429,52.07,2.61,12.99,90.4,9.17,44.55,5308.6,0
2456,105.85,2713,40.27,3.99,14.71,95.39,11.0,86.4,9677.8,1
2457,81.04,2905,56.04,2.46,13.05,73.73,9.72,62.85,2755.7,0
2458,90.87,2216,60.46,1.73,13.86,77.25,8.65,52.77,5747.3,0
2459,94.0,1595,58.43,1.36,14.75,87.68,8.47,66.37,3877.4,0
2460,93.66,3313,48.48,2.35,13.31,85.24,10.6,83.03,4277.8,0
2461,88.91,1675,48.82,2.47,12.1,81.78,9.49,51.26,650.0,1
2462,96.91,700,60.5,0.29,13.27,87.59,9.43,40.43,6915.7,0
2463,93.79,2521,54.75,3.04,12.71,82.59,10.83,9.65,2033.3,1
2464,73.15,1427,55.46,2.71,12.98,63.32,7.12,51.3,4738.0,1
2465,98.43,2892,64.07,1.41,14.79,96.52,12.33,51.53,4399.3,0
2466,98.65,1933,49.37,1.64,12.22,89.15,10.23,33.27,4734.6,0
2467,78.84,2623,64.44,2.79,13.44,73.87,10.81,53.43,3817.9,1
2468,88.46,3181,52.81,2.87,12.5,81.38,10.77,52.54,2499.6,0
2469,96.2,1354,45.21,2.57,12.95,86.13,10.28,53.31,4542.3,0
2470,85.49,1804,54.31,2.25,13.8,80.85,10.58,47.04,557.6,1
2471,100.88,2147,60.37,3.53,13.45,89.41,10.06,63.62,2499.0,1
2472,116.37,3276,50.07,2.77,13.02,109.43,13.37,64.94,7870.0,0
2473,78.57,1739,46.71,1.55,12.68,64.06,10.21,77.71,8443.9,0
2474,71.43,1784,54.53,1.5,13.45,63.22,8.14,41.82,7181.6,0
2475,91.65,2535,48.75,3.28,14.57,78.53,10.44,92.61,6362.4,1
2476,96.66,1796,58.29,2.38,12.48,85.07,9.7,73.92,8131.5,0
2477,85.23,2307,59.03,3.1,14.73,79.06,8.65,85.38,1365.5,0
2478,105.44,1114,50.31,2.54,14.16,101.34,9.42,53.54,5300.0,0
2479,71.94,3750,47.34,1.62,14.3,63.6,12.89,58.67,1251.5,0
2480,96.32,1257,60.96,1.2,13.45,90.06,8.61,38.58,7800.9,0
2481,80.73,1975,49.92,1.62,14.14,67.99,9.72,88.7,5253.5,0
2482,108.63,2177,48.01,1.88,12.39,101.37,12.27,76.8,8119.2,1
2483,111.91,3539,44.69,2.81,12.67,104.81,12.26,42.87,8010.7,1
2484,78.8,1273,58.6,2.92,13.81,74.99,8.62,68.99,4715.5,0
2485,81.41,3589,53.7,4.12,13.44,72.15,11.07,46.82,5019.1,0
2486,98.32,2730,49.36,2.54,13.08,93.84,10.34,64.67,379.8,0
2487,83.35,2492,54.06,2.47,11.2,74.03,10.59,73.27,5282.8,1
2488,87.46,1511,65.13,1.67,12.85,77.71,9.14,80.02,6806.9,1
2489,88.3,2600,47.94,2.79,12.26,82.55,11.18,62.15,2413.2,0
2490,64.96,1694,44.02,2.47,13.59,54.09,8.43,49.28,9866.6,1
2491,87.83,3087,55.54,3.58,13.05,80.66,11.79,61.2,9750.8,0
2492,79.72,1520,55.33,2.87,12.7,76.14,10.59,72.26,2900.0,0
2493,82.08,2121,50.52,0.66,15.0,69.45,10.85,70.29,7158.4,0
2494,105.32,1811,59.17,2.24,14.03,100.09,10.33,52.34,397.0,0
2495,72.92,1509,61.09,3.34,14.04,63.4,8.95,13.59,6691.0,0
2496,97.76,2719,40.24,2.42,14.96,88.48,10.67,9.42,6277.8,0
2497,84.65,2575,49.94,3.62,13.84,75.48,10.16,61.76,8239.4,0
2498,84.64,3046,66.81,2.68,12.58,75.53,11.65,36.45,3113.2,1
2499,97.48,954,60.52,2.14,12.49,92.4,8.47,36.95,8792.3,0
2500,92.08,2945,57.12,1.97,13.97,79.01,12.12,54.93,8594.0,1
2501,94.85,3954,58.07,2.45,11.55,83.98,14.3,107.05,6729.1,0
2502,99.62,1884,55.25,2.98,13.14,90.19,9.72,55.55,4776.1,0
2503,84.02,3527,56.73,3.84,11.46,80.02,9.34,77.36,6222.2,0
2504,80.65,2016,59.3,2.48,13.28,75.59,11.81,63.99,7326.6,0
2505,74.98,1239,59.82,1.13,13.88,65.01,7.23,0.8,9755.0,0
2506,78.1,1986,53.14,2.48,13.42,76.11,9.47,45.73,1305.1,0
2507,123.39,2934,53.93,3.88,13.95,114.37,13.12,35.0,3199.4,1
2508,102.94,1613,52.14,3.67,14.77,98.93,11.24,86.02,7829.1,0
2509,71.79,1780,55.6,2.1,13.09,66.39,10.87,16.09,4150.9,0
2510,72.13,2615,46.84,1.4,15.0,68.36,9.54,49.08,6757.6,1
2511,93.78,2202,49.8,3.21,13.37,85.04,11.54,49.8,1417.9,0
2512,94.57,2609,52.03,2.5,13.96,83.22,10.99,37.74,7120.7,0
2513,94.59,2366,48.55,3.37,12.71,85.54,13.68,58.03,6773.2,0
2514,84.94,2536,50.9,2.92,14.5,75.57,11.62,56.17,5899.6,0
2515,86.49,1897,54.21,1.7,14.03,77.99,9.19,56.45,7675.9,1
2516,91.93,2362,56.65,2.66,14.38,81.89,9.33,66.02,8813.1,0
2517,89.03,1551,61.57,3.29,13.24,79.63,5.82,55.84,8310.1,0
2518,61.37,3102,50.16,2.83,12.2,61.51,11.14,68.02,1363.0,1
2519,85.24,1756,63.5,1.51,13.57,74.52,10.35,74.58,7469.5,0
2520,77.78,2990,58.69,1.62,11.84,67.38,11.63,26.75,4552.7,0
2521,90.1,2036,57.92,1.85,12.93,83.19,6.91,68.02,3405.4,0
2522,123.82,2341,55.01,2.28,13.35,121.75,9.86,34.93,8808.5,0
2523,92.41,1854,57.16,3.04,15.0,83.68,10.12,40.07,5640.2,0
2524,84.24,1489,63.15,1.32,13.45,75.26,10.85,53.15,5062.2,0
2525,99.06,979,64.3,3.24,13.31,92.38,8.39,55.9,7867.5,0
2526,93.79,1461,64.03,1.14,13.15,85.23,10.31,61.15,5577.8,0
2527,93.04,1973,55.25,4.3,12.13,81.83,8.5,34.74,8594.3,0
2528,95.28,2348,57.57,3.99,13.27,80.09,10.63,88.51,1118.7,0
2529,112.68,2907,61.08,2.97,13.28,104.24,11.5,50.89,7783.7,0
2530,74.43,1888,51.55,1.08,12.43,65.43,10.39,38.74,1722.0,0
2531,93.68,1583,53.87,2.22,12.25,88.15,8.53,25.86,2329.8,0
2532,76.88,1190,56.76,1.78,12.81,70.39,10.01,21.53,1876.6,1
2533,94.67,2536,59.27,1.67,13.25,87.07,10.27,29.02,2460.4,0
2534,76.98,3168,58.2,3.21,12.83,65.44,9.69,67.1,7345.1,0
2535,82.99,3086,51.45,2.28,12.36,72.53,9.82,72.4,6587.8,0
2536,84.46,2697,44.56,2.19,13.43,70.67,9.78,40.7,2374.8,1
2537,99.71,2647,55.09,2.58,13.63,96.18,11.43,34.84,2774.7,0
2538,99.02,3388,46.63,2.61,13.3,94.99,11.34,57.9,1083.0,0
2539,73.05,2432,45.27,4.31,12.75,61.75,8.75,58.34,4202.9,0
2540,88.66,2652,46.09,2.31,13.68,76.31,11.67,62.97,3848.0,0
2541,79.49,1975,57.04,2.79,13.05,71.39,5.42,34.37,1543.6,0
2542,72.9,1247,64.75,2.23,12.25,78.29,7.43,45.94,8362.8,0
2543,85.4,1721,55.79,2.61,14.03,79.63,7.49,83.47,8540.7,0
2544,84.3,2194,55.89,2.88,13.48,75.29,8.72,31.07,1179.6,0
2545,117.12,2243,61.42,3.26,13.1,111.82,11.28,54.67,2737.0,1
2546,93.2,3548,42.59,3.36,11.94,84.64,11.86,73.09,7387.3,1
2547,71.47,2257,57.69,2.75,12.6,57.77,9.06,35.98,8712.7,1
2548,81.22,3025,52.9,2.96,14.81,68.94,12.33,72.18,809.6,0
2549,100.26,1895,58.51,2.29,11.99,89.83,9.86,26.39,9033.5,0
2550,113.06,1982,51.97,1.71,13.0,105.25,12.62,66.38,710.2,0
2551,68.97,1270,51.65,2.07,13.19,62.45,8.7,50.29,6374.5,0
2552,65.44,1680,56.6,2.5,13.46,55.17,7.18,23.49,318.5,1
2553,110.45,2569,63.6,3.03,12.0,102.38,13.57,70.97,9289.8,1
2554,92.68,2205,59.71,2.69,13.34,84.5,10.41,37.11,3601.5,0
2555,77.58,2860,50.28,2.65,11.85,74.23,12.78,55.89,6523.2,0
2556,94.42,2327,46.24,2.55,13.28,88.56,10.0,68.36,1927.8,0
2557,56.37,1953,45.17,1.99,12.68,46.12,8.75,34.23,3280.4,0
2558,88.04,3704,59.47,3.47,12.51,83.34,12.68,53.46,7498.3,0
2559,91.93,2134,48.96,2.33,13.87,83.14,9.74,77.13,9732.7,0
2560,99.09,3014,50.93,3.05,13.01,89.85,13.04,18.49,9921.3,0
2561,75.83,1919,63.14,3.21,13.58,66.42,11.38,81.69,8115.8,0
2562,89.03,2697,43.9,2.2,13.61,79.35,7.93,28.7,8487.2,1
2563,76.89,2850,62.3,3.31,14.22,67.01,11.47,44.91,9697.1,0
2564,91.06,2346,52.75,2.63,12.23,84.94,9.16,61.52,499.1,0
2565,77.26,700,50.75,3.62,13.94,73.66,4.17,58.06,1784.5,0
2566,83.1,2213,53.1,2.37,13.21,77.72,10.37,61.04,621.5,0
2567,76.05,3061,48.6,3.48,12.9,65.86,11.4,61.11,5061.5,0
2568,95.81,2569,56.44,2.72,12.28,91.42,11.55,48.49,9589.0,1
2569,98.3,2512,50.01,1.57,13.69,93.42,11.18,88.1,5866.1,0
2570,85.18,994,45.54,1.58,12.46,80.32,9.05,63.23,5598.5,1
2571,88.46,1696,54.26,3.02,13.61,86.0,8.44,75.49,8284.2,1
2572,70.62,2488,45.97,2.32,14.74,66.06,10.04,48.3,9296.6,0
2573,84.4,2487,55.25,0.89,13.98,73.4,11.05,10.16,7015.7,0
2574,87.4,3050,45.76,2.9,14.31,81.55,12.78,80.5,8964.2,0
2575,119.45,2099,51.67,1.62,12.62,116.7,10.91,61.52,1834.6,1
2576,74.66,2484,55.19,2.77,13.81,68.19,9.61,60.36,5083.7,0
2577,105.57,2211,53.18,3.79,12.28,96.04,10.47,43.72,3709.6,0
2578,99.96,1509,57.39,2.84,13.01,97.45,7.86,43.89,3392.0,0
2579,91.37,700,61.64,3.23,14.59,80.51,8.7,34.02,2221.1,0
2580,109.1,2502,46.9,2.23,12.71,105.43,9.35,57.71,8950.6,1
2581,92.47,2322,53.93,2.48,14.09,85.65,10.71,33.02,4558.7,0
2582,92.67,1767,35.44,1.51,14.01,85.89,9.52,67.66,5349.5,0
2583,87.36,1067,58.34,1.48,14.06,81.05,6.32,88.93,2835.5,1
2584,102.68,2641,51.81,2.0,12.19,94.88,9.29,45.69,9632.2,0
2585,101.16,2014,48.97,1.41,13.62,90.82,9.06,22.03,6151.0,0
2586,80.49,2590,55.74,3.81,13.07,72.61,9.81,55.3,106.9,0
2587,72.17,3505,59.1,1.45,14.07,65.99,13.08,69.13,2752.1,1
2588,85.56,701,54.74,3.1,11.88,76.19,7.44,55.07,9993.5,0
2589,78.4,1710,49.95,3.32,13.49,69.78,9.49,84.11,9750.3,0
2590,87.24,2053,55.87,2.87,13.38,81.25,11.18,70.44,5491.7,0
2591,102.85,3218,44.44,2.11,11.61,94.72,13.24,24.88,5684.8,0
2592,82.51,1055,52.94,0.76,12.49,76.77,7.99,23.41,9025.7,1
2593,87.49,3555,59.21,2.71,11.74,82.08,11.07,71.24,7114.8,0
2594,88.7,2295,54.76,3.08,12.62,78.28,10.67,46.49,9328.9,0
2595,98.18,2133,43.38,2.51,13.64,88.84,9.34,84.9,4843.4,1
2596,61.04,2061,44.24,1.64,13.36,50.73,10.93,35.43,9761.4,0
2597,80.72,1895,56.21,3.32,13.34,70.81,10.23,72.38,5441.5,0
2598,90.54,2934,58.27,4.22,12.37,85.2,11.34,46.42,6483.9,0
2599,102.4,1452,46.29,2.02,14.1,91.4,9.9,55.76,917.4,0
2600,82.1,2442,56.83,2.74,13.18,74.99,10.28,39.89,6155.1,0
2601,65.48,1931,63.24,1.21,13.23,54.69,8.27,64.56,7701.0,0
2602,95.44,1667,66.93,1.97,13.95,87.81,9.96,73.25,4449.1,0
2603,80.38,4010,52.99,3.76,12.41,71.44,12.06,70.92,5074.1,1
2604,73.72,2493,57.12,2.96,13.38,64.69,12.17,94.94,3993.9,0
2605,80.51,2629,40.97,2.33,13.54,70.07,9.46,43.17,9693.5,1
2606,85.79,2996,65.6,2.68,12.76,82.69,11.63,61.74,4818.6,0
2607,80.74,1205,53.16,1.73,13.72,77.47,7.22,65.95,1349.5,0
2608,61.53,3427,46.69,2.87,13.58,51.52,9.87,43.36,385.8,0
2609,98.76,700,55.99,2.34,13.12,89.7,5.89,47.25,7747.4,0
2610,103.3,1662,64.64,0.72,13.09,97.63,10.13,65.05,5522.0,0
2611,95.82,1879,68.43,2.34,13.62,86.73,9.06,71.66,127.4,0
2612,74.35,2607,54.6,3.0,13.83,70.57,11.34,80.28,3887.0,0
2613,85.58,2353,60.28,2.15,13.25,67.79,10.55,38.54,9149.1,0
2614,87.92,2083,55.08,2.1,14.1,75.99,9.9,60.06,9482.8,1
2615,95.19,2192,48.33,2.18,13.73,85.32,8.45,28.65,630.2,0
2616,96.02,1515,64.76,1.85,11.77,87.79,9.86,36.4,1321.9,0
2617,79.19,1152,53.0,2.07,12.08,73.05,7.23,45.23,148.2,0
2618,88.98,2709,62.77,2.87,14.15,84.91,8.98,80.93,8699.9,1
2619,93.49,2686,61.37,1.08,13.0,85.83,11.34,68.47,801.8,0
2620,105.47,3309,55.94,3.56,13.33,100.05,10.67,62.46,1168.2,0
2621,96.45,1647,66.61,2.06,14.11,90.86,6.86,60.66,2353.5,0
2622,97.47,2685,66.95,4.3,13.19,93.72,12.52,68.33,9180.8,0
2623,89.01,2001,53.92,1.5,13.23,80.26,8.97,61.19,6913.5,0
2624,104.93,3033,47.96,2.22,12.51,98.06,9.65,48.5,6207.1,1
2625,92.92,2915,41.94,2.7,13.5,83.31,10.0,40.16,7868.1,0
2626,77.67,2348,67.82,2.94,13.67,68.3,8.9,51.42,6963.5,0
2627,104.84,1962,52.32,0.87,12.74,96.15,11.51,37.7,7484.7,0
2628,96.37,2873,60.0,2.18,12.46,80.4,9.21,71.46,829.2,0
2629,82.68,2653,49.26,3.22,15.0,72.21,8.79,88.3,5938.7,0
2630,82.25,1721,64.8,1.57,13.13,78.03,10.16,63.4,7556.8,0
2631,91.56,1271,52.22,3.22,12.65,82.18,8.1,13.22,5700.0,0
2632,93.56,1998,47.8,2.09,13.77,85.72,10.07,41.12,216.8,0
2633,90.37,3261,51.2,2.3,13.16,86.39,10.99,61.73,2190.1,0
2634,91.74,3003,49.76,3.39,12.33,88.0,13.66,31.12,9632.7,0
2635,108.4,1421,59.59,3.48,13.59,99.04,7.9,50.95,7076.5,1
2636,100.86,1383,55.83,2.51,12.52,90.77,9.47,59.48,6916.2,1
2637,90.29,3092,56.55,3.95,14.46,85.43,13.13,88.53,6636.5,0
2638,99.3,1405,54.36,3.52,13.6,88.39,8.66,86.6,1365.3,0
2639,75.61,2557,49.95,1.96,12.98,66.75,9.1,33.31,140.4,0
2640,92.78,1769,51.91,3.1,13.29,81.19,10.35,50.08,4462.5,0
2641,109.71,3332,64.46,1.83,13.92,98.44,13.57,59.71,4498.8,1
2642,85.38,1661,57.03,2.64,13.35,77.86,8.04,37.5,8136.9,1
2643,77.83,3000,41.14,2.84,14.9,64.92,12.5,61.78,1897.5,0
2644,80.17,2329,51.25,3.59,14.11,75.55,9.89,54.18,2823.6,0
2645,74.92,2377,54.89,3.56,13.59,59.75,10.32,68.34,874.6,0
2646,78.58,821,68.47,2.46,12.45,73.22,9.29,73.86,4058.8,0
2647,83.55,700,63.78,2.24,13.08,75.7,8.42,48.65,2634.3,0
2648,71.13,2046,49.46,2.88,13.58,64.83,9.08,44.27,2702.7,0
2649,88.19,2373,68.75,2.67,12.54,81.32,9.36,35.53,2615.1,0
2650,98.83,1412,55.91,2.14,14.23,82.06,12.35,91.12,2392.0,0
2651,77.11,1438,63.65,3.35,12.42,70.5,7.43,68.56,3266.0,0
2652,106.23,2593,46.76,3.97,12.69,95.68,11.51,65.35,5413.2,0
2653,94.13,2594,39.37,2.6,12.75,86.84,11.32,54.04,4433.3,1
2654,100.37,2104,46.25,2.69,13.8,89.56,10.86,86.66,728.1,0
2655,80.11,2746,34.04,2.85,12.56,73.74,13.0,55.08,4316.0,0
2656,98.25,1378,68.84,0.88,11.76,89.49,9.09,15.83,8478.2,0
2657,74.9,1951,56.45,2.16,14.07,65.01,8.96,58.81,1097.0,0
2658,98.68,3354,46.66,4.34,12.84,92.85,13.87,37.36,9449.2,0
2659,90.06,2248,57.19,1.96,12.35,73.79,9.89,60.66,3155.0,0
2660,94.64,2288,55.5,4.27,12.6,84.6,11.32,82.41,243.9,0
2661,73.89,3814,55.16,4.2,14.57,66.57,12.07,31.23,2606.2,0
2662,77.26,1220,63.86,2.42,12.67,71.35,9.16,31.13,789.6,1
2663,95.17,2758,51.68,3.24,13.1,86.89,11.86,75.64,5707.2,1
2664,76.62,3365,47.04,2.33,12.84,72.27,10.77,52.0,3231.6,0
2665,93.56,1973,59.97,2.23,12.21,80.21,7.55,61.94,8088.1,0
2666,71.59,2802,58.29,3.96,12.61,62.3,8.22,66.96,7353.0,0
2667,98.18,1513,56.5,1.74,12.16,90.44,7.02,68.67,4739.1,0
2668,73.21,1719,68.7,3.17,13.96,62.07,8.56,39.18,5650.0,0
2669,94.63,2469,51.38,1.56,13.28,88.79,7.72,5.58,6126.8,0
2670,95.51,2759,48.02,1.83,15.0,90.98,10.81,66.29,2780.0,0
2671,79.64,2985,55.57,4.41,12.63,72.03,10.95,28.33,1479.8,1
2672,94.98,3299,48.29,3.02,12.51,86.6,12.83,80.3,3827.5,0
2673,91.13,2153,57.63,2.09,14.43,81.53,10.55,53.87,1039.1,0
2674,81.53,3036,47.95,4.01,14.05,77.96,12.01,54.09,3217.1,0
2675,75.9,1960,52.73,3.43,13.51,69.27,9.62,67.37,5570.8,0
2676,64.45,2831,64.81,3.56,12.31,65.7,9.64,23.95,5447.1,0
2677,92.2,2345,51.83,2.15,14.6,87.74,10.14,51.87,1294.1,1
2678,69.22,2512,49.28,2.45,13.14,59.08,8.69,65.83,182.6,1
2679,89.14,2496,61.01,2.92,12.86,78.26,10.66,61.84,980.5,0
2680,84.84,1077,50.54,2.59,14.11,80.26,6.21,38.48,457.9,0
2681,96.15,1413,51.95,1.78,13.18,89.12,10.29,40.7,4064.6,0
2682,84.38,2272,57.92,2.71,12.27,76.3,8.74,86.3,3958.5,0
2683,84.05,1019,62.6,2.22,13.23,72.81,8.18,66.17,2492.0,0
2684,96.78,2782,60.69,3.83,12.57,84.2,11.47,45.21,2232.9,0
2685,92.02,2810,48.85,3.42,10.79,83.56,12.36,85.63,4024.6,0
2686,91.79,2429,57.68,1.44,12.49,84.58,8.36,71.48,957.1,0
2687,93.63,1415,53.32,2.02,12.78,89.96,8.53,60.06,2221.7,0
2688,69.57,3166,49.13,2.23,12.28,61.25,11.37,71.33,4116.3,1
2689,97.08,3626,58.89,3.64,13.66,82.86,14.46,40.63,1038.8,0
2690,95.35,2303,51.03,3.32,12.58,83.48,10.27,85.72,8424.1,0
2691,75.8,2557,55.61,2.78,13.58,67.28,9.3,76.17,6792.6,0
2692,85.07,2341,55.25,2.39,12.21,76.16,12.45,60.75,3892.9,0
2693,87.53,2571,47.42,2.76,13.93,81.59,11.41,62.1,1588.9,1
2694,86.39,2116,60.56,2.67,12.18,79.46,11.37,52.67,2022.5,0
2695,92.01,2176,57.97,2.02,11.33,83.56,8.56,43.48,1288.9,0
2696,105.18,2834,41.29,1.85,14.19,96.72,12.08,69.49,1684.8,0
2697,100.98,3842,52.88,1.64,12.52,89.95,11.52,48.94,4282.9,0
2698,72.25,1220,52.0,3.11,14.61,61.37,6.32,52.13,2532.1,0
2699,95.46,2127,61.27,2.9,13.65,85.9,10.76,56.51,8857.3,1
2700,103.95,1374,47.47,2.46,13.83,98.94,10.01,57.75,9613.2,0
2701,92.64,3314,50.19,4.05,14.04,87.53,11.16,80.51,6944.5,0
2702,101.09,1789,57.5,1.35,13.29,95.76,11.46,60.6,8106.7,0
2703,112.15,1190,56.78,0.7,13.3,103.44,8.79,62.81,2625.7,0
2704,100.28,2647,58.19,3.05,14.23,98.36,10.68,18.88,6683.7,0
2705,90.99,3421,43.01,3.32,13.29,83.01,11.8,71.53,674.2,0
2706,100.54,2665,63.49,1.36,12.62,88.32,10.75,59.29,9606.1,1
2707,89.74,2343,57.44,2.89,13.67,79.74,11.71,63.29,6735.0,1
2708,88.29,2486,62.17,2.35,11.51,81.34,9.09,46.14,3236.8,0
2709,83.78,3190,57.87,2.34,14.26,77.88,10.34,83.96,7753.1,0
2710,106.76,1588,55.62,2.0,14.27,96.34,8.21,56.34,256.4,0
2711,78.18,2122,47.09,0.55,14.16,69.26,11.7,39.63,3824.7,0
2712,106.39,1883,51.72,1.92,14.13,99.13,9.68,41.73,8967.0,0
2713,94.0,1382,65.72,1.61,13.13,87.77,7.97,68.15,2705.7,0
2714,71.21,1970,63.46,2.88,13.11,62.98,8.63,51.92,6712.4,0
2715,92.41,2975,49.29,2.76,12.22,85.32,12.24,59.56,3665.0,0
2716,62.8,2597,37.03,3.23,14.6,52.45,10.41,53.43,3984.4,0
2717,95.51,2651,52.36,0.7,12.81,83.78,10.15,77.93,7484.8,0
2718,98.62,2303,52.59,1.91,13.47,94.72,9.95,65.26,9111.0,0
2719,80.89,2566,52.39,3.15,13.4,76.57,8.46,33.46,1750.5,0
2720,89.48,1640,58.87,2.04,12.13,77.44,9.28,32.12,2841.2,0
2721,111.45,1983,60.13,3.12,11.8,102.95,11.94,53.79,4929.1,0
2722,81.93,2334,60.29,1.16,13.2,77.33,9.2,42.95,6176.8,0
2723,75.29,2394,56.94,3.21,12.84,64.34,10.51,12.95,4731.1,0
2724,105.78,2424,43.22,2.13,13.13,96.75,10.16,41.44,8074.7,0
2725,111.55,2103,52.59,1.91,14.05,96.94,9.27,48.85,7704.1,0
2726,88.04,1936,68.93,3.21,13.38,80.75,10.33,45.41,4111.9,0
2727,100.14,4410,52.33,4.46,13.81,88.81,16.46,82.68,502.1,0
2728,104.1,2835,55.42,3.65,13.56,100.44,12.07,14.12,2025.5,0
2729,79.09,2489,56.21,4.3,12.95,66.9,9.53,41.29,4920.8,0
2730,82.18,2037,57.44,3.48,12.4,71.34,9.04,69.93,9282.4,0
2731,102.77,1884,40.83,1.76,13.41,89.96,12.24,39.75,5718.9,0
2732,108.22,2108,53.21,2.61,13.27,96.89,10.84,30.22,5350.9,0
2733,94.75,2405,53.9,2.34,13.93,87.05,9.53,42.62,7267.3,0
2734,77.44,884,64.97,3.62,13.08,72.96,7.49,56.03,1607.7,0
2735,111.84,1101,56.92,2.93,12.96,105.65,9.35,43.34,1554.5,1
2736,81.63,1754,45.63,2.19,13.02,78.91,9.58,37.83,3519.4,0
2737,83.98,2345,56.9,3.31,12.47,78.74,11.8,65.51,9949.0,0
2738,92.11,2033,50.07,1.48,14.36,82.83,11.33,61.49,8771.8,0
2739,106.65,3235,45.1,3.21,14.11,98.79,12.35,35.94,6833.1,0
2740,98.25,1162,51.59,1.32,12.23,90.92,8.66,50.67,3972.4,0
2741,92.98,1674,58.86,0.95,13.84,87.36,9.77,25.85,5591.3,0
2742,93.56,3264,59.97,3.65,11.72,90.88,10.97,84.79,3105.2,0
2743,88.52,2292,57.29,3.31,13.99,79.98,11.24,80.17,6775.6,1
2744,94.7,2819,57.1,3.18,12.64,85.56,10.82,52.96,4246.6,1
2745,57.65,3636,54.73,3.04,13.49,52.62,11.59,84.91,1290.1,0
2746,84.44,1714,56.18,1.31,11.66,78.04,11.11,36.96,2229.4,0
2747,90.9,2130,58.89,1.58,12.24,78.27,10.57,51.79,6126.1,0
2748,74.19,2009,40.53,1.68,13.57,62.71,9.41,42.16,6976.2,1
2749,92.64,832,57.96,1.81,12.64,89.09,7.39,46.3,1050.6,0
2750,85.55,1983,48.76,3.3,12.53,77.8,9.4,55.02,8102.6,0
2751,109.07,2817,60.2,3.67,14.32,96.7,10.2,58.65,8261.0,0
2752,106.88,2578,52.83,1.39,14.97,99.53,11.77,55.47,7258.5,0
2753,82.41,2633,53.93,2.18,13.95,75.22,7.8,60.15,6867.5,0
2754,86.19,1937,46.09,1.85,12.33,74.91,10.61,78.53,2395.5,0
2755,87.11,1741,61.61,0.31,14.61,76.15,10.06,12.03,9204.3,0
2756,82.58,3088,56.6,3.39,11.95,71.77,11.17,98.75,2758.9,0
2757,90.34,1852,58.61,2.19,12.96,83.13,8.83,45.9,1906.8,0
2758,78.9,2406,49.35,2.54,13.24,68.91,9.88,54.68,6421.5,0
2759,74.43,2314,49.79,3.67,14.74,61.95,7.47,82.27,3704.6,0
2760,95.47,3223,53.83,3.07,13.93,87.62,12.69,73.27,9337.0,0
2761,95.55,2880,49.01,2.5,12.83,88.76,10.99,69.78,4656.5,0
2762,78.35,1293,59.06,2.59,12.44,66.66,10.03,74.47,1720.8,0
2763,98.74,1369,43.21,3.01,14.0,84.61,9.5,46.72,9579.5,0
2764,80.42,2605,50.89,2.96,12.77,66.08,10.53,75.81,5202.8,1
2765,91.04,2155,65.43,3.07,13.37,84.16,10.42,29.52,5233.7,0
2766,97.84,1881,57.8,2.28,12.1,90.67,8.6,61.44,3919.4,0
2767,87.6,2911,54.16,2.79,13.66,82.68,10.42,70.5,8376.3,0
2768,93.46,2331,66.2,2.69,13.59,85.1,10.45,78.71,2947.7,0
2769,81.8,2237,40.53,1.95,12.21,77.03,9.38,69.38,235.7,0
2770,85.64,2746,48.61,2.33,14.03,79.22,9.95,62.36,5023.1,1
2771,85.53,1937,52.71,3.52,13.64,75.43,9.09,47.07,9266.3,0
2772,79.04,3298,57.59,4.64,13.79,69.87,11.29,55.01,2805.3,0
2773,85.88,1648,60.95,3.57,12.9,83.31,11.79,45.28,2736.4,0
2774,69.42,2660,48.58,1.69,13.34,56.71,9.55,31.8,7407.2,0
2775,82.11,3204,58.6,1.86,13.25,77.37,10.39,95.89,7777.8,1
2776,84.58,1236,54.11,1.15,13.08,79.46,8.16,69.19,4412.0,0
2777,84.93,1960,62.35,2.54,13.34,80.64,11.24,58.65,8353.1,0
2778,85.1,3000,46.8,0.65,14.21,79.09,12.89,76.1,1802.1,0
2779,87.26,3010,52.23,2.43,14.06,81.95,13.43,74.92,3733.6,1
2780,93.75,2080,51.85,3.61,12.25,88.37,10.0,34.42,4102.4,0
2781,98.49,1686,61.88,3.09,13.99,97.89,10.27,64.65,3196.7,0
2782,80.2,2869,50.15,2.43,14.15,71.81,9.38,84.41,2255.6,0
2783,73.56,3028,52.76,2.57,13.08,64.87,10.22,46.41,3447.7,0
2784,75.5,1385,59.33,2.63,13.61,60.76,6.91,19.43,278.2,0
2785,82.15,1357,59.57,2.91,13.6,72.69,9.0,26.7,7063.2,0
2786,83.78,2358,59.61,2.18,12.52,77.27,10.04,54.02,6871.2,0
2787,78.76,2641,55.02,2.55,12.89,74.36,10.51,33.25,4557.2,1
2788,72.45,1991,52.58,1.99,13.8,64.74,8.03,50.3,3296.9,0
2789,82.53,2676,51.57,1.69,12.8,73.18,11.45,44.76,4397.5,0
2790,90.18,1703,55.72,2.14,13.98,83.69,6.35,52.0,9371.6,0
2791,95.14,720,59.0,1.76,14.24,86.96,7.63,35.93,6075.3,0
2792,81.31,1903,54.33,1.4,14.11,67.62,9.1,52.5,7340.4,0
2793,83.04,2244,54.64,3.08,14.78,76.2,7.37,67.32,2372.2,0
2794,76.88,2007,45.93,2.84,13.13,74.54,9.69,34.68,1038.1,0
2795,87.62,1389,60.21,2.73,13.34,77.0,8.47,55.76,923.5,0
2796,77.82,929,58.27,1.39,13.46,68.88,8.32,30.33,4773.0,0
2797,94.88,1840,61.27,0.79,13.15,92.0,12.01,52.73,7195.2,0
2798,66.57,2828,53.45,3.2,13.63,57.29,10.49,57.13,7763.8,0
2799,83.68,3079,42.42,2.4,11.83,78.68,12.24,67.39,7232.1,0
2800,91.61,3031,50.75,2.2,13.36,82.29,12.94,63.68,9136.3,0
2801,90.21,1629,54.51,1.28,12.1,76.48,9.72,76.35,614.8,0
2802,120.32,1392,60.46,1.96,12.43,112.85,8.79,49.63,8567.9,1
2803,92.2,2548,41.44,3.96,13.79,80.95,8.61,44.54,6640.7,0
2804,75.95,2645,54.01,2.34,13.04,71.64,10.6,76.26,1837.6,0
2805,86.85,2480,57.11,1.79,13.76,83.41,9.8,63.3,6855.6,0
2806,66.69,790,53.56,2.52,13.02,52.63,8.58,64.22,5166.4,1
2807,87.03,1593,56.25,2.41,14.09,78.11,8.39,48.96,3654.5,1
2808,78.0,2179,50.92,0.84,13.01,68.09,9.51,28.7,2554.8,0
2809,98.98,2541,49.46,3.22,11.64,87.53,9.41,101.92,4695.1,0
2810,81.41,2737,51.1,4.48,13.38,74.99,10.07,46.17,2467.4,0
2811,86.6,2301,50.12,0.51,11.46,76.12,8.88,32.39,920.2,0
2812,80.37,2432,58.27,1.66,12.04,70.35,8.96,70.73,8476.6,0
2813,108.87,2259,49.93,0.29,12.49,104.75,10.66,36.45,5969.1,0
2814,84.15,2680,48.23,2.7,12.39,71.61,9.76,50.03,3700.3,0
2815,109.99,2419,64.62,3.43,12.76,98.07,14.16,58.81,4522.1,0
2816,97.77,2246,60.2,2.65,12.37,93.62,11.32,52.41,8661.8,0
2817,93.78,2012,43.75,3.57,12.08,85.18,11.13,46.6,3266.5,0
2818,92.42,2257,49.85,3.23,14.43,85.12,10.01,87.14,3863.7,0
2819,92.73,2539,55.33,4.05,12.66,80.47,10.71,54.81,7684.2,0
2820,64.87,2387,56.29,3.55,11.42,61.1,8.86,38.13,2085.2,0
2821,84.65,2467,45.13,2.34,12.91,65.85,13.34,76.14,6626.7,1
2822,98.14,3140,59.59,3.02,12.3,90.67,11.54,46.19,4399.8,0
2823,87.41,2386,59.17,1.93,12.49,77.2,9.44,53.93,5051.6,0
2824,71.14,1746,58.48,2.15,13.77,58.98,7.73,34.18,7890.1,0
2825,87.37,2819,61.49,2.87,12.84,79.96,11.21,62.94,9932.0,0
2826,108.45,1244,59.09,2.04,12.28,100.79,10.89,50.06,8332.0,0
2827,102.96,1443,58.7,3.27,13.56,96.47,10.6,49.88,1689.4,0
2828,87.26,2435,63.46,2.38,14.12,81.91,9.32,59.41,2323.1,0
2829,99.42,2561,60.4,1.96,13.63,90.6,9.91,73.52,4158.3,1
2830,83.6,1328,51.3,1.45,11.24,76.01,9.94,63.83,7220.3,0
2831,67.55,1932,59.04,2.94,12.31,61.08,11.31,32.6,5142.8,0
2832,76.91,1776,51.51,1.23,13.24,70.26,8.71,38.96,9027.8,0
2833,106.75,1859,58.18,2.23,13.0,97.03,11.5,71.44,581.9,0
2834,84.71,2861,56.14,3.9,12.94,79.1,9.02,43.31,2659.3,1
2835,85.08,2695,45.31,3.0,12.41,77.82,9.53,67.81,2270.8,0
2836,84.4,2187,53.9,2.47,12.08,73.71,8.55,71.71,7467.3,0
2837,110.85,1818,56.8,2.34,14.81,102.11,10.63,19.88,4701.2,0
2838,107.51,1255,53.74,1.29,13.22,102.66,8.96,41.2,248.6,0
2839,114.63,3194,54.32,2.3,13.71,106.7,12.61,77.27,7757.0,0
2840,86.09,2614,58.6,2.57,13.21,76.78,11.92,54.55,3681.9,0
2841,91.55,1705,55.37,2.53,13.24,80.58,8.5,43.95,2678.6,0
2842,69.8,2704,55.03,3.53,13.15,64.07,10.14,74.64,1908.9,0
2843,105.72,2151,62.87,2.59,12.3,99.4,8.85,76.78,9465.5,0
2844,73.99,1999,57.91,3.53,11.99,68.07,10.51,40.23,9426.2,1
2845,90.6,2505,55.16,3.96,13.51,84.54,11.77,92.17,857.9,0
2846,74.83,1681,49.95,2.94,13.35,65.62,9.1,16.2,2404.4,1
2847,80.93,1959,59.13,3.41,13.95,71.15,9.44,23.41,6496.6,0
2848,77.95,2285,56.45,1.79,13.79,66.8,9.07,46.42,6737.2,0
2849,80.71,1850,63.03,1.46,12.55,72.98,7.45,46.21,4235.0,1
2850,81.53,2668,53.97,3.17,14.11,77.75,10.75,52.03,5728.2,1
2851,81.42,3508,41.11,2.06,13.81,71.41,12.54,52.16,7056.0,0
2852,98.0,1672,45.38,2.07,13.75,89.52,11.89,37.32,9510.0,1
2853,74.74,1034,61.41,2.63,15.0,66.56,7.22,43.6,7278.6,0
2854,90.65,799,53.95,3.13,14.84,86.5,8.22,34.8,1191.7,0
2855,102.62,2095,57.33,2.29,13.75,95.2,11.6,68.01,7206.7,1
2856,81.84,1736,56.23,1.81,13.65,77.42,10.37,52.83,770.5,0
2857,79.38,2346,53.34,2.86,14.07,69.94,9.07,51.45,5074.8,0
2858,85.23,2293,53.83,1.72,12.73,78.52,9.61,54.11,5316.3,0
2859,102.16,1078,51.55,1.9,12.74,95.72,8.09,70.55,7804.8,1
2860,90.33,930,57.01,1.99,13.74,86.94,7.0,37.71,214.4,0
2861,81.63,2407,50.7,2.61,12.51,70.54,11.76,30.78,8760.0,0
2862,93.81,2295,52.12,2.65,13.67,86.58,10.33,36.02,6672.5,0
2863,74.77,1902,53.32,1.74,13.33,66.51,8.91,48.55,408.8,0
2864,96.18,1040,55.49,1.44,12.52,90.38,8.75,57.67,1684.3,1
2865,92.9,2530,59.43,2.09,13.22,89.86,10.64,74.58,491.2,0
2866,84.31,3090,52.04,1.64,14.24,77.9,10.85,93.31,7682.8,0
2867,77.94,2395,60.4,2.9,13.27,71.05,8.93,70.95,1792.0,1
2868,77.36,1607,65.06,2.99,13.27,68.48,10.52,33.78,551.4,0
2869,94.42,2231,59.61,3.19,13.46,87.48,9.49,51.12,1466.1,0
2870,102.75,1244,59.61,1.9,13.57,96.9,7.87,5.99,5639.6,0
2871,80.35,2941,55.11,2.22,12.94,76.86,10.65,53.21,5005.3,1
2872,93.5,2257,59.63,3.16,13.48,85.36,12.77,43.24,2537.9,0
2873,62.96,962,57.74,2.51,12.36,57.35,6.19,1.31,9435.1,0
2874,80.98,1990,60.95,2.62,12.56,69.02,10.2,95.89,8562.6,1
2875,87.63,2524,57.62,4.08,12.66,79.18,10.08,49.39,3213.2,0
2876,77.08,1967,52.95,2.41,13.58,67.4,9.47,11.46,4798.3,0
2877,76.76,2007,60.41,2.25,13.33,69.51,10.33,48.36,5216.5,0
2878,79.99,1343,56.89,1.83,13.09,71.38,6.28,82.87,7586.1,1
2879,91.51,2597,53.13,1.47,13.75,86.18,9.55,95.52,4336.7,0
2880,85.75,1746,52.65,2.86,13.5,81.29,10.24,53.44,5510.1,0
2881,61.14,700,58.74,1.92,12.97,53.1,6.83,47.93,4184.4,0
2882,62.55,1940,61.23,2.83,12.37,52.84,8.88,77.95,7651.9,0
2883,80.72,2887,58.59,4.32,12.54,78.56,11.53,56.11,5603.7,0
2884,93.49,1929,57.21,2.11,12.03,86.99,8.62,62.58,8295.0,0
2885,55.03,3417,55.94,1.22,13.31,45.0,11.84,79.09,632.0,0
2886,82.0,2500,61.65,3.06,12.51,72.57,11.13,35.28,9052.6,0
2887,81.69,2437,53.25,2.78,12.8,69.07,10.33,87.16,8212.0,0
2888,104.66,2110,47.97,1.91,13.1,98.56,10.92,36.87,8203.2,1
2889,83.38,2152,62.51,2.84,14.04,76.75,11.07,42.04,1489.1,0
2890,92.6,2016,51.74,3.09,13.94,81.7,9.08,55.89,2708.4,0
2891,89.7,1988,50.85,1.69,13.16,79.82,10.44,72.52,9804.6,0
2892,62.43,2572,43.22,2.47,14.21,54.72,11.66,70.78,9507.7,1
2893,97.22,1545,59.26,3.43,11.59,93.01,10.01,50.08,2342.8,0
2894,90.58,1447,46.34,1.62,14.7,79.11,8.6,56.16,4385.7,0
2895,94.1,1414,51.62,2.24,13.75,78.57,11.72,71.75,1643.8,1
2896,135.0,3632,54.97,1.08,13.28,125.0,13.97,63.76,2700.1,1
2897,62.99,2571,58.32,1.52,12.49,50.78,11.26,40.99,1928.8,1
2898,108.7,2413,50.12,2.76,12.85,102.1,10.44,44.22,901.3,0
2899,84.55,1460,55.28,3.19,13.69,77.55,9.96,68.74,5836.8,0
2900,91.45,2636,48.45,1.65,13.71,82.64,10.02,41.39,2483.8,0
2901,87.45,2118,51.46,2.56,13.73,83.07,10.15,23.15,9923.2,0
2902,82.91,2350,55.91,2.31,12.62,75.02,9.22,49.82,5202.9,0
2903,81.16,1516,52.98,2.99,12.46,78.0,10.92,49.39,3655.0,0
2904,91.95,2312,52.87,1.62,13.36,82.53,9.95,72.88,9140.3,0
2905,69.79,1903,46.5,2.75,13.82,55.09,7.49,24.06,6245.4,0
2906,97.01,1664,62.4,1.78,13.2,90.93,9.53,58.71,1358.1,0
2907,83.01,2714,56.64,2.95,14.39,75.51,11.15,81.11,5028.4,0
2908,74.44,1124,61.57,2.11,13.23,66.8,7.78,32.19,4466.7,0
2909,82.6,2595,61.57,2.52,13.2,71.64,9.33,59.0,7674.8,0
2910,103.09,2679,48.58,3.14,13.74,93.87,12.4,14.86,6968.4,0
2911,81.58,1584,53.7,2.3,14.18,70.81,10.27,68.77,3770.8,1
2912,92.3,1626,44.34,2.18,12.12,85.82,7.22,67.47,4747.8,1
2913,79.23,2044,73.79,2.18,12.31,69.93,8.31,53.66,5236.0,0
2914,97.1,2397,53.24,2.69,12.95,99.2,10.33,29.64,4282.4,0
2915,96.23,2093,60.98,2.67,15.0,86.22,9.4,67.7,1166.4,0
2916,110.18,2503,46.41,1.89,12.99,105.84,11.77,51.92,9063.9,0
2917,85.89,3434,58.1,2.82,13.1,78.88,13.89,6.8,6758.3,0
2918,96.02,1845,66.39,1.54,13.69,85.79,9.2,68.43,4750.2,0
2919,89.18,999,56.61,1.97,13.98,85.79,10.04,71.07,5738.9,0
2920,103.55,2778,47.27,2.33,13.34,92.28,9.55,85.25,2210.3,0
2921,79.37,3378,51.44,3.69,14.13,71.75,11.92,36.53,5352.5,0
2922,96.94,2475,40.62,3.2,12.24,84.58,9.92,18.31,7485.7,0
2923,85.66,1439,55.89,1.46,12.59,80.37,9.25,42.22,5383.4,0
2924,87.23,2113,59.69,2.5,14.13,84.67,7.64,64.84,4858.6,0
2925,89.1,1417,55.93,2.7,13.21,81.19,7.23,31.45,4677.6,0
2926,91.03,2650,51.96,2.6,12.19,81.27,11.26,25.88,7640.1,0
2927,86.61,1254,59.65,1.53,12.14,76.59,7.68,63.82,7558.1,1
2928,90.58,1990,58.61,1.57,12.55,85.98,9.29,46.84,7525.7,0
2929,106.94,1497,45.92,2.91,13.2,103.81,11.72,63.23,2537.1,0
2930,99.83,2289,54.87,3.3,13.57,92.76,10.62,55.85,6217.2,0
2931,98.43,1944,69.65,2.26,12.94,88.88,10.97,50.14,7811.2,1
2932,82.53,2324,46.36,3.21,13.51,73.14,8.99,54.46,5662.8,0
2933,77.33,2216,54.1,0.2,12.85,64.61,7.95,47.92,7811.9,0
2934,99.46,1509,67.55,3.29,14.18,92.58,9.17,41.69,8558.6,1
2935,98.51,2639,60.27,2.61,15.0,96.05,9.14,35.61,1821.5,0
2936,105.67,2166,51.46,2.64,12.89,94.08,9.63,64.46,3132.8,0
2937,80.75,1508,57.25,1.97,13.58,72.17,8.9,75.8,6053.0,0
2938,85.25,3769,51.45,4.36,13.52,76.4,12.03,54.4,2967.8,0
2939,68.33,2534,49.54,1.84,13.31,58.02,10.12,94.32,9419.7,1
2940,83.29,2093,54.38,3.67,13.72,71.5,10.3,61.89,2021.9,0
2941,99.96,3191,50.85,3.3,13.58,92.03,10.37,66.11,3633.8,0
2942,82.4,3489,52.71,3.62,12.82,70.87,10.51,75.84,9943.6,0
2943,95.69,2098,50.25,2.23,14.25,86.03,7.41,73.89,1972.9,0
2944,85.71,2443,46.45,1.6,13.36,79.68,9.75,47.37,4543.3,0
2945,91.89,1508,55.69,2.97,12.89,84.59,9.89,61.95,3206.4,0
2946,74.23,2097,65.16,2.74,15.0,64.38,11.06,75.31,8117.0,0
2947,89.02,2061,55.35,3.57,13.11,83.15,9.96,46.58,3111.1,0
2948,55.0,2329,52.53,2.44,13.4,45.0,10.59,55.87,1698.1,0
2949,85.76,2433,58.65,2.31,13.34,77.28,10.64,41.05,9338.0,0
2950,68.43,2592,52.97,3.83,13.1,59.29,9.94,47.49,3242.3,0
2951,102.47,2366,65.37,4.14,13.56,90.15,9.93,49.0,7443.3,1
2952,97.33,1352,56.2,2.17,12.52,88.26,6.1,31.83,2976.6,1
2953,93.6,1543,60.07,1.64,13.68,85.39,10.58,49.8,1868.0,0
2954,106.25,1818,50.71,3.02,11.79,98.5,9.91,59.32,8043.9,1
2955,76.61,2002,58.06,2.25,12.16,69.02,10.88,62.37,650.3,0
2956,108.97,2936,54.64,3.35,14.66,100.03,10.6,43.24,3386.5,0
2957,99.19,1386,55.8,1.97,12.2,87.1,11.99,37.99,7822.8,0
2958,85.16,1950,52.09,3.68,11.63,79.0,9.13,70.52,5170.2,0
2959,101.63,2867,49.34,2.28,12.21,95.69,10.55,46.83,6926.8,1
2960,74.72,1990,56.78,2.83,14.59,62.87,8.87,70.22,761.5,0
2961,78.11,2522,57.77,2.29,11.77,71.8,10.25,42.28,7523.1,0
2962,80.7,2102,54.06,2.27,12.44,72.05,9.42,61.95,1802.2,0
2963,81.65,2380,55.98,2.29,12.03,75.43,9.33,71.13,8106.2,0
2964,75.32,2040,54.75,3.06,12.98,72.36,7.06,1.05,5685.3,1
2965,102.68,2667,54.15,3.48,12.85,94.08,10.15,75.17,7417.7,0
2966,84.89,1118,55.56,2.5,12.82,73.55,9.46,74.59,2207.0,0
2967,92.23,1946,55.17,2.34,14.68,84.42,8.62,47.3,4014.7,0
2968,81.16,2408,70.4,2.75,12.24,77.6,7.92,63.16,8040.5,0
2969,66.15,2574,55.84,3.43,13.12,57.83,8.43,40.46,9117.0,0
2970,91.24,3245,56.34,3.75,13.47,85.51,11.48,68.54,2343.1,0
2971,65.05,1926,57.9,0.26,12.42,64.91,7.78,102.58,7954.6,1
2972,87.18,3236,50.94,2.79,13.59,79.42,11.09,17.28,1174.7,0
2973,71.58,1739,63.37,2.15,12.88,62.03,7.68,42.22,4314.9,0
2974,111.85,3130,50.83,3.49,13.5,100.31,13.35,76.52,9393.3,0
2975,98.94,2772,59.7,2.74,13.11,85.67,11.74,83.67,9456.9,0
2976,89.27,1561,53.85,2.83,11.56,79.32,11.65,23.52,3037.2,0
2977,103.16,2415,48.3,1.77,14.24,92.36,10.3,43.53,2009.8,1
2978,77.84,2164,56.91,2.73,14.86,73.7,9.15,43.18,1579.9,0
2979,94.52,2638,47.04,3.46,13.06,81.66,12.21,44.57,4860.7,0
2980,90.4,2044,58.09,1.29,12.48,78.6,10.22,51.74,1011.6,1
2981,91.17,1985,47.83,4.45,14.4,84.27,8.56,25.14,3632.8,0
2982,103.27,3158,50.66,3.92,14.71,93.22,12.54,55.66,268.4,0
2983,96.79,2131,46.08,2.51,13.06,87.05,10.58,35.86,2668.0,0
2984,91.46,2778,70.35,2.14,13.03,79.05,8.74,57.09,9012.7,0
2985,68.14,2042,45.09,2.33,13.14,60.59,8.19,39.95,4525.1,0
2986,76.48,3367,52.38,3.13,11.86,70.72,11.48,58.62,830.1,0
2987,86.53,1725,62.4,2.68,12.97,80.0,10.88,31.42,6503.7,0
2988,89.12,1770,61.65,3.55,14.57,78.43,10.14,71.47,9560.8,0
2989,74.44,3267,57.64,2.64,13.07,72.2,10.35,54.89,4687.7,0
2990,116.94,1889,53.13,2.85,12.37,117.93,9.6,53.41,6280.4,1
2991,106.2,3321,60.34,2.01,13.6,95.51,13.18,58.81,9202.2,0
2992,95.23,2824,58.77,2.49,12.67,86.4,8.18,58.89,4249.1,0
2993,88.86,2092,56.07,2.79,13.15,80.81,8.8,54.39,6679.4,0
2994,85.45,931,58.58,2.55,12.18,81.37,9.6,63.49,4463.0,0
2995,76.58,2186,52.85,1.93,12.37,73.71,9.84,49.2,9625.1,0
2996,88.93,2271,48.98,2.22,13.79,82.83,9.13,41.03,5087.6,1
2997,91.09,3017,60.35,4.08,13.29,82.01,9.8,60.74,8868.0,0
2998,73.1,3312,60.32,3.97,12.58,66.86,12.06,49.41,5121.3,0
2999,92.01,1721,50.21,2.49,13.3,81.31,9.42,50.62,6717.0,0
3000,86.14,2761,52.55,1.0,12.71,81.0,10.42,37.32,3922.8,0
3001,65.11,2736,52.79,4.79,12.57,58.66,10.36,79.21,9183.8,1
3002,77.68,2951,52.95,2.86,14.13,67.57,10.87,43.9,6504.7,0
3003,83.04,2549,54.3,2.45,13.83,76.17,10.36,81.08,297.1,0
3004,110.65,840,62.85,1.58,13.18,103.63,7.07,45.62,254.8,0
3005,94.68,2091,50.28,2.79,13.32,88.61,8.74,71.47,6794.2,0
3006,71.97,1391,51.22,2.49,13.19,66.46,9.03,34.8,1231.3,0
3007,93.83,2058,62.25,3.24,13.59,84.77,10.57,14.81,7190.0,0
3008,69.43,2886,50.55,2.11,12.56,59.98,10.74,26.14,3288.0,0
3009,100.99,2414,46.5,2.39,13.89,92.31,9.98,106.34,5435.3,0
3010,82.35,3004,50.1,4.53,13.48,76.2,11.83,47.86,1826.6,0
3011,86.88,2439,52.13,2.83,12.99,79.48,9.78,78.36,2537.6,0
3012,103.91,1291,65.63,1.99,12.81,91.12,10.66,23.59,4425.5,0
3013,72.55,700,63.22,1.25,13.87,68.82,6.22,49.58,6688.2,0
3014,71.23,2304,61.36,2.99,13.08,57.58,8.84,62.59,1641.7,0
3015,81.0,2050,59.84,3.3,12.64,72.7,9.25,110.83,2884.7,1
3016,100.46,1516,61.55,2.93,12.89,93.0,10.33,44.54,2148.9,0
3017,69.77,1010,52.94,1.8,13.82,58.91,7.44,33.63,8640.5,0
3018,55.0,1686,54.62,2.6,11.91,53.2,8.02,58.93,6515.3,1
3019,82.59,2064,48.95,3.82,12.92,70.45,9.04,35.69,4738.1,0
3020,94.62,2666,52.35,3.61,14.06,81.05,11.16,65.99,9474.7,0
3021,102.4,2332,58.34,1.97,13.07,91.14,10.52,54.72,7384.7,0
3022,82.44,3326,53.17,1.01,13.42,80.75,10.46,46.68,9329.0,0
3023,83.06,1475,63.93,2.45,14.07,72.77,8.8,60.54,6016.2,0
3024,101.85,2817,46.42,3.46,13.91,88.91,11.5,60.87,1466.8,0
3025,65.56,2233,57.65,1.68,12.85,52.93,11.99,70.41,6786.7,0
3026,83.34,2686,46.15,2.75,13.1,79.56,9.74,90.97,2094.8,0
3027,90.29,1894,55.74,2.19,13.92,79.24,8.52,43.13,3525.1,1
3028,93.39,2950,57.49,2.96,13.95,80.0,11.55,51.27,5145.2,0
3029,81.88,2407,52.92,2.2,13.13,73.79,8.81,29.33,1657.9,0
3030,88.41,1724,58.84,3.36,13.16,84.77,7.92,62.57,305.7,0
3031,58.14,2192,49.02,2.65,13.41,47.65,7.12,42.05,3338.2,0
3032,80.1,2032,44.98,1.76,14.29,68.94,8.45,60.9,8260.7,0
3033,93.44,2542,57.21,3.43,14.05,85.86,9.71,80.36,252.3,1
3034,76.21,1374,66.77,1.16,13.75,71.78,6.71,36.36,1183.4,0
3035,88.71,2179,48.64,3.56,12.34,77.76,9.6,45.39,8087.9,0
3036,93.36,2477,61.33,3.46,12.98,87.67,7.67,76.95,3127.9,1
3037,83.89,2223,54.82,3.66,13.02,74.7,10.39,69.29,9388.3,0
3038,90.05,3143,44.67,2.84,14.33,77.37,10.72,72.69,3864.4,0
3039,76.45,2742,46.78,2.39,13.01,73.42,9.82,50.42,7987.4,1
3040,85.52,2195,54.7,2.6,14.2,74.8,10.51,26.25,2662.0,0
3041,95.32,2352,51.81,2.54,12.74,87.94,10.83,41.67,712.1,0
3042,89.88,2407,46.28,2.11,12.81,82.43,9.53,36.05,8827.4,0
3043,80.96,2482,43.9,2.22,13.59,71.42,10.62,68.32,9280.2,0
3044,90.69,922,52.04,1.71,14.45,85.0,9.94,53.02,7110.2,0
3045,96.58,1989,56.12,1.51,13.03,92.1,8.67,41.76,7723.7,0
3046,63.4,1161,56.77,2.61,11.15,60.75,8.39,40.21,170.6,0
3047,101.91,3095,49.7,2.9,11.95,90.21,10.4,69.88,7562.9,0
3048,83.96,2157,55.9,2.27,13.44,77.08,11.11,48.36,4774.7,0
3049,93.11,2065,61.06,1.59,12.02,83.4,9.03,42.57,4582.6,0
3050,102.37,2828,55.61,1.89,12.51,95.82,10.45,98.34,5446.7,0
3051,71.54,2496,53.36,4.22,13.21,67.03,11.15,45.78,2785.0,0
3052,79.49,1410,61.78,1.68,11.24,69.53,9.29,63.63,6993.3,1
3053,84.54,2150,48.94,3.01,12.9,75.55,8.89,62.55,3026.3,0
3054,78.59,1965,53.76,2.56,12.27,71.31,9.38,23.13,5630.2,0
3055,108.82,979,55.69,0.2,12.0,99.91,7.95,34.09,1455.6,0
3056,77.72,1717,48.19,3.76,12.56,72.6,6.91,68.48,6783.2,0
3057,81.33,2072,52.36,3.03,12.34,70.15,9.71,51.6,1977.2,0
3058,90.45,2120,42.28,1.89,13.58,78.58,9.44,25.22,1787.1,1
3059,73.57,1162,68.22,2.05,14.16,63.3,6.71,56.66,340.4,0
3060,83.25,3006,47.37,1.98,12.91,76.37,12.51,48.19,1305.7,1
3061,91.81,2129,64.22,3.97,12.72,83.63,8.84,63.29,2402.4,0
3062,84.01,2226,54.78,1.83,12.87,71.3,9.98,108.91,2300.9,1
3063,86.88,2480,57.42,2.25,12.31,75.04,11.58,64.33,3343.9,0
3064,81.65,1648,52.79,1.71,12.17,67.67,8.55,63.93,638.7,1
3065,69.83,2519,55.3,2.75,11.88,64.17,8.87,51.84,9358.5,0
3066,91.86,1943,58.98,3.52,12.14,86.47,10.01,31.07,1279.8,0
3067,109.06,1572,59.7,3.69,14.51,100.66,10.25,71.71,7049.4,0
3068,88.22,2601,58.43,2.4,12.65,79.0,11.57,45.29,5397.2,0
3069,90.7,3244,50.27,3.31,10.85,83.13,13.81,56.68,5572.6,1
3070,96.31,2707,50.64,2.83,12.73,89.48,10.41,93.91,1144.6,1
3071,72.77,2846,43.82,2.05,11.93,60.97,10.58,52.12,2507.8,0
3072,108.43,1836,58.33,4.31,13.25,100.7,8.55,77.12,7820.8,0
3073,90.43,1082,63.3,3.13,13.16,86.07,9.11,56.04,4690.5,0
3074,107.58,3243,62.07,3.16,13.24,102.88,12.38,50.2,4625.0,1
3075,79.2,3638,53.59,4.45,13.17,70.46,11.54,70.46,5504.5,0
3076,109.82,3280,47.69,4.0,12.9,92.81,11.55,47.15,4394.7,0
3077,97.3,1965,44.81,2.5,12.04,92.23,9.46,71.68,8080.7,1
3078,94.64,1392,62.41,2.44,13.14,87.58,9.21,75.09,7512.2,0
3079,90.81,1454,45.28,3.41,14.02,75.59,7.72,51.5,3238.3,0
3080,85.02,1021,54.91,1.25,14.65,78.47,7.66,74.78,8139.6,1
3081,102.41,2125,53.3,3.85,13.01,93.04,10.32,57.75,5234.2,0
3082,89.68,3324,51.91,2.87,13.1,76.06,9.8,80.03,6314.6,0
3083,64.4,2101,55.14,3.72,13.6,59.25,7.67,113.43,8675.1,1
3084,74.59,2412,55.07,2.63,14.39,67.52,8.96,105.77,4812.3,0
3085,85.77,3163,38.18,3.24,12.81,79.22,13.15,57.13,7587.0,0
3086,91.72,1917,55.21,2.39,13.75,88.27,8.61,59.17,6318.1,0
3087,87.32,3625,38.36,2.76,12.54,74.61,11.95,42.47,4324.8,0
3088,102.63,3594,56.1,2.95,13.46,96.38,11.26,79.34,7911.6,0
3089,64.59,2108,51.58,3.6,13.98,59.22,8.02,62.23,1141.1,0
3090,89.72,1796,42.44,0.51,12.17,83.06,7.63,37.09,5854.1,1
3091,66.18,2688,48.85,1.77,12.78,55.4,10.68,81.67,559.5,0
3092,97.12,1957,51.59,1.85,13.96,88.78,8.27,48.23,1646.1,0
3093,86.87,1390,63.35,1.31,13.69,81.24,9.74,39.72,6028.8,0
3094,93.04,3097,53.94,4.15,14.03,83.81,11.99,68.37,3145.3,1
3095,77.63,3052,55.01,3.93,13.88,67.2,10.73,50.81,2698.5,0
3096,103.35,2309,61.36,3.06,12.93,95.42,11.73,55.02,9562.8,0
3097,100.5,1316,55.7,1.63,14.96,93.2,12.74,84.62,3722.5,0
3098,95.0,1339,60.79,3.22,13.31,83.95,9.43,37.54,5690.9,0
3099,86.45,2275,58.54,1.3,10.76,78.98,8.62,68.96,5389.1,0
3100,94.96,1850,47.52,4.1,12.97,82.13,11.41,41.23,714.0,0
3101,79.52,1961,63.95,1.88,12.82,73.79,9.47,34.1,6775.3,0
3102,98.27,2915,44.57,2.65,13.84,92.61,13.87,57.66,5177.7,1
3103,107.79,2713,58.94,2.43,12.84,102.51,10.76,111.77,3876.0,0
3104,100.85,3165,43.47,2.12,14.08,93.56,13.34,76.42,753.6,0
3105,79.24,1507,59.63,3.77,13.65,71.24,8.56,60.08,3000.8,0
3106,92.34,1960,66.21,3.06,12.4,88.31,12.88,43.07,8852.5,0
3107,72.48,2731,52.33,3.75,13.09,64.19,9.82,50.5,1819.7,0
3108,94.87,2514,52.38,1.7,12.58,85.17,14.22,27.21,2271.4,0
3109,93.41,3273,56.07,3.17,13.35,89.8,12.23,97.34,2132.4,1
3110,65.56,2494,52.15,3.09,12.57,59.13,10.58,62.14,8919.0,0
3111,74.06,3494,62.99,3.34,13.26,64.36,13.4,66.4,7030.0,0
3112,84.6,2578,55.0,1.78,12.98,79.87,9.41,61.35,8830.2,0
3113,84.39,2944,51.2,3.73,13.08,77.34,12.06,101.26,9146.1,1
3114,73.49,1974,51.88,2.54,14.84,62.22,8.71,59.63,9286.9,0
3115,92.67,2210,48.94,1.78,12.91,79.28,10.26,51.21,4908.6,0
3116,91.02,2838,49.52,1.34,11.65,81.7,11.07,94.81,4814.6,0
3117,85.67,3329,50.23,3.53,14.01,78.18,12.2,59.18,8306.3,1
3118,78.93,2710,50.69,4.73,14.01,72.43,10.99,24.23,3386.1,0
3119,100.58,2142,50.67,1.7,11.62,89.85,9.57,24.11,319.9,0
3120,107.86,3164,65.13,3.11,12.64,96.46,12.2,56.95,3382.3,0
3121,82.2,700,51.44,2.89,13.55,77.67,4.65,51.83,7191.9,0
3122,80.65,1204,57.5,1.08,13.62,69.92,9.34,65.47,1323.8,0
3123,93.89,2677,57.15,2.37,13.2,87.72,12.86,39.5,7869.3,0
3124,83.7,2210,58.37,1.86,13.21,78.28,10.0,50.55,8173.2,0
3125,86.33,2624,53.39,3.52,12.45,78.79,8.56,41.35,1099.0,0
3126,96.88,2245,52.99,3.62,11.28,85.9,11.17,77.54,1068.6,0
3127,65.09,2600,56.63,2.85,14.84,56.16,8.79,83.05,2068.2,1
3128,103.82,1630,57.23,1.61,12.43,94.97,9.82,90.74,3628.3,0
3129,88.87,2599,52.22,2.37,13.34,79.81,11.36,64.43,5374.1,1
3130,83.06,2896,43.85,2.35,13.07,73.66,11.43,96.48,4906.9,0
3131,86.93,3054,50.07,2.14,13.92,79.27,12.45,46.27,8546.4,1
3132,87.55,3609,44.89,3.09,13.29,77.65,12.18,67.78,1508.1,0
3133,67.23,2371,50.36,3.08,13.32,61.2,9.64,34.81,7006.0,0
3134,105.94,2392,54.29,3.02,11.09,95.99,11.7,67.62,5534.0,0
3135,88.5,1134,58.86,2.05,12.53,77.92,8.24,54.3,7394.6,0
3136,93.32,1828,65.98,2.42,13.8,83.22,8.71,3.69,3485.3,0
3137,99.42,2065,51.56,2.41,13.72,89.17,10.64,76.38,4766.7,0
3138,75.75,2935,57.83,1.83,12.44,66.35,9.22,76.52,383.1,0
3139,93.68,1772,57.24,2.48,11.94,82.16,9.37,41.32,1249.4,0
3140,84.79,2757,61.26,2.32,13.3,83.6,8.98,63.97,3812.5,0
3141,98.16,2199,57.98,1.46,10.87,87.6,9.59,25.12,4864.4,0
3142,62.47,2076,48.93,2.78,12.28,48.55,8.21,38.85,948.9,0
3143,86.81,2374,43.9,2.13,14.61,80.68,8.94,89.43,8267.4,0
3144,80.77,1926,57.04,2.6,14.36,74.97,10.56,30.27,9465.9,0
3145,93.19,1900,51.98,3.08,13.59,81.33,10.86,53.39,6004.3,0
3146,93.64,1007,51.05,1.24,13.45,88.42,9.89,19.91,628.7,0
3147,79.51,2026,47.37,2.54,11.64,73.51,9.12,60.72,7414.4,0
3148,79.45,1864,56.27,0.94,12.61,70.94,8.58,64.24,2249.9,0
3149,86.67,1839,64.36,3.6,12.96,81.07,10.28,67.32,7363.2,0
3150,77.24,2492,51.61,1.58,12.62,66.62,10.12,66.11,4400.0,1
3151,98.1,2661,57.14,2.34,12.92,92.48,11.1,86.3,628.9,0
3152,83.57,2363,53.67,3.68,14.24,74.49,6.94,44.89,2859.6,1
3153,55.0,2897,45.65,2.67,12.77,46.15,10.7,38.02,4327.6,0
3154,83.5,2603,58.21,1.76,12.93,70.51,11.1,45.67,7388.9,0
3155,75.54,1993,48.5,3.02,13.79,64.04,9.15,26.84,1417.4,0
3156,68.42,1876,55.48,2.95,12.06,62.01,9.71,54.63,2941.3,0
3157,73.15,2419,52.18,2.13,12.53,68.94,10.44,53.52,927.0,0
3158,89.31,2602,59.13,2.3,12.61,78.8,9.72,66.96,6196.5,0
3159,103.94,3178,46.18,2.63,13.24,97.9,11.67,28.55,4795.3,0
3160,91.76,3034,55.24,2.75,12.92,84.77,10.08,59.74,9297.1,0
3161,80.72,1821,50.34,0.86,12.95,75.9,10.84,77.02,7431.5,0
3162,93.47,2129,51.63,2.36,12.67,83.43,11.16,66.02,7801.1,0
3163,82.49,2670,31.86,4.18,12.34,76.43,9.44,19.91,1727.5,1
3164,79.66,2948,65.69,2.16,13.69,71.77,11.48,59.25,2739.6,1
3165,74.15,2857,56.65,2.37,12.93,66.21,10.74,44.29,5180.1,0
3166,66.98,2155,50.19,1.57,13.7,58.43,8.28,54.99,233.5,0
3167,83.32,1322,49.62,2.63,12.31,73.34,8.57,42.12,8714.3,1
3168,89.9,1501,53.0,3.19,12.67,82.63,9.95,85.59,7799.6,0
3169,86.84,2391,58.51,3.57,13.02,81.06,11.28,57.86,673.6,1
3170,83.01,2440,42.78,1.65,13.1,80.59,12.89,62.77,8505.4,1
3171,76.65,1431,55.34,2.59,13.8,68.34,8.47,49.5,144.4,0
3172,95.3,2231,65.1,3.7,12.86,87.77,9.92,64.68,1230.8,0
3173,72.19,2642,46.99,3.15,13.8,66.33,10.69,53.31,648.1,0
3174,97.31,1394,56.62,2.56,13.5,89.12,8.8,65.64,4843.7,0
3175,75.97,2973,66.33,2.51,13.11,65.41,9.94,51.8,7862.1,0
3176,78.97,1936,58.96,2.6,12.44,67.64,8.08,80.94,1867.5,0
3177,70.4,3080,53.68,3.93,13.81,67.0,6.5,70.21,7737.7,1
3178,81.98,1827,58.4,2.63,12.46,75.07,10.02,49.71,1930.8,1
3179,99.7,1481,53.54,1.22,13.18,88.82,7.27,67.53,9906.3,0
3180,94.19,1879,62.98,2.03,13.16,81.4,8.58,62.94,8549.4,0
3181,99.74,2133,52.25,3.48,13.03,94.19,10.57,71.15,7398.1,0
3182,94.27,1928,43.33,2.68,12.89,82.13,9.33,55.08,5957.7,0
3183,74.76,2049,52.62,2.57,12.54,70.81,11.79,49.27,2501.2,0
3184,84.03,2434,48.34,2.2,11.91,72.59,8.31,59.11,1280.7,0
3185,78.64,2080,53.19,3.44,14.32,71.48,12.08,44.27,4657.0,0
3186,103.97,2154,53.02,3.85,12.81,91.28,12.05,74.31,4086.3,0
3187,73.64,1004,64.25,3.01,13.1,67.03,8.7,77.2,6777.4,0
3188,98.72,2474,58.14,3.82,13.09,91.65,12.42,68.23,1783.9,1
3189,98.72,2138,56.22,2.22,14.08,91.12,10.67,82.99,5665.1,0
3190,109.96,3327,52.18,2.65,14.75,106.57,10.32,84.3,6964.2,0
3191,83.08,1542,49.57,2.12,13.33,80.37,9.36,45.69,3059.8,0
3192,96.55,934,43.98,2.03,13.07,87.02,6.53,64.12,7822.1,0
3193,115.38,2633,54.23,3.88,12.3,104.41,10.88,31.94,4375.2,0
3194,80.59,2443,58.91,3.58,12.05,70.77,9.92,60.18,1710.0,0
3195,69.58,1494,55.45,2.65,11.78,65.34,7.11,27.12,2028.2,0
3196,65.44,1129,53.65,0.91,12.56,56.0,8.64,46.38,2861.1,0
3197,96.55,3276,55.17,1.67,11.53,91.52,11.56,32.66,1665.5,0
3198,65.4,3190,52.24,3.18,14.06,56.18,11.09,82.83,5672.9,0
3199,83.53,700,67.72,2.7,13.54,72.14,7.49,38.1,9496.5,0
3200,93.25,1879,62.59,2.33,13.0,84.15,9.76,71.2,8971.1,1
3201,90.22,3365,58.0,4.6,14.09,77.82,10.67,60.48,3305.2,0
3202,93.11,1867,59.76,1.52,12.34,85.56,8.17,16.12,8660.2,0
3203,90.67,1857,47.51,1.42,12.54,83.32,9.3,43.26,9544.8,1
3204,103.35,2002,58.86,1.92,11.65,95.14,8.99,43.2,3012.3,0
3205,76.57,1415,58.48,1.63,13.82,72.6,10.0,50.0,9062.3,0
3206,79.88,1007,60.66,2.42,12.55,73.08,6.18,78.0,9974.5,0
3207,78.73,2937,56.12,2.53,13.21,71.67,13.49,92.89,7997.0,0
3208,97.96,910,59.82,0.76,14.0,90.81,8.68,42.64,3963.2,0
3209,98.8,2373,70.38,3.33,14.3,90.0,10.63,30.83,6124.6,0
3210,93.41,2821,52.85,1.41,13.18,89.86,10.38,43.84,3705.4,0
3211,102.2,1184,62.15,1.23,13.51,97.64,9.67,58.5,9960.0,0
3212,73.86,1553,53.13,0.95,12.48,62.47,8.19,48.95,771.7,0
3213,108.01,3049,57.51,3.09,14.55,106.03,12.24,28.59,8941.5,1
3214,106.28,2573,59.36,2.86,13.07,96.43,12.11,47.17,838.0,1
3215,96.83,1768,57.58,3.88,13.26,89.95,10.37,78.64,517.8,1
3216,109.38,3042,62.79,3.65,12.87,100.9,13.4,65.89,9405.4,0
3217,68.12,3045,47.71,4.07,14.16,55.45,11.12,61.01,8686.1,0
3218,81.71,2388,51.32,2.86,13.36,74.1,8.83,48.35,3679.5,0
3219,79.18,1570,57.17,1.47,13.81,69.3,6.16,42.02,9579.6,0
3220,96.66,1911,60.39,2.51,13.48,88.48,10.03,64.14,8632.4,0
3221,75.4,2400,55.33,3.1,13.02,67.73,10.04,59.04,9029.6,0
3222,97.09,2068,62.51,3.04,13.94,89.79,12.34,69.63,5991.6,0
3223,104.45,2857,49.2,2.46,13.48,94.34,11.33,69.88,9587.5,0
3224,96.34,1129,49.83,2.45,12.43,90.54,9.04,48.97,8114.9,0
3225,91.41,1154,58.5,1.32,12.41,86.8,9.39,56.41,9405.5,0
3226,76.15,2327,53.94,1.76,13.32,67.92,10.3,43.91,2887.0,1
3227,77.84,1856,58.59,1.49,13.93,69.26,10.05,51.97,5367.8,0
3228,103.0,1761,55.21,2.36,14.51,100.47,8.79,79.19,8689.9,0
3229,97.35,962,54.96,1.06,11.78,89.38,7.2,47.79,5839.3,0
3230,87.53,2214,54.11,2.21,13.22,83.21,9.57,50.74,8030.9,0
3231,82.99,2163,54.86,3.25,13.59,73.1,7.07,58.99,9733.7,0
3232,63.69,2657,51.98,1.92,13.44,61.1,9.69,34.43,8065.2,0
3233,75.15,2248,53.34,2.16,14.01,61.37,8.74,59.71,3222.1,1
3234,110.94,2107,52.21,2.56,13.72,103.95,10.96,88.36,1275.1,0
3235,72.63,3024,58.17,3.11,12.41,67.23,10.28,43.77,2800.2,0
3236,90.27,1281,57.57,1.73,12.39,83.12,7.39,54.83,6661.6,0
3237,100.09,2575,67.3,3.34,13.45,90.42,12.46,56.78,208.3,0
3238,72.94,1030,57.98,2.49,13.99,62.27,7.72,47.0,1978.2,0
3239,90.22,1613,52.44,3.19,13.31,83.04,10.14,50.14,3336.3,0
3240,99.25,1351,72.24,2.09,11.94,95.57,9.25,64.19,8764.7,0
3241,88.15,2747,55.97,2.38,12.36,83.79,11.29,36.32,604.9,1
3242,122.42,2154,60.41,1.97,13.75,113.56,9.41,68.5,594.4,0
3243,67.98,2191,58.27,2.78,12.92,57.01,10.72,56.33,5562.6,0
3244,100.7,1425,59.79,1.89,13.29,89.35,10.24,15.1,1859.9,0
3245,85.93,1990,58.23,1.99,14.05,77.42,9.5,61.34,2497.9,0
3246,97.26,1666,48.98,1.94,12.24,86.36,9.77,54.07,1923.9,0
3247,93.3,2468,56.22,2.11,12.87,79.56,11.7,39.18,5857.9,1
3248,79.2,1506,48.07,2.39,12.78,67.63,8.11,54.05,649.9,0
3249,90.75,3131,51.66,1.83,13.48,79.98,9.5,34.26,9406.0,1
3250,65.71,1027,52.71,2.25,13.82,60.12,6.94,34.27,1319.1,0
3251,95.24,1635,57.81,2.83,12.02,84.35,9.49,52.35,9520.8,0
3252,91.58,3374,54.22,2.6,13.2,82.19,11.75,28.33,7803.5,0
3253,95.66,1895,58.03,3.94,13.9,85.71,11.3,30.14,8297.4,0
3254,100.7,1280,58.07,2.14,11.72,88.91,7.82,29.44,1810.8,0
3255,92.41,2353,50.61,1.36,13.15,83.34,9.29,57.5,6729.5,0
3256,89.78,1867,53.67,2.17,12.23,82.08,8.2,61.83,8189.0,1
3257,77.43,1615,61.34,2.33,12.69,72.64,9.17,33.63,5624.6,0
3258,79.45,1433,62.57,2.55,11.2,72.34,6.62,31.42,5555.6,0
3259,102.24,4138,43.74,3.21,14.31,93.6,14.2,69.39,1678.2,0
3260,105.24,2024,45.65,1.65,12.92,96.4,9.12,56.17,4200.9,1
3261,85.14,852,52.93,1.12,12.55,76.41,6.86,32.91,1590.3,0
3262,88.55,3246,58.76,2.49,13.46,77.67,13.62,97.85,9731.3,0
3263,77.14,2628,61.08,2.29,12.37,66.55,11.65,61.25,6880.0,0
3264,102.07,1663,50.02,1.39,12.29,94.26,9.74,48.38,579.4,0
3265,95.99,1547,57.68,1.66,14.41,90.53,7.63,43.36,4820.0,1
3266,111.29,2671,64.51,3.28,14.65,102.14,13.84,78.01,6415.8,1
3267,77.46,2027,57.48,3.78,12.73,62.72,9.04,64.86,1046.8,0
3268,83.46,852,65.83,2.6,14.05,74.5,8.02,12.16,6683.4,1
3269,90.78,3451,58.06,4.15,13.48,83.67,12.97,48.59,1855.3,0
3270,95.76,1896,49.68,3.18,12.07,86.15,7.37,44.24,4138.0,1
3271,85.41,3247,51.36,3.68,12.46,75.62,10.62,61.04,6293.0,0
3272,77.52,3095,53.06,2.67,14.44,67.77,10.8,72.91,3714.0,0
3273,98.58,1499,56.54,2.34,12.06,86.46,9.38,29.39,3870.8,1
3274,96.65,2923,58.58,2.53,15.0,87.5,9.73,57.75,8451.8,0
3275,77.0,1744,58.01,2.16,12.74,65.03,9.23,86.25,3161.7,0
3276,104.27,893,39.48,2.05,14.46,95.57,8.55,47.74,6586.4,1
3277,102.04,1903,47.22,2.98,12.96,89.5,11.95,39.33,8506.6,0
3278,89.61,2478,40.89,3.0,13.84,77.99,11.58,29.99,1611.2,0
3279,88.96,1876,56.28,2.26,14.32,78.19,9.13,43.32,554.7,1
3280,94.65,1985,56.41,2.49,14.31,84.28,9.58,32.14,8272.8,0
3281,77.66,3000,54.74,3.25,12.73,62.76,11.96,51.91,5556.2,0
3282,88.36,2275,48.68,3.11,12.51,77.13,10.37,66.29,8294.2,1
3283,62.17,1610,59.96,1.06,13.14,56.72,6.47,52.2,2209.1,0
3284,98.52,2691,57.83,1.9,12.16,89.78,13.52,48.35,8343.1,0
3285,69.26,2338,46.89,3.49,13.39,62.06,8.27,20.02,1043.6,0
3286,106.04,700,48.68,1.95,12.54,91.85,11.26,62.64,8843.7,0
3287,84.04,2500,54.01,2.34,14.07,72.28,10.73,49.75,8243.1,0
3288,85.46,2474,64.8,2.45,12.74,71.36,9.46,58.81,5716.6,0
3289,80.47,2214,64.8,2.34,11.81,74.75,6.82,36.85,6122.6,1
3290,84.54,2824,56.73,3.27,14.32,73.24,11.65,50.57,3523.9,0
3291,105.02,1729,51.04,1.44,13.35,101.12,7.93,40.58,2096.0,0
3292,58.15,2436,59.61,2.67,13.22,54.92,9.64,29.73,4608.8,0
3293,103.32,1103,53.97,2.24,14.08,96.51,11.12,30.26,6608.8,0
3294,92.06,2485,49.38,2.99,13.9,79.52,9.11,56.42,9984.8,0
3295,73.52,3567,39.07,3.33,12.59,68.49,12.33,69.17,8190.8,0
3296,75.1,1504,56.67,2.64,12.84,67.15,7.43,37.14,4399.6,0
3297,108.12,1668,51.75,1.84,12.31,96.55,11.17,27.75,7458.2,1
3298,76.65,1703,56.22,1.56,12.03,66.11,8.84,44.89,1169.7,0
3299,74.16,2291,40.69,4.55,13.66,59.51,9.53,71.14,4208.9,0
3300,101.65,1456,57.01,1.96,13.51,93.64,10.72,31.75,4306.8,0
3301,92.06,2495,39.38,2.53,13.81,85.39,11.24,57.03,9988.4,0
3302,76.74,2793,59.99,3.35,14.23,72.03,9.43,45.35,3971.0,0
3303,90.6,2574,56.95,3.99,13.82,83.7,12.7,79.81,924.5,0
3304,75.69,962,55.46,1.56,13.89,71.0,5.77,37.44,765.6,0
3305,101.21,2897,56.49,2.05,11.54,98.6,11.74,72.42,7014.0,1
3306,100.74,2856,47.32,1.84,12.95,86.85,10.35,79.24,2962.0,0
3307,94.38,2781,53.82,4.08,13.97,86.24,9.22,89.32,8702.2,0
3308,92.34,2461,58.8,1.83,12.27,76.57,9.09,29.5,4881.2,0
3309,109.13,2354,35.58,2.59,13.27,103.65,10.82,27.96,3370.7,0
3310,88.0,2923,50.45,2.08,13.62,81.28,11.41,82.64,7615.2,0
3311,73.82,3546,51.84,1.99,13.55,68.14,12.7,83.11,4233.6,0
3312,93.39,1533,54.71,2.01,13.5,87.32,10.86,38.66,7400.1,0
3313,113.03,2955,61.67,2.13,13.68,102.41,12.25,0.0,7169.5,0
3314,75.82,2140,48.03,1.96,13.34,66.12,8.86,56.26,7259.8,1
3315,83.66,2109,51.06,4.1,12.03,73.04,10.86,24.11,8585.5,1
3316,93.0,1124,45.21,2.4,13.61,80.97,7.73,31.99,8499.2,0
3317,87.35,2001,64.05,3.2,13.43,76.03,7.67,57.43,6679.6,0
3318,76.21,1502,54.57,2.89,12.04,71.24,9.57,57.12,9573.9,0
3319,101.46,1875,52.52,2.31,14.3,95.03,11.48,84.68,305.2,0
3320,115.84,1431,55.64,1.84,13.63,107.48,8.74,42.93,9311.2,0
3321,90.35,1886,59.01,2.6,12.1,71.17,11.87,33.59,1567.7,0
3322,77.15,1916,57.3,2.55,12.55,66.83,9.8,71.64,2195.3,0
3323,69.41,2268,70.45,2.12,12.75,61.09,9.88,62.95,8192.3,1
3324,91.1,1070,59.55,2.14,12.75,81.08,7.7,40.96,4064.3,0
3325,101.25,1188,53.73,1.52,13.43,95.06,10.07,49.56,4310.6,0
3326,93.7,2453,50.67,2.52,12.42,84.91,8.66,48.96,2686.1,0
3327,87.97,1642,53.34,2.02,14.1,77.11,8.66,65.49,2322.0,1
3328,80.93,2952,44.11,1.86,14.04,73.02,9.91,93.27,1151.8,0
3329,74.89,2358,54.58,0.73,13.7,69.16,8.11,41.44,2048.0,1
3330,98.02,2625,58.37,1.98,13.24,90.25,11.93,65.97,5710.8,0
3331,98.97,3187,48.86,4.43,13.95,91.92,12.18,30.33,7095.4,1
3332,69.45,1983,50.28,2.19,12.98,65.52,9.9,32.25,7414.5,0
3333,107.08,1798,64.37,2.98,12.62,100.79,9.64,63.84,3764.2,0
3334,94.89,2810,44.76,1.12,14.15,91.07,12.24,57.25,9227.4,1
3335,104.8,2557,41.36,1.89,13.45,100.51,11.12,34.96,3354.4,0
3336,71.89,2069,48.02,1.4,12.65,67.32,8.58,54.39,1200.3,1
3337,71.61,3174,43.49,2.82,12.87,60.75,10.03,78.42,9457.7,1
3338,86.21,2051,57.21,4.41,12.61,73.74,7.24,25.17,5452.7,0
3339,94.03,2223,52.34,2.92,14.82,90.64,11.55,90.07,9716.6,0
3340,109.56,2215,53.1,3.9,13.2,96.82,11.94,66.55,3997.3,0
3341,96.47,1546,62.76,2.04,13.33,91.85,12.73,62.93,7598.2,0
3342,85.09,2254,50.34,3.66,13.78,74.85,9.48,55.3,1188.4,0
3343,75.68,3178,57.35,4.64,12.23,66.91,10.14,95.81,8555.4,0
3344,102.76,2511,62.94,2.59,14.08,92.85,8.85,76.12,1789.9,1
3345,76.42,2222,51.87,2.12,12.71,71.92,10.68,47.78,779.9,0
3346,107.54,2087,59.11,1.43,14.66,104.98,11.29,69.47,1067.8,0
3347,84.59,2432,52.69,2.4,12.95,79.0,12.0,41.73,5618.0,0
3348,107.09,2725,58.96,2.84,14.03,97.81,10.26,52.54,2989.5,1
3349,96.15,2626,44.25,4.36,11.2,82.28,11.69,86.89,9613.4,0
3350,86.36,1968,45.18,1.4,12.26,81.45,8.87,61.36,8541.5,0
3351,81.77,2427,51.82,2.69,12.97,74.06,11.64,69.59,8052.7,0
3352,83.91,2536,48.6,1.24,11.58,78.16,10.91,80.41,8115.4,0
3353,93.14,1495,52.86,1.88,13.68,85.19,7.16,61.73,8917.7,1
3354,88.93,2318,53.02,2.84,13.45,86.72,9.96,39.48,8665.6,0
3355,80.87,700,61.94,2.41,12.41,68.38,5.07,79.23,9289.3,0
3356,86.01,2538,51.47,3.16,13.19,77.94,8.95,67.35,9350.2,0
3357,88.94,2662,48.71,3.07,13.85,78.19,9.31,69.51,3053.4,0
3358,62.46,2723,51.58,3.24,11.52,55.15,9.03,59.26,2273.7,1
3359,93.5,1923,50.49,2.45,12.18,84.93,9.37,75.56,6466.7,0
3360,76.24,2416,48.62,1.8,12.93,64.86,10.02,94.6,1321.0,0
3361,74.16,3197,42.99,1.51,13.22,65.76,11.05,53.47,2190.3,0
3362,67.75,3190,53.14,2.55,13.15,59.25,10.65,82.25,7752.3,1
3363,66.47,2180,51.34,2.42,13.91,60.86,9.52,55.56,6528.4,0
3364,71.73,2298,60.28,3.59,13.58,65.34,7.98,15.62,6543.4,0
3365,79.49,2978,44.39,2.81,13.76,74.53,10.86,31.58,9511.3,0
3366,111.44,1149,53.29,1.91,12.09,105.65,10.87,57.18,6709.5,0
3367,81.69,1974,65.95,2.75,13.32,69.94,9.15,73.85,4365.0,0
3368,90.13,3135,47.06,2.74,12.95,76.71,11.98,72.79,2875.3,0
3369,92.81,2883,51.77,3.5,14.37,88.55,11.58,74.48,3451.7,0
3370,89.57,2458,46.76,4.24,13.34,80.39,11.38,108.34,2850.4,0
3371,87.07,1146,48.61,3.82,12.66,80.02,8.64,59.24,446.4,0
3372,73.66,2165,64.02,2.6,13.88,61.47,10.37,49.49,2689.6,1
3373,105.41,1787,56.33,2.62,13.65,97.01,10.5,49.99,8370.2,0
3374,109.69,2432,54.79,3.91,12.54,101.71,11.8,89.09,7309.5,1
3375,67.81,1633,45.66,2.17,12.92,62.04,8.88,26.22,6256.2,0
3376,75.71,1482,58.24,2.76,12.93,72.31,7.19,75.45,9031.8,0
3377,84.64,755,64.44,1.09,14.18,74.36,6.21,46.65,2714.8,0
3378,76.43,3055,59.84,2.68,13.36,67.37,10.36,43.5,5819.1,0
3379,94.07,1920,59.12,3.34,13.78,84.94,11.56,24.32,410.1,1
3380,79.26,2310,47.64,2.01,12.81,73.06,9.56,85.27,8930.9,0
3381,113.98,2198,56.31,2.44,13.47,106.42,11.18,37.84,4532.6,1
3382,102.29,1453,60.0,0.94,14.24,91.91,6.92,51.76,1860.9,0
3383,90.55,1319,45.56,3.75,12.91,79.6,8.9,30.22,2469.2,0
3384,100.32,1496,49.19,3.23,13.29,95.86,9.38,90.09,8497.6,0
3385,101.27,1694,60.84,2.46,12.11,95.17,6.4,53.93,1177.2,0
3386,81.23,2457,59.37,3.06,12.59,77.4,10.4,29.61,9259.5,1
3387,78.21,1643,46.46,2.61,12.93,69.6,6.75,43.08,3797.3,0
3388,88.94,3423,56.9,4.2,12.35,78.28,10.9,90.2,2585.7,0
3389,98.34,2919,53.65,2.45,14.26,91.18,12.54,39.78,3385.4,1
3390,89.67,2766,58.13,3.38,12.53,83.66,11.0,51.17,4148.9,1
3391,69.08,2116,51.06,3.36,13.83,62.08,8.58,78.24,5526.3,0
3392,78.37,3260,56.39,3.99,13.35,63.45,10.52,68.21,5909.4,1
3393,87.11,2047,59.96,0.66,13.22,75.54,9.14,29.7,4533.4,0
3394,87.09,2178,52.52,2.05,14.39,76.9,10.03,59.34,4519.0,0
3395,111.67,2319,54.31,1.78,11.39,102.71,9.47,52.66,2924.5,1
3396,71.37,2691,49.81,2.88,13.04,63.41,11.41,59.0,3899.7,1
3397,94.07,2646,63.56,1.13,12.34,88.79,9.41,76.61,4724.7,0
3398,105.87,1867,54.42,0.75,11.63,101.05,7.96,57.82,6016.1,0
3399,115.26,1827,49.63,4.11,12.24,108.96,11.49,50.91,1393.9,1
3400,83.15,2648,49.42,3.24,13.21,78.01,9.88,54.85,7663.3,1
3401,93.9,2701,54.31,2.86,12.62,87.72,10.95,79.54,6837.7,0
3402,94.84,1925,59.61,2.71,13.92,87.14,10.52,38.94,3057.8,1
3403,90.35,1089,48.78,2.16,13.03,82.42,7.46,4.98,4647.5,0
3404,86.81,2055,65.97,3.27,12.94,80.68,9.81,49.62,9474.6,0
3405,93.23,2636,55.53,2.23,12.94,83.75,11.52,65.18,302.7,0
3406,57.61,3464,55.04,3.26,13.12,50.18,12.71,54.26,8132.4,0
3407,96.18,1361,55.63,2.34,12.87,87.54,8.32,39.46,5166.1,0
3408,89.51,1901,55.29,1.57,12.52,83.75,8.95,45.92,6226.2,0
3409,85.33,1927,54.25,3.44,13.99,75.25,10.08,52.87,6876.9,0
3410,112.56,3149,58.64,2.61,12.7,106.17,12.44,34.73,4614.6,0
3411,79.9,2176,54.63,3.34,12.89,67.08,9.42,68.08,1999.4,1
3412,83.16,1565,60.48,2.35,13.54,75.84,10.69,0.0,9104.9,0
3413,111.9,2591,51.05,4.02,13.45,104.18,9.31,68.15,7427.9,0
3414,78.02,1917,56.38,1.58,12.49,68.23,7.42,59.57,5639.9,0
3415,81.4,1343,51.51,1.29,13.8,70.96,6.38,59.8,4539.7,0
3416,86.24,1575,63.14,1.53,13.63,75.48,10.35,12.68,5043.4,1
3417,98.09,3414,47.09,3.19,13.34,84.76,12.7,68.14,8253.0,0
3418,90.49,2469,52.08,3.89,12.85,80.51,8.75,45.76,223.8,0
3419,72.49,2275,52.63,3.85,12.87,64.69,9.33,87.5,8666.8,0
3420,81.61,2025,52.85,0.61,13.04,75.2,9.39,61.18,562.8,1
3421,80.71,2405,58.55,2.83,12.21,73.11,7.31,32.69,6197.5,0
3422,87.07,2396,52.3,0.2,13.17,74.62,10.39,22.37,3397.9,1
3423,93.11,2405,62.51,3.27,13.91,89.27,8.98,43.93,6814.5,0
3424,93.02,2280,49.48,3.47,13.9,87.48,11.05,71.71,946.9,0
3425,66.69,2808,54.51,2.78,12.9,59.34,8.69,81.7,5606.7,1
3426,100.77,2216,49.82,2.61,14.05,95.26,10.64,58.72,8566.8,0
3427,91.03,1515,58.46,2.29,14.72,84.26,10.54,52.49,4996.9,0
3428,104.61,1771,55.24,1.72,12.95,91.2,11.01,45.79,935.0,0
3429,93.33,815,56.39,2.35,13.75,86.22,8.62,46.26,470.0,1
3430,101.22,3619,58.8,2.99,11.39,91.98,12.4,87.83,6249.9,1
3431,93.6,2804,49.41,3.56,12.19,90.57,9.21,51.69,788.4,1
3432,104.15,1619,59.17,2.19,13.27,99.46,9.07,64.69,805.8,0
3433,94.27,2003,50.33,1.76,12.39,83.47,9.56,43.25,4311.9,1
3434,86.83,1754,56.16,1.11,14.83,73.82,8.84,72.59,2174.1,0
3435,115.27,3280,45.09,1.53,13.68,106.6,10.64,73.05,2121.5,0
3436,98.67,1206,52.53,3.14,13.97,91.59,9.31,68.48,4861.7,0
3437,94.88,2280,53.89,2.21,13.18,85.4,8.85,93.12,2879.9,0
3438,72.68,2124,65.71,2.78,12.4,72.48,11.11,2.9,2270.7,0
3439,72.54,2779,54.12,4.23,12.78,63.85,10.41,73.55,5192.7,1
3440,91.51,2127,64.63,2.06,13.4,86.65,11.09,63.95,2979.7,0
3441,89.75,969,58.35,1.5,12.69,79.36,9.27,56.57,894.2,0
3442,80.63,2024,52.66,2.36,13.74,79.21,11.88,58.76,6859.1,0
3443,89.69,1519,65.17,2.26,13.77,83.58,9.16,55.71,5897.5,0
3444,107.06,2256,56.98,4.08,13.2,99.19,10.19,62.06,2200.0,0
3445,96.34,3204,48.67,4.24,11.74,90.63,11.26,79.14,5864.2,0
3446,74.31,982,59.92,2.5,14.57,67.43,9.39,64.22,9560.3,1
3447,86.66,1640,53.95,3.45,13.03,75.95,7.43,51.14,9569.1,1
3448,78.34,1813,43.48,2.22,15.0,70.41,7.93,48.93,5366.2,1
3449,83.35,1933,60.76,2.66,13.72,78.14,9.63,53.8,1070.5,0
3450,83.04,2718,60.15,2.53,13.03,72.22,10.33,49.85,4636.0,0
3451,82.27,2079,65.89,1.45,13.56,73.52,10.68,89.88,367.1,0
3452,72.94,2491,56.62,3.63,11.58,64.06,8.21,31.33,4210.5,0
3453,86.47,1762,53.97,2.77,14.02,81.15,9.11,67.37,9103.2,0
3454,81.27,2361,59.31,2.63,15.0,80.92,9.69,70.84,4727.7,0
3455,55.0,2744,58.79,2.78,11.53,49.72,8.28,47.66,5549.8,1
3456,112.64,1687,65.29,1.1,12.97,107.66,11.05,57.85,1664.6,0
3457,101.07,2747,53.14,2.0,13.12,94.91,11.07,83.54,254.9,0
3458,83.48,2237,53.54,2.83,13.9,78.01,9.64,48.62,9934.5,0
3459,88.23,2932,48.82,2.45,14.88,79.89,10.02,85.63,3448.7,0
3460,73.94,2059,58.17,2.3,13.51,63.3,8.76,76.52,2865.6,1
3461,108.35,2467,44.64,2.58,14.91,97.12,9.79,42.4,5755.7,1
3462,110.77,2172,59.16,1.98,13.34,100.26,11.7,32.67,7478.7,0
3463,89.88,2133,58.23,1.74,13.56,84.57,11.11,57.9,2588.9,0
3464,100.28,2381,57.66,1.33,13.46,92.11,12.62,31.28,5288.8,0
3465,90.1,2576,54.65,2.59,14.18,77.41,11.06,0.0,3393.1,0
3466,71.96,1325,65.63,2.64,12.86,68.71,7.62,39.96,4861.6,0
3467,83.06,3204,57.84,1.68,13.85,71.01,10.67,104.51,1697.0,1
3468,89.58,898,53.53,1.98,12.22,84.57,8.6,38.25,5150.2,0
3469,82.55,1721,52.04,2.55,12.97,73.66,9.24,59.71,568.7,0
3470,85.38,2134,49.45,1.72,12.69,76.14,9.51,68.6,8416.0,0
3471,86.9,2489,57.32,3.81,13.27,78.33,9.99,55.91,6313.8,0
3472,87.03,3303,46.38,2.73,12.95,72.34,12.93,54.95,9420.8,0
3473,88.63,899,63.68,1.92,14.11,81.53,7.46,71.77,6037.3,0
3474,75.27,1845,63.31,2.25,12.5,72.19,10.54,53.67,1903.4,0
3475,79.4,711,52.34,0.58,11.81,70.33,7.59,44.24,4892.1,0
3476,72.58,2222,53.52,3.36,12.11,65.1,8.96,71.08,6680.5,0
3477,99.73,2390,54.23,1.86,14.0,90.07,9.66,35.55,3804.8,0
3478,62.73,3314,57.81,2.85,12.42,52.09,10.51,36.42,5571.2,0
3479,101.84,2284,63.99,3.06,13.52,93.94,11.12,23.01,1710.6,1
3480,104.64,2931,42.91,4.04,12.96,95.33,11.13,70.75,7793.5,0
3481,84.37,2609,51.88,1.86,13.86,75.94,11.41,54.18,9104.3,0
3482,56.76,1895,53.78,2.05,13.02,45.0,7.84,69.7,3217.3,0
3483,83.66,1214,48.18,3.2,15.0,76.78,8.12,50.1,7954.0,0
3484,87.23,2393,51.29,3.0,14.72,81.29,8.62,28.74,1010.3,1
3485,75.87,1156,59.31,2.61,12.95,65.23,8.59,41.62,2542.4,0
3486,81.82,3107,51.13,2.11,12.84,76.6,10.73,78.38,4672.5,0
3487,106.36,2087,45.43,2.19,15.0,97.19,12.27,49.08,3925.4,0
3488,95.98,3037,70.11,2.78,12.34,88.49,12.28,83.76,6234.3,0
3489,76.91,1864,56.92,1.7,13.16,69.21,9.11,43.91,5673.6,0
3490,68.83,2388,54.99,1.29,13.22,53.52,10.99,70.52,964.0,0
3491,84.08,2347,47.72,2.2,13.2,72.37,10.47,20.23,1403.8,0
3492,85.44,2168,56.22,3.61,11.81,74.37,10.98,50.28,611.9,1
3493,93.95,1897,54.17,2.45,13.6,84.36,8.62,45.44,9530.8,0
3494,81.58,2475,42.74,3.76,12.42,75.65,10.65,28.69,6488.9,1
3495,94.14,1552,49.42,2.39,14.35,85.35,9.75,73.35,8570.3,0
3496,111.22,1353,60.91,1.55,12.04,101.47,7.59,37.12,5458.5,0
3497,97.79,3070,64.45,3.95,13.25,89.19,13.36,45.35,2019.0,0
3498,87.42,2709,55.77,2.94,11.43,79.14,9.26,84.08,6303.3,0
3499,85.8,2246,61.12,3.33,11.48,78.99,8.34,58.51,5102.9,0
3500,83.72,3366,51.34,2.21,12.53,74.9,8.09,77.59,4141.1,0
3501,102.17,2013,54.35,3.29,12.64,95.74,10.69,19.82,3780.9,0
3502,80.47,3126,59.32,3.81,14.37,70.36,9.06,44.58,6535.8,0
3503,88.54,2323,64.31,2.83,13.17,86.59,9.49,97.47,6215.8,1
3504,88.61,1483,63.82,1.57,14.23,76.54,9.86,67.78,1600.5,0
3505,81.98,3494,45.63,3.09,12.9,77.91,11.87,41.3,8180.6,0
3506,71.53,2893,52.89,3.34,13.68,66.73,9.62,63.66,6397.3,0
3507,91.88,2115,56.39,2.69,12.62,82.65,8.0,34.58,5404.5,0
3508,87.27,2709,52.01,3.25,12.57,77.65,10.51,85.93,7514.3,0
3509,94.0,1917,57.44,3.22,11.74,79.77,10.72,7.91,1621.3,0
3510,81.6,2780,58.38,2.28,13.47,72.71,11.39,63.99,9205.2,0
3511,102.65,700,63.51,1.08,13.41,94.77,10.31,51.21,2778.8,0
3512,77.48,1486,66.19,2.19,13.82,68.9,7.68,28.46,2701.3,1
3513,108.54,2885,51.11,2.58,13.37,95.77,10.07,53.65,8167.5,0
3514,67.03,2025,46.87,3.09,14.82,51.76,9.28,61.46,3406.5,1
3515,93.22,2345,56.41,1.75,13.34,85.77,10.56,20.31,8324.0,0
3516,93.71,1257,67.74,2.93,13.99,84.08,8.68,23.75,3347.3,1
3517,78.45,3494,49.19,4.2,12.94,70.68,10.62,59.66,5551.8,0
3518,93.09,3033,57.01,2.92,12.47,85.38,8.15,43.34,2385.4,0
3519,103.35,2060,58.95,2.53,13.77,89.72,9.02,44.89,7342.1,0
3520,61.4,1917,56.46,1.8,13.13,56.18,9.22,52.9,1752.7,0
3521,94.03,2921,53.15,2.43,13.87,93.04,11.54,41.12,9004.4,0
3522,58.08,3588,46.45,2.84,13.48,49.13,12.1,62.79,3779.3,0
3523,76.41,2868,39.63,3.99,12.57,64.81,10.92,64.97,4768.6,0
3524,107.55,3720,44.75,3.17,14.06,98.89,13.75,79.7,337.8,0
3525,81.02,1554,53.57,1.19,12.5,71.51,9.61,26.21,9760.3,1
3526,73.91,1626,62.4,2.49,13.7,63.66,8.58,38.99,8150.4,0
3527,85.62,1368,55.64,2.83,14.23,77.29,8.61,61.78,4525.4,0
3528,112.81,2509,50.7,2.66,12.89,103.15,7.75,27.21,9210.6,1
3529,66.02,2323,49.12,3.77,14.12,56.4,8.53,57.86,9317.5,0
3530,75.38,2094,58.81,3.11,13.52,73.26,8.57,54.92,5377.2,0
3531,105.97,2766,61.49,1.96,13.88,97.63,11.25,6.66,2415.1,0
3532,110.29,3063,59.1,2.49,12.53,107.01,10.86,50.29,4922.4,1
3533,86.76,1132,60.36,2.24,13.37,78.87,9.38,55.21,3315.5,0
3534,73.13,1782,46.65,1.02,12.07,66.62,7.7,48.26,4535.1,0
3535,113.15,2774,51.17,3.07,14.57,102.05,12.97,48.96,9122.8,0
3536,107.13,1873,66.81,0.98,11.59,98.4,8.93,56.16,2890.2,0
3537,96.15,1641,62.38,3.11,12.92,86.73,8.63,71.43,8405.8,1
3538,78.25,2913,43.99,3.59,12.45,70.83,9.82,70.03,9359.5,1
3539,87.41,1297,56.06,2.54,13.74,76.26,7.93,34.47,8070.0,0
3540,86.08,1989,57.19,1.9,14.74,82.87,10.94,24.55,5319.8,0
3541,91.97,2430,49.53,2.78,13.72,86.66,10.0,66.77,5683.4,1
3542,105.41,1798,41.43,1.95,15.0,93.55,9.55,29.04,8214.4,0
3543,98.55,2748,54.02,1.96,12.1,91.86,10.21,47.73,540.6,0
3544,75.07,1802,50.73,2.09,12.16,73.51,8.54,56.63,7385.7,1
3545,104.52,3186,47.81,3.54,12.49,92.16,12.22,83.85,5335.8,1
3546,91.76,2112,52.61,2.54,13.3,80.53,9.65,80.19,4031.7,0
3547,96.24,2670,52.79,3.91,12.38,86.11,10.72,59.03,7692.6,0
3548,105.6,2722,53.38,3.39,12.6,97.32,12.52,47.94,2735.8,0
3549,74.66,1761,50.24,2.87,13.7,61.68,9.11,28.35,8965.8,0
3550,87.57,763,56.14,0.71,12.21,75.79,6.35,85.55,6916.0,0
3551,81.62,2453,43.57,2.43,12.29,68.98,9.96,50.72,6140.5,1
3552,69.19,2251,56.46,1.71,12.88,59.1,8.68,68.86,5278.9,0
3553,92.16,2589,36.64,2.57,12.96,83.79,11.26,61.27,2206.3,0
3554,118.14,2041,52.98,1.91,14.01,111.34,10.85,44.14,6207.8,1
3555,65.92,1899,60.83,2.1,12.48,61.73,10.04,42.43,7276.6,0
3556,87.61,3606,45.42,4.02,12.62,78.11,11.11,35.77,215.7,0
3557,95.69,1169,60.9,2.46,13.67,85.93,8.4,71.26,3727.5,0
3558,89.48,2714,60.48,3.58,13.84,82.53,9.45,55.67,8341.4,1
3559,86.64,1798,35.55,1.08,14.34,76.8,9.2,81.18,6358.9,0
3560,72.41,1965,54.24,2.48,13.58,65.41,7.16,44.61,6191.2,0
3561,90.79,1978,37.75,3.21,13.3,80.19,10.06,47.71,2363.3,0
3562,78.92,1638,55.05,3.49,13.66,73.57,8.68,28.96,6357.7,0
3563,61.72,2600,53.9,1.48,12.99,56.89,9.77,51.17,7882.9,0
3564,102.34,3173,37.65,2.7,12.98,95.06,12.81,36.04,4077.4,0
3565,99.5,2529,65.4,3.52,11.78,89.01,11.07,65.03,1902.7,0
3566,88.62,2272,56.15,2.42,13.91,84.1,8.5,57.59,865.0,0
3567,90.75,1509,50.85,1.5,13.37,79.6,8.3,80.35,5106.4,0
3568,100.89,2562,62.57,1.46,13.82,97.82,10.8,28.02,6870.2,0
3569,90.69,3709,40.77,2.46,10.95,83.43,11.87,88.38,1710.1,0
3570,98.85,1934,47.67,1.07,13.16,95.09,9.64,33.83,4272.3,0
3571,84.43,1937,41.33,2.47,12.52,84.26,11.33,60.31,5729.6,0
3572,103.74,1807,66.08,3.08,14.4,94.64,9.99,29.73,1643.0,0
3573,91.85,1857,57.24,1.38,13.69,84.38,9.98,57.0,2771.9,0
3574,90.33,700,61.52,2.21,13.39,86.52,5.33,0.0,6123.3,1
3575,72.76,2484,55.91,3.34,12.85,66.31,10.69,43.29,7277.7,0
3576,91.44,1608,59.19,2.27,13.52,82.12,12.56,53.57,6396.3,0
3577,78.02,1073,57.36,0.74,12.46,71.12,9.48,83.35,7165.0,1
3578,80.34,2727,55.2,3.09,13.12,72.94,9.9,15.6,5856.9,0
3579,78.22,1443,56.8,2.16,12.74,71.41,11.16,50.41,8374.7,0
3580,75.21,1963,51.48,2.31,15.0,68.95,9.13,43.2,8284.7,1
3581,113.5,3227,52.1,2.56,14.38,107.28,12.71,22.84,7982.9,1
3582,103.98,1214,58.1,2.17,14.05,97.85,8.66,26.58,5797.0,0
3583,111.04,1127,57.25,2.47,12.01,105.3,8.75,39.14,9941.9,0
3584,73.33,2389,45.43,4.54,13.89,68.38,6.98,65.47,487.2,0
3585,88.86,3005,44.9,2.99,13.35,81.99,12.09,61.59,2037.0,0
3586,72.48,1098,63.38,3.25,14.18,66.4,7.35,22.14,8107.9,0
3587,79.65,2485,52.22,2.95,13.46,74.87,9.82,20.03,8280.3,0
3588,76.98,2607,57.34,2.64,13.19,66.68,10.46,65.79,8205.7,0
3589,102.88,759,50.82,2.12,13.39,91.18,7.77,42.45,8739.9,0
3590,83.25,2759,44.65,1.81,11.76,75.25,10.89,90.58,4283.8,0
3591,100.82,2814,48.22,3.06,12.59,92.62,12.72,51.63,9325.2,0
3592,95.25,1982,53.64,0.85,13.5,89.33,10.32,76.56,2170.8,0
3593,115.64,3077,48.67,2.24,14.11,104.44,12.0,71.14,9375.8,1
3594,70.25,2996,60.86,2.99,12.76,57.03,10.33,76.21,5611.1,0
3595,103.11,2272,55.42,3.53,13.17,95.6,10.78,64.08,1722.5,0
3596,101.76,1884,66.23,3.54,11.92,95.32,8.91,62.19,7387.2,0
3597,76.32,1519,58.44,2.04,14.37,67.3,8.72,5.08,3029.2,1
3598,100.09,2174,40.09,2.65,14.09,91.7,11.11,50.1,2282.5,0
3599,92.03,2599,60.1,3.51,13.72,85.53,10.75,44.12,1803.5,0
3600,85.27,1973,45.99,1.37,13.53,75.86,8.96,79.05,391.1,1
3601,78.11,700,59.02,2.32,14.44,67.3,6.96,25.97,7670.1,0
3602,79.37,3088,48.21,2.28,12.56,73.73,11.72,54.72,4916.4,0
3603,112.6,2333,67.02,2.46,12.47,96.97,9.65,71.82,9789.4,1
3604,88.01,1934,63.75,2.05,14.05,84.61,8.53,59.42,4448.8,0
3605,97.39,2800,48.87,3.16,14.0,91.94,9.21,61.95,8449.2,0
3606,78.51,3267,51.74,3.46,12.25,69.81,11.21,83.59,9684.1,0
3607,78.64,700,59.11,2.71,12.77,63.9,8.36,51.2,322.4,0
3608,100.98,2504,59.08,2.96,14.55,94.67,12.41,45.93,1142.7,0
3609,71.81,1201,56.85,2.23,13.53,67.0,9.7,23.08,3543.9,0
3610,83.02,2549,47.76,4.18,13.83,73.37,9.43,66.83,8714.2,0
3611,88.41,2290,50.1,1.36,12.27,81.15,10.35,40.14,8395.7,0
3612,89.34,2645,53.66,4.1,13.73,79.34,10.14,52.85,3730.7,0
3613,85.85,1851,62.7,2.15,12.06,78.06,11.28,74.47,2079.0,0
3614,92.75,889,59.74,2.46,11.62,87.32,9.67,42.71,8043.0,1
3615,96.31,1885,50.52,2.14,13.78,81.27,9.92,44.22,6009.5,0
3616,96.82,2485,57.85,2.11,14.35,97.68,9.9,51.12,412.8,0
3617,76.17,2911,50.91,3.25,13.0,62.71,6.42,54.21,8061.7,0
3618,84.59,1380,61.59,3.0,12.76,73.79,6.83,30.25,9573.9,0
3619,102.34,2919,68.22,3.24,14.57,96.57,9.26,92.86,516.7,0
3620,98.74,1746,53.27,1.9,13.04,85.12,7.87,41.29,2930.1,0
3621,71.53,2454,58.98,5.54,13.15,67.64,11.96,72.21,8212.7,0
3622,92.22,1843,50.8,3.34,14.56,81.19,7.96,32.49,5888.0,0
3623,64.26,2328,53.8,3.34,12.92,62.51,7.99,66.76,9894.6,0
3624,88.56,2824,53.51,2.54,12.68,84.0,9.76,62.13,9163.5,0
3625,110.77,1341,55.0,1.65,13.85,106.22,12.53,50.35,1864.9,0
3626,76.63,1724,70.38,2.1,12.63,70.88,8.72,55.64,6772.9,0
3627,77.99,2329,52.54,3.46,13.08,69.95,10.94,64.1,6567.5,1
3628,97.17,3881,54.69,2.5,12.14,91.65,12.96,60.55,1197.5,1
3629,69.49,1596,44.32,1.41,13.35,67.6,5.97,47.83,986.2,1
3630,80.41,3628,54.36,3.61,13.25,71.02,13.62,75.12,5737.5,0
3631,95.16,3603,58.59,3.43,13.97,87.01,12.74,40.58,4089.4,0
3632,80.39,2132,51.6,1.89,13.89,71.16,9.39,28.67,5499.9,1
3633,85.17,1991,39.96,1.57,13.64,76.65,11.6,57.33,2464.4,0
3634,96.93,1716,55.27,3.47,13.52,86.07,9.08,11.9,5611.0,0
3635,93.06,2152,54.75,2.8,13.14,85.29,9.84,21.06,3895.6,0
3636,91.2,1215,60.88,1.01,13.69,80.16,8.13,85.2,8886.6,0
3637,83.93,2147,66.78,1.48,12.31,78.26,10.97,85.67,3130.3,0
3638,92.44,3248,50.18,2.72,11.32,86.6,12.61,49.87,8721.3,0
3639,86.52,1772,50.31,2.93,14.13,74.39,9.55,72.42,3960.9,0
3640,93.49,2031,47.88,2.94,13.74,81.43,8.58,74.66,5823.8,0
3641,82.04,1009,58.19,2.91,13.1,72.32,7.47,57.28,2935.1,1
3642,85.81,2462,56.95,1.47,14.06,80.48,8.96,54.99,8110.0,0
3643,76.12,2385,51.01,2.8,12.61,71.03,11.16,68.64,8452.1,0
3644,87.58,2245,59.17,3.7,12.64,75.6,8.07,71.23,8109.6,1
3645,78.27,2048,57.74,3.54,12.52,66.45,11.25,66.93,6434.4,0
3646,74.63,1995,55.33,2.73,13.65,66.82,10.67,22.78,3117.4,0
3647,91.1,2551,48.45,4.58,11.93,76.08,9.44,97.77,6401.2,0
3648,90.55,2180,51.72,3.02,12.59,81.18,9.46,102.95,9599.2,0
3649,97.39,2420,39.51,3.47,13.43,92.72,9.71,18.14,6519.0,0
3650,82.83,2350,55.73,2.64,12.24,75.65,10.47,66.12,9568.3,1
3651,92.9,2986,53.14,2.27,12.67,84.88,12.95,100.63,3115.3,0
3652,94.61,2674,54.73,2.05,11.43,86.35,12.27,77.89,8475.4,0
3653,93.34,2335,57.31,2.75,13.68,81.59,9.77,76.07,7212.8,0
3654,78.09,3263,54.83,2.85,12.65,72.96,12.66,32.61,8210.1,0
3655,89.79,2494,53.32,1.26,12.32,85.79,11.82,72.59,7136.6,0
3656,92.37,3113,53.02,2.13,12.16,82.56,11.2,65.26,4855.6,0
3657,88.09,2625,45.31,2.48,12.87,81.61,10.53,73.15,6897.1,0
3658,62.96,911,53.81,2.58,11.94,47.69,8.94,26.55,9327.7,0
3659,89.93,3113,53.05,2.94,14.75,79.1,12.61,39.05,4233.7,0
3660,114.55,2295,49.82,2.52,11.29,108.13,12.45,52.72,9522.3,1
3661,83.68,2164,59.84,1.73,12.84,72.04,12.8,47.2,589.1,0
3662,79.26,2397,50.29,2.65,13.29,69.07,10.55,53.03,240.3,0
3663,92.48,1959,56.34,3.49,12.58,82.58,10.09,43.96,4988.6,1
3664,91.75,2359,54.94,2.74,13.37,84.12,11.9,51.93,8500.3,1
3665,102.31,1786,59.8,1.15,12.56,93.05,12.17,39.19,2553.6,0
3666,72.91,3092,58.29,1.94,14.42,71.21,9.98,59.39,6964.9,0
3667,96.78,2120,58.85,2.98,12.3,84.83,9.85,26.05,5514.4,0
3668,95.09,1932,42.44,2.24,11.32,97.39,8.53,63.68,2978.9,0
3669,86.29,1553,63.05,2.19,12.16,79.62,9.29,56.33,2929.4,0
3670,92.06,2388,63.35,2.13,13.51,88.85,11.4,30.89,825.4,0
3671,100.35,2331,51.35,3.0,13.11,93.86,9.4,82.31,5408.5,0
3672,98.47,2472,55.4,2.42,13.8,90.69,12.04,40.09,4556.4,0
3673,74.28,1481,50.76,2.07,13.6,69.87,7.8,74.46,2965.3,1
3674,97.84,1079,45.07,1.35,12.69,98.17,7.93,54.86,9707.3,0
3675,87.22,2638,49.28,3.47,12.81,78.6,11.89,77.64,8202.9,0
3676,88.87,3239,49.26,2.83,12.89,74.62,10.74,64.76,5297.0,0
3677,88.88,1482,53.88,2.7,14.71,81.93,7.17,62.03,5264.9,0
3678,86.2,3313,46.61,2.09,13.75,75.32,12.4,81.47,2016.8,1
3679,102.3,2399,49.7,4.02,14.71,89.79,10.55,94.34,6526.4,0
3680,87.0,2195,54.53,3.56,13.87,84.7,11.3,76.46,9541.0,1
3681,74.57,1922,50.6,0.89,13.15,67.94,10.02,62.29,8993.1,0
3682,83.28,1231,59.81,1.46,12.38,79.11,6.19,22.21,939.2,1
3683,90.14,2891,57.28,3.23,13.36,84.56,12.6,10.83,625.7,1
3684,102.75,1657,69.86,1.24,13.15,89.64,11.89,49.13,9616.3,1
3685,95.24,1654,62.38,2.19,13.13,86.57,10.58,37.44,2079.1,1
3686,77.79,2894,54.71,3.19,13.03,67.43,11.88,45.61,5549.1,0
3687,117.82,882,53.32,1.85,11.56,109.95,8.67,45.44,839.6,1
3688,91.18,1133,58.46,2.49,14.21,86.81,7.84,61.86,8448.6,0
3689,103.3,2187,56.48,1.98,13.16,93.27,10.68,42.51,1266.9,0
3690,86.18,2405,51.1,0.84,12.07,74.42,11.25,74.14,6473.2,0
3691,94.4,2539,58.57,3.48,13.59,85.45,11.71,57.71,660.6,0
3692,98.07,1989,46.56,3.23,12.52,88.61,9.42,54.48,1651.1,0
3693,102.62,3971,49.49,5.34,13.65,98.32,12.43,103.13,5170.2,0
3694,100.69,2040,58.16,0.7,13.91,90.57,8.32,57.61,552.3,0
3695,98.47,2038,53.12,3.07,14.02,86.43,10.81,52.95,2036.6,0
3696,84.22,1642,54.48,0.71,13.07,75.01,8.47,62.13,1448.1,0
3697,81.14,2287,53.62,3.98,12.87,78.53,9.43,91.46,501.7,1
3698,91.99,2630,48.68,3.12,12.7,79.08,12.76,56.65,9712.9,0
3699,99.2,3043,59.87,2.16,12.62,94.03,12.28,68.85,4556.6,0
3700,85.33,1158,50.57,2.7,13.19,76.16,8.64,46.58,8603.5,0
3701,100.78,2028,56.76,2.02,13.03,89.92,11.09,51.91,3646.4,0
3702,105.43,2513,56.33,2.92,12.54,94.19,12.69,47.07,521.7,0
3703,77.0,2611,48.13,2.89,12.28,74.4,8.2,46.26,6987.0,0
3704,77.96,2205,55.07,3.94,13.11,69.61,8.88,88.95,483.7,0
3705,86.32,2580,48.37,4.16,12.85,78.16,10.14,46.2,5572.5,0
3706,91.69,1634,64.04,1.81,12.29,79.37,8.01,20.79,1477.2,0
3707,81.71,3291,45.61,3.88,13.86,72.33,11.0,64.05,6741.1,0
3708,104.23,2895,49.17,3.14,14.62,91.88,9.65,79.53,8937.8,0
3709,93.09,1259,49.09,0.99,13.97,83.47,9.78,74.2,9562.1,0
3710,88.47,1447,47.94,1.64,12.62,80.7,8.17,26.6,5325.0,0
3711,70.77,1467,65.7,4.08,13.16,62.19,8.44,72.86,5373.8,1
3712,72.21,2675,56.98,3.04,14.43,59.64,10.13,99.03,479.0,0
3713,91.37,1301,57.2,2.94,12.26,87.26,9.34,35.92,7721.8,0
3714,62.41,1968,51.26,2.27,13.83,51.69,5.71,50.13,9566.5,1
3715,100.15,2518,59.32,2.25,12.04,94.03,11.35,32.28,4438.5,0
3716,86.1,2154,49.74,2.54,14.55,80.63,9.44,91.8,7957.6,0
3717,126.92,2381,58.75,2.41,12.86,115.85,12.03,26.24,7994.8,1
3718,115.69,1454,50.67,1.01,14.98,110.34,8.34,42.53,7878.4,0
3719,85.82,2616,49.9,1.92,14.58,76.69,10.95,73.19,7610.9,1
3720,86.72,1771,60.0,2.91,13.11,80.19,10.77,38.74,2229.5,0
3721,99.95,1973,60.15,2.13,12.62,99.02,10.21,33.85,7539.1,0
3722,108.44,2366,57.71,2.64,13.36,99.0,10.01,54.95,1529.5,0
3723,68.34,2272,48.26,2.76,13.06,59.96,8.52,103.24,7153.8,0
3724,66.56,2217,52.0,2.8,12.88,64.29,9.87,49.98,135.0,0
3725,80.54,1675,56.62,3.22,11.87,74.63,9.54,47.71,9196.4,0
3726,94.99,1990,49.86,1.57,12.79,92.41,10.26,31.43,8291.1,0
3727,93.96,2202,62.77,3.0,12.31,83.77,10.07,62.71,6861.3,0
3728,100.84,1237,42.02,2.71,13.64,88.67,9.15,66.9,1035.2,0
3729,73.6,1876,50.64,3.18,13.99,63.06,8.84,40.93,8267.4,0
3730,60.21,2471,51.15,1.53,13.79,49.24,8.88,67.34,8764.2,0
3731,98.3,1306,39.24,2.34,13.47,91.85,9.83,37.66,6911.1,0
3732,78.06,3010,44.65,4.28,12.52,68.42,11.14,21.98,9761.3,0
3733,63.78,3089,56.7,2.86,13.36,55.81,11.94,69.48,1019.5,0
3734,89.74,1328,56.5,2.53,13.83,81.18,10.0,91.26,7115.6,1
3735,97.52,3150,62.06,3.59,12.73,86.65,12.0,36.78,5295.5,0
3736,86.54,2099,64.06,1.67,13.3,75.01,10.42,57.98,1541.5,0
3737,82.51,2493,56.63,4.14,13.08,75.68,9.0,82.95,6618.3,0
3738,86.09,1852,57.17,2.78,14.53,82.31,9.22,50.87,8015.3,0
3739,83.55,2846,53.71,3.25,13.88,76.12,11.13,30.34,1731.0,0
3740,71.82,2484,38.18,1.34,13.69,64.48,7.87,57.6,7955.6,1
3741,79.42,1630,47.41,2.92,11.83,70.57,9.27,81.39,1020.4,0
3742,94.26,1384,56.78,2.58,13.34,83.76,7.75,39.98,5954.9,0
3743,91.86,1178,60.3,3.38,13.08,89.6,7.49,53.51,8004.9,0
3744,90.02,2332,56.04,2.35,13.07,84.03,9.54,34.72,1545.0,0
3745,76.06,2601,48.5,1.93,11.95,70.95,10.05,55.41,5758.0,0
3746,85.82,2656,59.31,2.2,12.33,74.07,8.92,65.47,4306.3,1
3747,61.88,2117,63.8,2.1,13.15,54.5,9.89,57.02,6112.0,1
3748,90.14,1390,61.82,1.28,14.09,83.68,8.98,41.51,4299.8,0
3749,105.15,1723,61.37,3.36,12.73,95.53,12.1,61.0,2584.0,0
3750,70.31,3007,49.72,3.97,12.88,64.09,10.86,73.23,2612.7,1
3751,80.97,1861,61.76,2.23,14.62,73.01,9.84,67.68,8660.5,0
3752,91.95,2300,55.23,2.27,12.96,78.51,9.17,49.74,1648.9,0
3753,103.03,1447,59.07,0.75,13.1,89.68,7.88,38.06,1318.8,0
3754,82.62,2436,56.34,3.2,13.11,75.84,10.81,95.68,1061.1,1
3755,79.69,1880,54.54,3.72,12.12,72.24,7.82,55.83,834.1,0
3756,64.37,2933,48.1,2.36,13.66,58.23,10.95,54.25,243.5,0
3757,89.24,2741,53.0,2.69,12.68,87.02,12.81,28.71,1688.0,0
3758,112.5,1853,61.05,2.73,13.18,101.4,11.38,34.27,2008.0,0
3759,91.33,2111,52.09,3.88,13.56,76.06,10.57,41.62,2770.3,0
3760,87.73,1814,60.72,2.53,14.75,81.06,9.64,61.47,1328.0,0
3761,91.86,1206,60.97,2.25,12.15,86.32,8.09,41.91,1032.1,0
3762,87.87,1600,53.99,2.41,13.89,80.69,8.86,51.7,5460.6,1
3763,78.24,2339,62.7,1.46,13.89,69.99,9.09,27.17,7215.0,0
3764,97.88,2428,51.93,1.49,12.69,93.29,9.01,84.45,6338.9,0
3765,90.71,2304,63.42,1.94,13.68,84.08,10.2,40.87,5611.4,0
3766,88.21,1989,57.61,3.26,14.51,77.17,10.93,58.44,4461.6,0
3767,76.3,2853,53.25,2.57,12.59,67.91,8.93,48.31,6376.4,0
3768,103.64,2244,49.07,2.14,13.39,91.83,12.2,48.9,9028.5,1
3769,95.98,2692,53.02,2.32,13.52,86.88,12.38,42.07,6311.4,0
3770,81.36,958,55.88,1.89,13.63,76.63,8.29,53.48,702.5,0
3771,100.02,700,49.96,3.36,13.82,93.75,8.56,26.39,5747.1,0
3772,82.03,2399,52.91,2.51,13.33,73.28,9.77,62.48,5289.7,0
3773,78.62,1203,51.81,1.46,13.61,73.98,8.13,46.64,4575.0,0
3774,78.88,2051,58.45,2.49,12.47,74.64,8.81,66.71,5731.1,0
3775,66.75,1989,62.97,3.85,13.33,62.32,8.88,68.3,6758.9,0
3776,93.66,3311,44.96,2.64,12.82,84.11,11.94,55.32,468.9,0
3777,66.03,2480,64.43,1.72,12.22,59.12,11.81,64.0,4854.0,1
3778,73.26,2316,53.67,2.19,12.79,61.71,10.24,46.73,8190.6,0
3779,63.09,2786,47.71,2.91,13.42,57.78,9.66,84.84,5354.7,0
3780,86.97,2458,58.62,3.21,13.55,86.34,10.14,49.37,771.8,0
3781,86.2,1880,52.55,3.2,12.19,78.59,8.51,49.04,7773.2,0
3782,84.08,2950,52.62,2.04,12.45,71.14,10.23,50.12,9419.2,0
3783,75.49,1423,53.79,1.43,13.78,67.39,9.39,35.68,8533.3,0
3784,73.93,2426,49.31,2.38,13.61,70.05,9.16,97.03,3689.4,0
3785,93.57,1117,61.06,2.6,13.91,90.45,7.73,58.23,5394.8,0
3786,81.39,2343,52.62,1.6,14.29,69.8,9.18,57.22,5954.0,0
3787,91.8,2335,45.67,2.11,13.63,86.22,9.37,46.29,7186.4,0
3788,77.38,3374,55.61,2.59,12.87,64.75,12.65,84.3,6694.1,1
3789,90.17,1105,49.53,2.8,13.29,80.21,8.51,37.51,2070.8,0
3790,103.64,1779,48.41,2.77,14.53,97.95,9.48,54.89,8446.1,0
3791,95.03,2776,60.54,3.52,15.0,83.53,11.05,102.51,8506.9,0
3792,83.05,2435,46.96,3.72,13.57,77.82,10.34,37.26,4103.1,0
3793,91.09,2326,40.41,2.35,13.63,87.43,9.31,66.55,1396.1,0
3794,85.11,1531,59.68,1.29,13.78,79.71,7.13,56.76,6124.8,0
3795,88.09,1786,53.59,1.41,13.22,77.79,10.89,63.08,3636.9,0
3796,84.09,3072,51.56,1.46,14.13,72.68,12.26,54.53,7439.8,0
3797,86.03,2164,52.78,2.16,14.01,79.22,10.24,42.94,3225.0,0
3798,90.55,2463,55.43,2.35,13.48,88.15,11.49,61.11,2703.7,0
3799,76.08,2119,50.3,3.13,12.95,72.75,11.66,45.4,8690.3,0
3800,75.81,1372,65.17,2.18,11.98,71.01,7.59,3.4,6196.6,0
3801,71.34,2854,44.52,2.44,13.79,67.22,8.96,42.43,951.3,0
3802,68.8,2552,56.66,2.61,13.37,60.0,10.56,50.78,6924.7,0
3803,73.39,3814,55.29,2.44,12.61,59.58,10.05,43.13,7552.1,0
3804,89.91,1489,51.43,3.04,12.3,79.53,8.95,53.75,2428.5,0
3805,77.29,2776,47.35,2.17,13.73,72.67,10.04,43.3,9679.8,0
3806,94.16,1282,62.48,1.21,11.92,88.25,9.55,48.62,3791.3,1
3807,88.42,2310,48.41,3.24,13.44,81.91,9.51,99.02,9411.7,0
3808,64.38,2884,49.72,3.31,13.87,55.21,11.54,83.64,3006.8,0
3809,95.86,750,62.76,0.62,13.64,83.15,7.11,58.13,6131.0,0
3810,97.73,2057,55.02,3.16,12.89,91.13,10.88,90.32,5223.9,1
3811,76.07,1806,44.66,1.77,12.2,63.46,8.1,51.18,9922.4,1
3812,93.04,1709,66.02,2.02,13.67,78.73,10.0,50.8,4142.7,0
3813,77.72,2470,50.92,2.81,14.16,70.77,8.73,35.51,1875.0,0
3814,89.17,2984,50.59,3.36,12.74,82.3,11.09,85.27,8348.8,0
3815,72.83,2107,56.39,2.85,13.61,65.91,10.82,93.58,516.2,0
3816,66.48,2344,58.17,2.56,14.47,58.3,9.51,74.01,8861.1,1
3817,83.41,2280,66.22,2.24,13.47,76.48,11.28,83.95,1194.8,0
3818,86.52,2201,44.63,2.87,12.88,75.86,9.82,0.26,5762.9,0
3819,83.23,1437,61.09,2.1,14.03,79.87,7.99,97.22,7162.8,0
3820,73.79,2976,57.57,4.33,12.61,67.4,10.78,57.57,3429.6,0
3821,83.2,2407,53.37,3.1,12.16,74.21,10.79,103.36,8462.9,0
3822,91.23,2476,58.73,1.93,13.85,80.62,8.15,91.29,5977.7,1
3823,87.46,1635,61.32,1.9,12.88,72.88,9.67,67.06,4012.0,0
3824,90.19,1879,46.92,2.43,12.95,86.06,8.37,46.21,3321.1,0
3825,79.96,2077,65.38,3.52,12.7,73.91,8.01,57.43,1208.9,0
3826,102.06,1126,47.29,3.19,12.82,100.86,9.43,10.36,6439.6,0
3827,73.89,1018,50.22,1.69,14.32,69.22,9.24,66.53,3704.0,0
3828,93.85,1779,53.82,1.6,14.53,91.16,9.74,1.38,3273.5,0
3829,102.18,2566,65.32,1.86,14.64,95.75,9.32,51.22,9504.5,1
3830,93.77,1743,53.61,2.54,14.07,86.46,8.62,83.12,2800.7,0
3831,85.57,1487,55.83,4.06,13.57,76.16,8.25,65.14,8778.0,0
3832,81.66,1630,64.35,2.71,12.05,74.56,9.06,20.98,9751.5,1
3833,100.43,1881,53.34,1.12,13.05,91.02,9.78,26.28,8245.1,0
3834,70.92,1952,48.11,1.85,14.93,62.58,9.53,41.57,293.2,0
3835,76.36,3716,49.12,2.72,12.85,71.46,12.97,65.66,8699.4,1
3836,83.23,2938,61.36,2.21,14.41,80.29,11.26,76.96,2212.8,1
3837,102.85,2917,53.48,2.55,13.24,93.1,12.58,71.39,3597.4,0
3838,92.56,3018,64.5,3.2,11.06,79.62,10.97,38.73,9916.7,0
3839,76.38,1501,60.48,2.77,13.71,60.78,12.4,63.18,4109.3,0
3840,84.28,1344,52.45,3.03,14.21,73.47,9.16,64.37,6582.9,0
3841,80.63,1425,56.48,2.61,13.16,68.26,9.31,60.12,3176.1,0
3842,79.48,3134,47.65,1.4,14.19,70.1,13.12,110.17,3757.3,1
3843,99.75,1817,51.27,1.52,11.87,90.84,9.85,67.23,6016.5,1
3844,71.54,1324,80.0,2.02,12.09,63.21,7.24,69.1,9488.0,0
3845,107.31,1898,61.18,2.52,13.36,99.62,11.7,90.71,2896.3,0
3846,97.94,2033,60.02,3.15,13.58,88.12,11.64,71.0,2548.9,0
3847,101.09,2388,50.39,2.66,14.29,94.65,10.83,45.11,360.1,0
3848,82.44,2376,63.68,2.66,13.71,74.89,12.09,80.91,2100.9,0
3849,86.2,1620,62.35,2.47,12.25,81.73,8.87,43.49,2697.9,0
3850,70.8,2680,65.01,2.55,13.37,61.38,11.14,38.23,722.5,0
3851,81.7,1753,66.51,2.41,13.68,76.58,10.83,34.38,5679.7,0
3852,93.92,2091,45.89,3.39,11.7,85.82,10.07,78.97,1355.0,1
3853,103.55,2681,46.87,2.69,13.17,94.05,11.72,70.29,5159.7,0
3854,74.71,1751,49.54,2.31,12.93,64.96,10.0,73.52,1970.9,0
3855,83.61,1801,49.74,2.33,12.68,73.3,8.71,65.11,9363.7,0
3856,86.18,2614,55.71,3.76,13.6,78.82,9.49,61.26,3140.3,0
3857,71.25,1600,52.48,1.38,12.28,61.79,10.02,57.76,1020.0,0
3858,95.1,1931,67.51,3.84,13.53,88.56,10.12,65.21,8377.9,0
3859,79.31,2589,65.28,1.77,13.65,77.22,9.58,45.28,4080.2,0
3860,85.66,3638,51.68,2.66,14.07,76.06,12.09,37.82,8219.2,1
3861,82.58,2624,65.5,3.33,12.3,73.68,10.96,47.84,3193.6,0
3862,78.53,2531,62.91,3.51,12.0,67.49,8.19,67.87,5050.4,0
3863,87.92,2572,51.14,1.58,13.42,79.99,11.32,44.27,4509.0,0
3864,85.41,1449,44.04,1.33,12.97,82.22,9.18,93.08,5623.3,1
3865,83.54,2281,53.14,2.8,15.0,75.81,11.86,64.31,4076.3,0
3866,79.26,2179,50.81,4.41,13.57,68.6,9.31,57.26,5018.3,0
3867,91.83,2425,55.35,3.64,13.25,82.41,12.03,44.22,6825.3,0
3868,107.84,2282,54.84,2.38,13.06,100.28,10.67,73.8,4205.4,1
3869,89.68,2466,54.42,0.72,12.23,86.67,10.53,32.36,6875.6,0
3870,99.95,1982,58.09,2.51,13.65,95.03,10.33,60.01,7171.6,1
3871,71.32,2241,47.32,2.85,13.14,61.89,11.89,46.54,7514.4,0
3872,89.89,1341,58.76,1.85,13.14,86.89,7.19,52.26,4762.3,1
3873,74.83,1976,52.47,1.76,13.28,67.79,9.7,63.38,137.5,0
3874,70.28,3174,53.94,3.11,13.38,62.16,10.8,37.93,7559.8,0
3875,79.13,2423,59.93,1.89,11.81,67.68,9.89,22.92,9099.9,1
3876,102.3,2185,47.18,4.03,13.87,92.46,11.08,36.28,6560.9,1
3877,99.4,3527,50.17,4.35,12.52,88.51,13.62,80.55,5293.0,0
3878,90.92,1247,55.76,2.64,13.09,82.01,9.22,56.75,5640.0,0
3879,69.61,1423,53.16,2.26,14.23,64.14,9.58,42.28,6444.0,0
3880,85.64,3399,57.6,2.55,14.62,79.49,11.32,101.56,9985.4,1
3881,91.62,2232,50.17,2.54,11.84,86.42,10.02,80.9,714.4,0
3882,90.11,2030,51.58,3.78,13.22,80.33,8.52,74.85,309.7,0
3883,65.87,1361,52.13,2.86,13.42,59.96,10.25,35.48,9645.3,0
3884,77.32,2513,60.57,2.84,11.99,70.5,9.78,77.53,4460.7,0
3885,87.23,2581,50.87,3.45,13.84,79.16,10.09,64.1,6162.3,0
3886,94.44,1434,58.84,2.63,13.29,81.51,9.71,35.96,7559.1,0
3887,61.65,2102,66.79,2.81,13.36,51.68,10.16,52.33,7446.8,0
3888,86.05,1965,54.61,3.22,12.47,80.37,8.65,32.82,6507.2,1
3889,89.72,2379,60.89,3.03,13.53,81.26,11.66,41.81,4771.7,0
3890,98.2,1417,66.12,2.87,13.87,85.24,8.72,27.42,5803.2,0
3891,96.31,3076,58.94,3.06,13.3,86.47,13.23,79.39,7323.5,1
3892,94.99,2841,53.16,2.63,12.79,91.79,10.46,57.43,8523.1,0
3893,78.4,1946,59.0,1.99,12.85,73.15,10.07,34.64,1360.3,0
3894,65.1,2049,47.3,1.94,13.38,60.08,8.93,64.44,2851.8,0
3895,83.28,2105,50.12,1.21,13.24,70.96,8.25,54.46,4036.2,0
3896,100.02,1655,51.97,1.57,13.92,88.25,7.81,72.74,6688.4,0
3897,104.72,1890,68.55,1.65,12.82,98.6,9.13,55.8,4017.1,1
3898,96.53,2011,50.03,2.05,12.23,90.47,11.11,25.12,2465.0,0
3899,93.15,3329,47.33,4.3,13.49,85.02,9.45,51.84,428.1,1
3900,92.56,2863,46.97,2.71,12.82,84.33,11.46,35.83,8440.8,0
3901,81.33,2854,56.67,3.03,13.83,76.21,10.95,70.19,4247.4,1
3902,86.44,2459,54.93,2.88,13.21,79.19,8.22,78.24,3359.4,0
3903,108.03,1418,62.55,3.46,13.72,104.39,8.48,19.43,5355.2,1
3904,76.69,2171,58.74,2.07,12.39,64.87,8.51,52.34,1316.9,0
3905,107.38,2879,44.82,2.67,13.31,104.66,11.67,82.13,4033.8,1
3906,84.14,1319,51.52,2.06,12.64,81.45,10.21,18.53,7542.7,1
3907,103.91,2646,61.79,3.65,12.22,94.6,12.42,48.97,7387.6,0
3908,71.12,3826,50.21,4.35,12.51,66.83,11.32,64.75,7741.8,0
3909,95.03,2943,60.18,3.25,12.76,88.53,10.27,80.81,4727.4,0
3910,79.16,3190,51.76,3.97,14.2,70.97,9.21,71.83,3752.2,0
3911,71.02,2353,48.57,2.75,12.74,60.99,9.09,70.9,8331.3,0
3912,90.62,2878,51.39,2.71,12.18,83.29,9.93,71.11,1815.6,0
3913,100.11,1698,49.71,3.26,13.31,86.78,9.53,44.52,7278.9,0
3914,77.86,2757,50.14,3.18,13.22,69.86,10.39,91.21,8890.7,0
3915,70.01,2658,54.98,2.16,12.81,58.44,9.39,44.33,2932.9,0
3916,86.9,2403,57.25,3.43,13.07,78.06,9.63,0.65,2058.2,0
3917,86.95,3121,43.2,2.79,13.98,72.56,10.42,24.52,5174.0,0
3918,94.58,1823,55.19,2.11,13.74,83.4,8.95,50.4,2242.3,0
3919,99.4,2069,51.26,3.2,13.67,91.26,11.83,47.58,8720.6,0
3920,87.29,2267,50.56,2.5,12.25,77.4,10.6,44.67,2519.7,0
3921,110.27,1479,56.69,2.53,15.0,103.05,10.24,53.68,3208.3,0
3922,90.69,2359,50.95,3.14,14.04,83.5,11.45,79.96,8895.4,0
3923,83.84,997,65.31,1.37,13.61,79.75,9.06,56.86,2135.7,0
3924,68.66,2933,60.36,3.18,12.27,63.09,12.04,72.37,8859.4,0
3925,84.85,2233,61.63,3.63,13.96,70.67,10.55,33.6,2177.0,0
3926,83.96,1835,52.37,1.61,12.8,79.58,9.46,42.42,9126.9,0
3927,99.52,1616,49.91,2.64,13.04,93.49,8.72,65.5,3244.7,0
3928,93.55,2036,55.37,1.8,11.86,85.83,8.86,56.18,2537.7,1
3929,73.85,2682,52.8,3.57,12.21,66.03,11.19,67.43,4824.2,0
3930,90.07,2583,50.15,3.52,13.55,80.92,10.42,69.57,3755.3,0
3931,96.06,1706,48.47,2.03,14.0,89.47,7.81,55.36,2097.3,0
3932,106.34,1608,55.41,4.04,13.75,97.0,7.15,83.08,3449.7,0
3933,98.65,2660,51.17,3.63,13.72,87.22,13.54,47.13,7161.0,0
3934,97.13,1694,59.67,2.88,13.15,85.33,8.28,35.58,8335.8,0
3935,88.72,2242,58.48,3.08,12.87,81.52,9.17,19.95,8225.5,0
3936,92.66,2287,60.99,3.37,13.43,82.83,11.67,70.49,7592.5,0
3937,102.99,2418,46.5,1.84,13.86,98.43,9.31,44.91,153.8,0
3938,72.01,2801,55.88,2.97,13.2,66.17,10.88,83.92,4323.4,0
3939,83.81,1316,52.01,2.45,14.17,79.33,10.62,54.65,1772.8,0
3940,78.73,862,49.99,1.68,13.03,70.87,10.11,40.2,827.4,0
3941,92.55,1803,52.78,2.73,12.42,87.13,8.93,31.52,7385.2,0
3942,102.76,3461,58.38,4.09,13.19,99.32,12.3,79.5,7955.5,1
3943,80.84,3616,49.56,2.84,13.28,73.99,11.3,62.42,8164.7,1
3944,59.32,3482,61.58,3.07,13.13,56.5,10.8,68.05,8914.1,0
3945,83.05,2065,58.18,1.82,14.22,71.07,11.09,66.28,5941.5,0
3946,98.96,953,54.65,0.57,13.84,92.63,6.74,52.83,9981.5,0
3947,94.45,700,64.5,2.62,12.06,83.5,8.66,29.0,4888.9,0
3948,93.14,1770,58.08,2.33,14.43,86.61,9.21,62.85,8846.6,0
3949,84.64,2061,49.28,2.52,11.01,80.22,11.22,70.57,1218.1,0
3950,72.65,3110,64.01,2.16,14.92,61.13,12.31,67.67,1574.3,0
3951,94.18,2807,54.89,2.66,12.97,85.92,10.54,71.29,5944.5,0
3952,77.99,2359,54.44,3.49,13.05,64.33,9.66,70.47,1328.9,0
3953,114.21,1577,50.54,2.26,13.15,107.61,10.96,43.34,845.5,0
3954,94.85,1527,62.96,2.26,13.51,88.18,10.32,42.29,2041.0,0
3955,81.03,2378,57.37,2.79,13.2,70.02,6.96,100.6,7896.6,0
3956,80.66,2688,57.43,1.77,13.09,69.63,11.45,84.44,9281.8,1
3957,86.88,2474,50.99,3.16,14.25,78.42,12.25,55.68,3401.3,0
3958,85.13,1476,61.05,1.21,13.65,67.12,9.02,64.31,9750.1,0
3959,101.4,2655,59.06,1.99,12.43,94.24,12.2,38.98,8114.5,0
3960,90.24,2498,49.96,1.83,13.79,86.05,11.97,44.81,2338.5,1
3961,79.22,1451,47.63,2.06,13.62,74.23,8.74,25.57,5902.5,0
3962,110.69,1651,59.03,2.01,12.76,103.51,10.85,57.42,9819.8,0
3963,88.59,2682,44.17,2.76,13.83,76.04,10.66,63.84,8503.0,0
3964,97.23,2036,55.77,1.74,13.07,89.79,9.92,75.69,3697.3,0
3965,80.7,3312,49.72,3.84,13.02,68.0,10.52,57.43,3132.6,0
3966,92.36,2551,61.17,3.37,13.0,83.05,10.79,78.44,8210.6,0
3967,91.73,1859,52.88,2.25,11.26,80.48,11.79,66.01,5536.7,0
3968,65.32,2193,61.38,2.15,12.78,56.16,8.02,104.14,1718.1,0
3969,112.18,2244,51.26,2.1,13.77,103.05,11.56,88.61,3345.5,0
3970,103.49,1690,61.51,2.06,13.18,93.23,10.07,81.78,6651.9,0
3971,83.23,1561,68.25,1.13,12.17,76.93,10.55,67.88,1616.3,0
3972,74.77,2691,47.27,1.99,13.97,68.44,12.17,40.06,7017.3,0
3973,92.17,2792,55.13,3.49,12.96,83.12,9.83,64.41,7128.3,0
3974,89.04,2623,70.22,2.97,12.22,75.22,9.89,102.49,2780.4,0
3975,92.27,3261,52.83,4.32,14.96,88.89,11.02,71.5,4040.5,1
3976,90.3,1821,55.7,2.13,12.36,88.39,8.84,36.29,9361.0,0
3977,94.07,3372,56.93,2.78,13.9,86.87,11.4,68.75,7516.8,1
3978,105.37,1569,55.99,1.93,12.58,94.28,9.98,31.42,7899.3,0
3979,94.82,1491,45.72,1.97,13.31,86.66,8.06,33.62,5211.0,0
3980,75.4,968,63.92,1.47,12.48,70.91,6.76,55.87,2210.1,1
3981,104.35,1888,43.09,2.62,12.21,96.11,9.06,67.92,5953.4,0
3982,107.69,1847,52.67,2.4,13.62,104.89,10.66,36.93,7743.8,1
3983,125.82,2568,60.86,2.3,13.52,115.94,11.7,46.02,138.4,1
3984,74.52,2371,52.18,3.62,14.12,67.45,9.4,27.5,1226.4,0
3985,90.91,1365,52.07,3.68,13.17,83.16,7.74,47.4,4795.5,0
3986,63.01,1925,60.56,3.35,14.98,53.73,6.69,14.43,4428.2,0
3987,94.64,1940,49.96,2.87,13.41,86.02,11.71,47.46,9824.6,0
3988,81.42,957,49.77,2.61,13.65,75.05,7.46,49.13,1012.3,0
3989,111.08,1513,57.46,3.72,12.11,99.98,12.94,15.76,3304.5,0
3990,78.7,1660,54.62,2.91,12.71,68.31,9.7,31.62,8169.6,1
3991,67.73,3204,45.23,2.52,13.62,65.05,12.9,59.82,6163.0,0
3992,82.34,2334,58.17,2.91,13.13,75.04,11.1,51.87,5660.0,0
3993,64.29,2664,56.58,3.25,13.35,59.54,9.96,54.77,7437.9,0
3994,97.01,1151,54.47,1.27,12.55,92.82,7.93,54.47,495.8,0
3995,63.22,3036,51.31,2.69,13.3,53.61,9.12,26.58,9480.2,1
3996,88.34,3111,55.58,3.83,13.29,81.6,12.63,74.64,1993.5,0
3997,63.07,801,64.67,0.54,12.26,55.49,7.25,40.23,910.2,0
3998,84.16,1706,53.9,1.32,13.71,78.17,9.77,40.11,3455.6,0
3999,107.72,2547,57.7,2.56,11.84,98.61,12.09,19.79,7053.3,0
4000,92.33,2651,57.05,3.03,13.35,82.29,11.16,52.35,2391.7,0
4001,77.64,1725,60.87,1.24,14.61,63.13,8.26,62.39,593.6,0
4002,87.63,1986,55.25,2.34,13.74,80.17,10.79,56.55,668.4,0
4003,88.22,1782,49.94,3.27,13.74,84.56,9.05,55.91,2640.1,1
4004,93.67,2277,51.62,2.63,12.48,87.18,10.33,48.68,1439.2,0
4005,71.6,3038,55.06,3.67,14.62,61.06,11.45,58.82,3787.1,0
4006,95.11,1660,66.53,1.82,14.3,89.43,9.27,29.61,1813.4,0
4007,55.55,2901,50.47,2.21,12.53,51.99,7.64,59.11,3508.7,0
4008,80.44,1653,60.55,2.97,12.82,74.7,10.07,41.89,4500.4,0
4009,82.14,1607,53.84,2.57,14.2,75.74,10.32,28.94,7451.1,0
4010,95.6,2773,54.05,1.85,14.64,90.85,8.83,73.53,2351.3,0
4011,88.27,2845,62.38,2.19,12.19,79.62,9.63,27.37,4803.1,1
4012,71.13,2796,58.08,4.06,12.4,63.37,12.64,69.06,8172.0,0
4013,76.18,1279,49.05,1.39,13.08,65.81,8.39,61.22,9865.1,1
4014,90.38,1874,51.79,3.14,11.46,83.72,9.5,42.5,5617.3,1
4015,87.05,2776,60.97,2.42,13.22,77.38,10.22,79.06,4380.0,0
4016,81.05,2229,55.42,2.55,14.15,74.53,8.47,44.21,6352.2,0
4017,82.23,1448,49.23,2.44,12.05,77.62,8.34,38.27,4914.3,0
4018,96.35,2521,48.98,1.0,13.3,89.98,11.85,32.92,1731.1,0
4019,81.79,1700,59.84,1.14,12.73,78.64,8.92,51.83,4648.5,0
4020,86.94,3456,58.04,3.17,14.51,73.58,12.48,43.36,9793.1,0
4021,114.04,3281,52.37,2.45,12.74,105.61,14.56,45.66,6440.2,0
4022,70.92,2623,68.69,3.53,14.42,65.3,9.24,56.23,2906.0,0
4023,65.78,3153,57.75,1.68,12.72,58.91,10.92,60.25,9476.7,1
4024,97.4,2245,52.97,3.01,13.82,96.75,11.51,80.39,3947.0,0
4025,79.86,2736,48.67,1.68,13.4,67.55,9.3,76.84,3962.2,0
4026,84.18,3234,46.69,2.72,13.09,72.17,11.54,72.23,6204.3,0
4027,78.63,2372,56.31,1.77,12.57,70.3,12.08,53.1,5732.8,1
4028,84.88,2021,52.03,3.98,13.46,75.92,9.12,45.85,2975.3,1
4029,107.18,1007,66.9,0.93,12.85,102.99,10.07,47.31,4724.1,0
4030,97.63,2142,63.44,2.42,12.65,93.21,9.99,43.53,3391.9,1
4031,98.35,2776,57.17,1.42,14.38,95.44,13.29,44.44,7404.0,0
4032,71.01,2862,46.29,4.12,13.64,63.49,8.33,57.4,1312.8,1
4033,74.19,2553,49.93,3.02,13.71,63.0,10.03,39.55,7527.5,0
4034,55.0,1821,63.07,2.48,12.89,48.15,6.41,36.39,1695.6,1
4035,78.29,816,54.03,3.18,13.05,69.24,6.65,65.79,3129.2,0
4036,99.48,1853,61.94,2.5,13.0,88.54,8.94,25.33,3400.0,0
4037,94.2,1987,57.82,2.62,13.47,91.08,9.48,32.93,9905.1,0
4038,85.34,1981,55.35,2.55,13.71,71.81,8.06,79.15,5939.2,0
4039,87.73,2633,49.5,3.19,13.18,76.26,10.46,49.76,7797.8,0
4040,79.73,3590,51.29,2.77,12.57,70.19,12.25,90.86,5598.2,1
4041,90.46,2286,55.53,2.41,13.81,79.68,8.28,32.17,9833.3,0
4042,97.19,2048,61.03,3.12,13.23,86.28,9.24,55.57,1856.1,0
4043,68.61,2019,49.75,2.68,12.05,59.73,12.0,69.35,6088.3,1
4044,91.6,2287,52.81,2.49,11.49,79.31,10.56,37.4,7994.1,1
4045,99.19,1620,55.94,1.16,13.44,92.55,7.25,85.01,6322.7,1
4046,83.02,2284,58.42,3.78,12.54,73.63,8.18,47.7,8979.7,0
4047,96.41,2516,48.45,2.15,13.54,84.44,10.94,67.08,6047.0,0
4048,121.78,2347,46.19,3.4,12.58,121.85,11.43,42.32,8281.7,1
4049,86.75,2520,57.99,2.82,13.31,77.43,9.64,86.75,1840.4,0
4050,92.72,2504,44.84,1.64,12.9,82.55,13.16,62.89,2694.4,0
4051,79.14,960,64.83,3.0,14.6,76.27,10.88,89.5,4496.3,0
4052,90.18,2646,52.74,2.94,13.96,81.33,10.33,81.26,8531.0,0
4053,93.52,1730,46.2,3.4,14.28,87.9,10.44,68.92,4322.9,0
4054,90.34,1433,53.22,2.05,13.22,81.15,9.94,31.3,6311.8,0
4055,75.76,1427,58.48,2.76,13.86,68.05,9.58,52.04,4018.5,0
4056,90.48,2503,50.76,1.27,13.27,85.32,9.68,50.49,8076.6,1
4057,105.55,2044,54.91,2.07,14.38,94.22,12.61,54.59,2082.8,0
4058,93.38,1023,61.34,0.99,13.14,86.64,8.25,50.89,5978.3,1
4059,99.54,2535,52.63,2.39,12.08,90.73,11.32,38.99,5821.1,0
4060,85.16,1192,50.99,2.46,11.6,73.21,8.3,45.82,4092.1,0
4061,97.0,2298,52.54,2.1,14.53,91.75,10.2,53.66,7080.8,0
4062,91.35,2367,62.72,3.31,13.58,83.33,10.61,35.8,381.9,0
4063,76.59,2820,63.52,2.13,13.64,70.08,9.01,74.73,8430.8,0
4064,91.82,3447,39.95,3.81,14.39,84.64,9.54,66.93,3544.9,0
4065,76.1,1245,63.11,3.16,11.88,61.63,7.8,65.53,7950.9,0
4066,80.41,2163,56.2,3.33,12.91,71.04,8.53,64.52,3120.1,0
4067,90.27,2007,60.5,2.18,13.01,81.33,10.35,19.57,1960.3,0
4068,91.57,2504,50.65,0.98,13.79,81.99,11.01,40.16,3955.9,0
4069,73.73,2351,43.76,3.07,12.65,64.44,9.65,88.97,7993.9,0
4070,100.65,1953,58.51,2.33,12.24,98.13,11.76,69.22,7064.8,0
4071,94.86,1891,49.51,1.62,12.23,79.97,9.67,20.72,4070.2,1
4072,79.54,1418,47.87,1.74,14.12,75.94,6.69,59.71,9384.9,0
4073,69.55,2892,45.4,4.0,12.61,56.35,10.03,42.51,4146.9,0
4074,86.26,2521,57.56,1.77,12.76,76.41,11.73,15.0,3572.5,0
4075,82.65,2842,54.17,3.2,13.71,74.11,8.42,92.0,1532.7,0
4076,89.36,1983,59.7,2.62,12.64,82.27,9.51,55.2,795.8,0
4077,83.64,1740,59.54,2.05,11.84,67.83,9.75,56.58,3564.0,1
4078,63.91,1445,53.71,2.72,11.93,54.1,11.11,25.34,1010.8,0
4079,83.34,2451,53.68,3.96,13.15,75.29,11.57,33.44,4680.1,0
4080,84.33,1472,52.99,1.98,13.6,77.94,8.84,18.8,8614.1,0
4081,95.6,3494,50.69,2.93,13.04,89.57,12.74,91.1,4813.6,0
4082,79.62,1285,50.66,2.63,13.54,71.47,5.96,16.64,4857.8,0
4083,108.14,2392,56.42,3.36,11.91,102.94,9.64,88.49,2609.1,0
4084,65.06,3297,58.98,2.93,11.96,55.02,11.53,41.85,1746.3,0
4085,103.73,2619,48.75,2.48,15.0,97.67,11.28,32.96,2301.1,0
4086,85.31,2323,62.04,0.82,14.19,74.29,10.34,54.63,5723.1,1
4087,98.32,1522,56.56,1.61,13.82,87.37,9.29,37.25,5958.8,0
4088,88.96,1233,57.96,1.19,12.67,81.12,8.48,51.14,2279.9,0
4089,101.67,2739,43.23,3.33,13.01,91.93,11.32,40.69,4049.3,0
4090,83.35,3254,41.66,2.82,13.2,73.46,10.06,55.06,5730.0,0
4091,74.82,1893,56.14,2.18,14.25,71.2,8.71,37.99,7628.6,0
4092,105.05,1403,60.81,2.17,13.52,91.85,7.81,67.44,3265.7,0
4093,86.64,700,53.56,1.3,13.62,79.41,6.86,56.25,2786.4,0
4094,90.66,1513,65.96,3.47,13.07,80.57,10.4,55.84,7331.6,1
4095,102.82,2120,59.06,3.54,13.83,92.65,10.09,75.59,5186.7,0
4096,75.62,3319,46.97,4.34,13.44,75.09,11.87,66.98,8581.8,0
4097,95.15,2671,53.78,3.3,13.24,89.12,11.0,61.4,2188.9,1
4098,80.92,2414,69.06,2.61,12.61,70.4,9.52,53.88,7732.3,0
4099,86.41,1920,47.7,3.71,13.11,78.23,8.22,38.99,1704.1,0
4100,88.87,1792,58.56,1.81,12.34,78.8,8.84,38.27,5889.2,1
4101,70.0,3184,50.79,2.29,13.17,61.72,10.97,63.85,2908.0,0
4102,78.65,2341,58.6,2.12,13.27,66.97,10.48,76.2,1100.8,0
4103,104.21,728,65.03,2.42,11.28,95.87,8.41,57.58,6206.0,0
4104,98.63,1729,53.14,1.72,13.02,86.36,10.35,63.46,5117.3,1
4105,87.25,1599,62.5,2.15,12.26,82.19,7.15,29.27,4911.2,0
4106,90.92,1818,68.66,1.09,13.6,83.3,10.47,63.16,5965.9,0
4107,84.47,2594,54.21,3.1,13.71,78.25,9.02,49.38,3787.1,0
4108,104.28,2125,59.34,1.29,12.86,95.11,11.54,58.06,6734.7,0
4109,85.6,2146,51.16,1.77,13.64,78.43,10.34,65.72,1395.4,0
4110,90.78,3119,52.84,3.93,13.67,83.47,9.14,37.39,7178.2,1
4111,101.75,1712,54.41,3.26,13.02,95.87,10.54,55.22,5840.2,0
4112,78.67,3505,56.81,3.43,14.43,72.05,12.73,67.55,4916.1,0
4113,106.71,1730,62.64,2.55,12.62,98.74,11.36,72.15,1363.7,0
4114,69.63,2262,53.91,2.14,14.38,67.7,8.43,45.04,2854.8,0
4115,107.56,2003,64.06,1.83,13.02,106.46,10.51,52.59,3023.4,0
4116,83.53,2286,63.62,2.29,12.53,75.35,10.71,58.92,2414.7,0
4117,85.09,2511,59.06,1.47,12.92,85.4,11.15,46.53,9546.4,1
4118,65.32,2504,51.01,2.88,12.32,57.9,10.06,46.12,9164.9,0
4119,82.54,1673,52.0,2.34,13.83,75.67,8.41,40.36,5506.7,0
4120,75.52,1414,51.35,1.44,11.92,65.9,9.47,47.73,2136.2,0
4121,80.71,3952,56.82,4.58,14.31,74.72,13.47,100.46,9120.3,1
4122,86.35,1861,48.0,2.87,12.45,73.64,9.15,51.13,7519.1,0
4123,99.49,2689,57.6,3.31,13.87,88.95,10.1,67.69,483.8,0
4124,90.49,1075,50.33,1.64,13.22,87.03,7.43,48.88,4958.0,0
4125,91.69,2004,59.89,2.45,13.42,84.55,11.38,47.68,6089.0,0
4126,74.85,2111,54.94,3.0,12.73,62.27,10.45,53.98,758.1,0
4127,77.43,2531,61.99,2.81,13.48,71.52,10.01,72.37,593.3,1
4128,109.58,700,64.3,3.28,13.31,101.74,8.17,44.93,4688.9,0
4129,79.18,2316,63.01,2.43,12.03,66.97,7.65,52.48,119.3,0
4130,107.87,1395,64.84,1.77,12.43,101.5,9.29,45.48,563.7,1
4131,85.08,2427,55.01,3.15,12.77,73.71,8.71,36.49,1734.9,0
4132,88.03,1475,49.08,1.2,12.6,82.76,9.01,71.45,9108.7,0
4133,100.84,1601,49.39,3.01,14.2,101.51,10.88,42.47,7686.2,0
4134,103.26,2008,42.35,1.41,13.21,91.58,8.98,83.24,4559.2,0
4135,86.67,1463,49.56,2.72,12.58,77.35,9.04,55.47,4844.1,0
4136,83.34,1867,55.69,1.87,12.81,73.83,10.44,81.12,6891.6,1
4137,87.33,1365,52.9,2.55,12.8,82.61,8.89,45.99,4796.4,1
4138,92.06,917,56.04,2.73,12.97,87.1,7.49,32.64,732.9,0
4139,98.7,2913,56.05,2.98,12.34,87.24,11.36,80.14,7413.4,0
4140,88.05,1293,54.57,1.17,12.55,79.32,9.69,38.34,671.7,0
4141,95.43,2075,48.06,1.77,13.81,87.78,10.29,79.96,4912.3,0
4142,107.66,2727,53.09,2.19,13.35,99.0,11.38,69.74,8630.9,1
4143,92.58,1770,50.02,0.83,13.08,80.05,10.81,81.71,1262.1,0
4144,91.74,1622,54.09,3.18,13.2,81.57,9.79,32.0,7095.6,0
4145,69.77,2358,62.43,2.7,13.16,63.2,8.06,75.08,558.6,0
4146,56.43,2983,51.58,1.98,13.03,52.64,10.73,44.84,9931.3,0
4147,92.66,1381,66.82,3.34,13.61,82.9,9.98,2.16,6852.7,0
4148,86.86,2095,63.39,1.93,13.55,81.63,8.22,72.29,9693.0,0
4149,81.82,987,53.57,2.2,11.94,77.37,5.15,47.6,6715.4,0
4150,90.92,1925,48.45,1.76,13.09,78.98,8.34,72.6,2498.6,0
4151,87.28,2224,54.22,0.94,12.0,76.66,9.79,56.98,9271.0,0
4152,101.53,1602,62.62,1.18,13.71,92.38,10.69,51.84,6304.0,0
4153,89.03,1880,52.27,2.04,13.81,84.75,8.39,83.03,5801.8,0
4154,79.04,1214,62.06,2.82,12.71,65.67,8.78,51.45,4348.2,0
4155,99.88,2254,61.65,2.84,13.11,88.8,6.93,45.81,2917.5,0
4156,85.39,2939,48.48,2.98,11.51,78.31,11.14,57.67,5347.7,0
4157,94.32,1432,52.02,0.59,13.98,87.86,8.49,53.54,3724.0,1
4158,82.27,1764,59.76,3.36,13.77,74.04,11.57,0.0,8554.8,0
4159,80.2,2552,54.84,2.88,14.12,73.64,7.89,66.93,385.1,0
4160,89.01,3048,48.76,2.83,14.39,74.37,11.2,87.27,5347.9,0
4161,88.15,1155,54.56,2.98,12.22,81.31,6.06,47.75,8382.0,0
4162,93.76,2082,54.36,3.48,13.91,88.96,9.27,45.88,373.3,0
4163,84.78,2398,44.82,3.55,14.38,72.01,8.05,63.94,2894.8,0
4164,65.96,2129,59.45,2.31,12.0,59.67,11.79,89.44,610.1,0
4165,82.81,700,54.74,1.2,13.06,72.45,7.05,55.38,5990.5,0
4166,97.53,2551,37.12,3.49,12.91,87.5,10.51,61.39,3235.7,0
4167,84.43,3264,52.33,1.93,13.88,76.61,11.32,53.57,9601.3,0
4168,85.04,2282,49.99,4.13,11.28,79.96,8.57,34.1,6201.3,0
4169,99.84,1478,66.09,2.24,14.65,91.98,10.5,51.14,5661.8,0
4170,79.46,1841,51.84,1.53,13.11,74.97,9.84,53.68,9180.7,1
4171,69.49,3439,45.63,2.11,13.93,61.56,12.22,23.79,2313.4,0
4172,86.07,2837,56.37,1.8,13.15,75.75,9.33,44.29,5666.2,0
4173,82.19,2648,49.76,2.85,13.59,69.04,11.74,80.87,5473.5,0
4174,76.41,2449,49.48,2.65,11.34,71.67,11.1,51.34,912.9,0
4175,85.9,1737,58.58,1.34,12.89,78.65,8.86,3.11,9327.4,0
4176,93.9,2060,48.58,2.19,13.88,87.47,10.97,86.18,7032.3,0
4177,87.89,2145,45.95,1.42,13.43,79.07,10.15,36.84,8892.2,1
4178,91.68,2585,64.15,3.18,11.89,88.25,8.7,47.9,9827.1,0
4179,109.76,3256,55.82,2.97,13.25,104.55,12.03,82.58,4848.6,0
4180,83.89,2983,51.46,2.59,12.55,80.96,10.36,44.86,8056.2,1
4181,91.34,1206,56.53,1.06,12.48,87.66,8.63,9.64,5817.8,0
4182,81.89,2357,57.34,2.37,11.98,75.87,11.15,60.29,9773.5,1
4183,77.84,2716,59.45,2.44,13.69,64.83,8.35,74.03,2547.5,0
4184,80.98,2633,49.22,2.99,14.09,71.94,9.78,48.22,236.8,0
4185,82.25,1760,57.69,2.48,14.9,74.06,8.06,49.9,1940.9,0
4186,92.31,4240,47.44,4.09,12.02,80.27,12.18,43.64,1367.4,1
4187,116.19,1306,55.07,1.75,13.81,107.04,8.56,29.73,4425.8,1
4188,79.41,1442,57.11,0.71,13.87,69.97,8.55,44.02,866.4,1
4189,83.0,2364,54.24,3.41,12.74,76.42,10.6,68.95,2280.0,1
4190,87.24,3682,56.04,2.46,12.47,81.15,12.52,65.85,1053.0,1
4191,92.75,1615,58.65,1.39,12.33,88.68,9.42,71.89,4918.9,1
4192,91.16,2014,45.89,2.42,12.78,84.97,10.48,86.96,2741.1,1
4193,103.41,2954,44.83,3.12,13.36,96.25,14.43,77.26,4763.0,0
4194,58.88,2187,52.56,2.11,14.29,49.85,9.03,23.13,980.0,0
4195,59.36,1966,66.19,2.0,14.08,51.47,9.78,47.92,5217.0,0
4196,82.05,2596,48.72,2.41,11.91,75.14,11.45,74.92,1387.7,0
4197,101.17,2391,52.87,3.76,12.57,95.9,12.79,53.75,1083.5,1
4198,69.21,2921,50.03,2.86,14.24,60.01,11.0,26.94,3169.2,1
4199,55.0,3104,49.65,2.17,12.62,48.49,9.09,49.38,8756.7,1
4200,94.85,2415,55.18,1.87,13.15,85.79,10.83,10.84,7906.4,0
4201,90.92,2404,62.56,2.43,11.84,88.66,10.62,50.68,9595.6,0
4202,74.92,2350,57.1,2.8,14.12,65.91,10.65,42.2,4655.9,0
4203,76.17,2542,49.15,3.08,11.67,65.93,8.96,49.84,3193.2,0
4204,76.36,2239,71.09,2.66,11.89,66.5,11.08,78.86,9712.0,0
4205,89.33,2200,55.05,1.87,14.04,81.92,9.96,28.37,3879.5,1
4206,80.48,3038,49.49,2.58,14.74,69.74,11.91,45.66,190.1,0
4207,93.93,3261,60.9,3.6,12.97,89.75,12.08,38.53,8219.1,0
4208,55.0,1145,54.08,1.15,13.16,47.27,7.31,70.09,1775.2,0
4209,77.72,2207,64.61,2.17,13.93,70.3,9.84,77.67,7207.3,0
4210,74.49,1718,50.4,2.8,13.43,63.38,9.52,59.31,249.7,0
4211,84.92,1982,63.62,3.14,12.9,82.99,11.82,59.86,1198.8,0
4212,81.54,2482,55.26,2.51,12.81,76.72,7.68,32.68,4887.3,0
4213,97.57,2669,61.33,2.42,11.95,84.33,11.59,61.8,772.2,0
4214,65.69,2122,66.28,1.45,13.39,64.98,9.06,32.09,8897.4,0
4215,88.55,861,50.46,2.42,13.13,78.1,7.7,47.79,7523.7,1
4216,94.7,1524,63.55,3.29,12.85,88.8,6.29,44.08,3349.0,0
4217,110.28,2828,44.74,4.87,12.4,101.52,12.32,46.88,6015.5,0
4218,82.22,700,51.33,2.31,12.48,69.98,7.3,46.57,7183.7,0
4219,91.89,3031,48.08,2.87,13.69,83.01,10.29,73.53,7578.5,0
4220,66.35,2565,57.0,1.97,13.91,54.05,9.75,92.7,4017.2,0
4221,59.3,3121,53.11,1.45,12.94,52.77,9.93,71.55,8998.1,1
4222,98.14,2061,53.8,2.62,12.85,91.22,7.96,99.73,9423.7,0
4223,87.93,757,58.35,3.88,12.52,77.57,7.84,50.36,2037.6,0
4224,102.14,2501,57.44,3.69,13.95,95.46,11.55,92.49,9121.3,0
4225,71.52,3092,56.91,3.83,13.22,61.73,10.01,69.07,7155.5,1
4226,94.24,2847,59.81,3.03,13.49,82.69,11.41,63.68,8892.6,0
4227,110.43,1736,66.3,2.62,13.49,99.82,10.12,48.85,4305.1,0
4228,93.04,2261,54.3,0.63,12.95,89.77,11.43,61.35,6645.9,1
4229,91.32,1827,52.18,2.98,12.27,84.34,9.34,61.39,2430.3,0
4230,88.1,1627,59.41,1.82,12.4,79.26,10.01,23.21,7535.9,0
4231,69.15,2869,46.49,2.28,14.1,61.88,9.87,73.01,5859.2,0
4232,104.27,1362,52.09,1.9,12.62,96.03,11.58,20.29,4861.4,0
4233,80.67,1574,61.87,1.97,12.87,71.78,8.19,65.27,6957.5,1
4234,94.05,1427,55.35,1.62,12.29,87.63,8.14,62.34,5568.2,1
4235,69.24,1157,49.53,2.08,12.23,61.82,7.56,77.17,7677.0,1
4236,73.85,2302,45.52,2.14,12.58,69.39,8.69,38.37,8598.5,0
4237,105.22,3013,53.14,2.99,14.55,98.65,10.23,40.14,8026.0,0
4238,83.83,2071,61.72,1.29,13.73,80.41,10.44,76.37,3144.3,1
4239,105.44,1146,63.36,1.89,12.78,97.09,5.26,27.18,9763.6,0
4240,87.06,2788,54.08,1.93,14.07,79.64,9.89,35.06,6532.4,0
4241,65.9,3380,64.41,2.56,13.08,60.64,9.29,66.25,3302.3,1
4242,98.7,1748,54.79,2.45,14.28,85.35,9.77,51.35,521.6,1
4243,80.92,1865,54.46,1.11,14.97,73.66,6.53,56.1,9882.2,0
4244,96.38,2561,38.41,2.04,14.02,87.52,11.4,67.92,6030.3,0
4245,88.3,3335,49.63,3.51,13.28,82.22,12.41,72.68,2352.6,1
4246,69.48,1836,60.53,1.25,13.76,62.73,6.75,51.26,4962.1,0
4247,89.97,1267,65.82,3.54,13.21,81.0,8.8,50.37,4035.7,1
4248,114.35,2642,48.56,3.7,11.73,107.35,12.11,56.31,9518.5,1
4249,93.92,2759,56.2,2.4,12.68,85.91,12.08,59.06,4977.3,0
4250,87.31,2204,60.86,1.91,12.44,76.89,8.12,27.28,4898.2,0
4251,100.9,1809,55.35,2.53,12.66,94.46,7.84,67.78,7966.5,1
4252,90.53,2896,39.48,1.7,14.63,86.52,12.84,80.16,3970.0,1
4253,90.51,2570,55.31,1.1,14.1,87.09,9.56,69.97,2045.5,0
4254,74.9,1662,60.3,1.93,13.55,62.59,8.01,62.98,7707.1,1
4255,90.81,2234,48.81,2.45,13.85,80.01,10.81,35.39,9110.1,0
4256,100.43,1254,54.87,2.19,11.69,90.46,7.52,21.02,552.7,0
4257,77.97,2680,46.75,2.26,13.78,71.28,9.96,74.5,8613.0,0
4258,105.09,2016,39.43,3.48,13.95,101.09,11.3,54.47,4434.8,0
4259,86.9,1895,61.36,1.21,11.41,79.75,7.7,56.56,2962.4,0
4260,77.35,2177,54.67,1.62,13.81,69.63,8.9,59.15,487.9,0
4261,99.97,2228,64.04,2.94,12.06,95.37,9.01,60.31,2134.7,0
4262,84.56,2826,58.49,1.89,11.62,80.97,9.8,71.69,3395.4,0
4263,97.11,2614,51.57,1.77,14.26,94.31,12.27,55.57,799.8,1
4264,84.5,2091,54.32,2.59,12.39,74.53,11.3,16.24,1969.0,1
4265,87.28,2735,56.91,1.94,12.63,82.9,10.99,71.98,7394.7,0
4266,93.92,2481,59.79,2.56,13.99,84.99,11.17,68.23,6899.9,0
4267,91.49,1901,57.09,1.85,12.96,84.68,10.19,27.32,7721.4,0
4268,64.05,2113,61.53,1.81,13.06,54.28,8.13,31.16,1736.1,0
4269,74.55,2096,53.09,0.81,13.04,65.54,9.56,72.04,526.0,0
4270,99.15,2554,47.82,2.81,13.48,91.85,9.27,79.5,4739.0,0
4271,86.41,1943,54.72,1.43,13.02,78.02,8.31,0.19,3493.6,0
4272,81.72,1927,56.4,2.28,13.29,74.05,9.17,62.18,7789.7,0
4273,71.7,3578,44.71,2.75,12.8,65.54,10.13,58.86,5434.4,1
4274,75.04,2858,45.32,2.67,13.48,64.1,8.91,60.43,9318.7,1
4275,63.74,1668,58.48,2.18,13.45,57.01,7.4,54.43,705.9,0
4276,86.78,2600,51.35,2.87,14.72,79.05,11.84,42.16,3700.4,0
4277,80.82,2283,53.46,2.0,12.89,77.06,11.65,68.55,4111.9,0
4278,76.4,2474,51.95,3.66,13.05,67.58,9.87,42.88,1346.3,0
4279,87.18,2296,63.52,1.11,13.39,81.01,10.72,70.52,5871.9,0
4280,92.37,3033,60.46,2.73,13.97,85.8,10.63,79.38,498.0,0
4281,113.12,2442,46.52,3.32,12.33,107.64,8.67,39.01,7156.0,0
4282,69.86,2157,51.58,2.9,13.28,62.23,8.13,37.78,470.7,0
4283,101.91,2930,58.14,2.09,11.19,99.93,11.12,61.65,8747.4,0
4284,99.68,2363,57.8,1.97,12.98,89.63,10.73,86.05,743.8,0
4285,78.65,2285,54.22,1.77,14.06,70.77,9.58,43.66,4617.9,1
4286,90.44,2420,47.3,3.12,12.62,83.84,9.98,48.25,1638.3,0
4287,82.51,2134,50.65,1.92,13.34,79.15,8.92,61.03,1417.9,0
4288,90.23,2206,51.46,2.75,12.78,80.93,10.41,68.17,7240.0,0
4289,106.11,1789,56.96,2.57,12.51,100.01,8.29,63.08,7765.1,1
4290,95.27,1674,65.81,4.2,13.98,83.35,10.33,52.49,7418.1,0
4291,94.1,1501,51.82,2.48,12.36,84.64,8.37,44.7,4099.5,0
4292,82.84,1226,50.41,1.45,13.43,70.23,10.74,55.79,9908.8,1
4293,70.19,1584,55.27,1.09,13.45,61.78,7.98,0.0,3465.7,0
4294,85.5,2078,61.03,2.26,12.52,74.26,9.06,91.65,2528.3,0
4295,102.48,2272,45.67,2.48,13.32,93.09,9.84,51.72,9965.4,0
4296,69.67,2010,63.79,0.69,12.45,63.03,8.41,57.51,9775.0,1
4297,75.34,700,56.63,1.43,13.62,66.78,7.94,87.99,5959.2,0
4298,89.52,3302,47.96,3.27,12.15,84.02,11.56,46.79,2169.5,0
4299,76.18,2961,43.53,2.46,12.93,61.98,11.82,106.21,2461.1,0
4300,78.49,2512,58.25,3.46,13.0,70.79,10.6,71.67,5256.8,0
4301,82.92,3535,50.91,1.89,14.09,74.84,11.77,71.94,7783.4,0
4302,71.61,1516,57.07,2.77,13.31,62.44,8.75,63.77,866.8,0
4303,76.31,3521,46.6,3.87,13.96,71.57,12.91,46.1,6907.9,0
4304,96.44,1524,53.97,3.0,13.64,84.48,9.98,17.97,1120.8,0
4305,72.31,2367,51.42,1.36,13.64,67.39,9.94,32.39,8456.7,1
4306,68.83,1308,55.88,2.39,12.93,64.58,8.4,71.4,5368.0,0
4307,80.44,2210,50.59,2.01,14.02,72.94,8.27,36.35,9898.0,0
4308,96.78,2470,44.78,1.54,12.92,92.62,13.7,23.54,7554.5,0
4309,85.64,2092,71.18,2.16,11.82,72.95,10.29,52.76,5022.6,0
4310,82.43,2700,45.44,2.04,13.03,75.12,11.21,69.49,1497.7,0
4311,88.53,2269,55.53,3.31,13.56,90.2,9.99,56.19,5469.7,0
4312,67.05,1834,44.81,2.79,11.91,58.45,5.87,64.93,1233.0,0
4313,93.94,1803,43.36,1.44,12.49,84.28,9.2,75.72,9061.1,0
4314,92.6,2768,54.01,2.22,12.22,85.87,11.01,69.83,2377.7,0
4315,83.09,1742,56.57,2.03,13.83,79.16,8.06,49.17,8667.1,1
4316,100.07,2841,60.8,2.77,14.54,92.38,10.29,47.96,3108.6,0
4317,74.47,3056,55.35,3.73,13.03,67.92,10.31,75.55,2296.8,0
4318,101.53,1032,55.94,2.57,13.63,96.46,9.55,53.5,3111.9,0
4319,89.85,2993,47.29,2.94,13.6,85.05,12.67,42.54,7104.8,0
4320,83.96,3642,60.72,2.98,14.44,75.49,12.13,89.7,5299.6,0
4321,87.76,2376,59.8,1.2,12.68,77.05,9.48,61.3,1164.0,0
4322,86.71,2619,46.27,3.76,13.02,77.33,10.05,70.57,1456.9,0
4323,102.64,2926,53.27,2.51,12.93,99.83,11.63,51.52,3847.4,0
4324,75.08,2007,55.91,3.7,13.26,65.23,9.43,76.46,3451.6,0
4325,78.85,2328,52.31,2.75,15.0,68.53,10.3,24.06,8532.2,0
4326,100.44,1280,60.98,3.75,13.22,88.25,8.43,82.99,5765.3,0
4327,80.85,2297,59.42,3.07,12.52,75.7,10.44,16.81,1948.5,0
4328,98.81,2549,52.68,1.55,12.28,90.98,11.35,29.56,380.6,1
4329,108.39,2561,52.05,2.21,14.2,98.69,10.69,62.2,1113.4,1
4330,83.18,2946,62.11,2.74,12.51,76.76,8.79,48.86,7034.1,1
4331,96.18,1658,61.21,1.6,13.73,86.52,8.32,45.18,8486.3,1
4332,74.16,1827,55.84,2.07,12.66,66.23,10.74,42.14,7847.1,1
4333,97.06,3527,42.1,2.04,12.19,91.6,10.18,47.3,7919.8,1
4334,90.39,2095,56.84,2.5,13.68,84.68,11.41,60.71,2683.5,0
4335,93.68,2340,58.46,2.79,12.7,81.93,8.24,54.87,9892.0,0
4336,80.25,2153,38.2,1.72,13.54,75.24,8.64,72.42,955.4,0
4337,68.07,1625,57.36,3.83,13.6,63.57,7.89,53.15,8228.8,0
4338,94.04,3336,49.77,3.1,13.64,85.01,13.96,53.48,1058.5,0
4339,63.24,1831,54.14,1.72,12.99,55.33,8.52,68.27,2748.6,0
4340,84.19,1411,50.74,0.88,13.75,80.13,8.33,13.62,5004.6,0
4341,99.29,1884,54.26,2.45,12.46,92.85,8.7,1.47,628.1,0
4342,90.3,799,65.72,1.79,11.24,84.75,8.51,14.84,4002.3,1
4343,111.38,1744,52.68,2.96,13.77,105.31,9.42,45.39,3566.1,0
4344,100.3,1522,61.66,2.12,13.33,84.73,9.04,58.76,6507.0,0
4345,80.15,2632,48.93,1.78,12.71,73.06,9.85,4.17,7208.3,0
4346,88.33,1729,60.08,3.66,12.02,82.97,10.07,51.94,995.9,0
4347,87.43,2821,53.35,3.17,11.57,73.37,11.73,51.64,476.9,0
4348,69.01,3179,54.85,2.78,13.24,58.35,9.64,63.61,7781.3,0
4349,76.72,2747,53.6,2.92,14.52,66.54,9.58,20.13,5327.1,0
4350,81.27,2049,58.77,2.85,13.09,75.77,8.57,106.4,5392.9,1
4351,63.57,2299,39.13,1.44,12.91,51.99,9.42,56.24,9809.1,0
4352,88.57,1133,48.19,2.19,13.18,78.12,9.41,24.25,4433.6,0
4353,85.01,2106,57.29,2.14,14.94,76.57,9.9,57.03,2042.3,1
4354,67.93,1598,43.65,2.67,13.8,65.07,5.67,81.28,6838.3,0
4355,92.85,2686,50.4,2.17,12.45,84.91,11.72,32.18,8175.2,0
4356,96.59,4001,50.6,2.87,13.22,83.4,11.29,35.91,5073.4,0
4357,90.72,2550,48.9,4.03,13.47,82.06,9.67,54.74,6949.0,0
4358,84.11,806,53.24,2.98,12.35,77.24,7.92,45.98,5187.9,0
4359,95.1,1947,56.67,0.2,13.81,87.78,9.67,67.67,4132.8,0
4360,96.16,2286,60.42,3.5,12.55,88.64,11.37,85.02,439.4,0
4361,91.69,2261,48.69,2.51,11.99,86.09,9.39,70.97,1820.1,0
4362,78.1,1688,52.21,1.74,13.26,70.23,7.63,24.18,4849.7,0
4363,91.32,2372,49.83,1.81,13.13,78.99,9.9,34.61,4025.6,0
4364,102.35,1330,41.71,1.39,13.2,90.36,10.27,33.82,8444.5,0
4365,80.84,1539,56.8,1.7,12.59,75.1,9.42,66.58,1173.6,1
4366,113.18,2652,59.14,1.84,12.7,101.35,11.57,69.85,596.3,0
4367,81.69,1489,62.14,1.14,14.1,71.41,10.21,75.96,962.7,0
4368,88.39,2577,48.6,1.88,13.55,78.49,11.86,68.42,6813.1,0
4369,79.93,1241,49.04,2.37,12.43,70.63,9.13,36.7,5985.3,0
4370,90.68,3435,52.22,3.14,11.64,85.47,10.44,58.48,6359.0,0
4371,67.09,1658,60.77,2.74,12.47,60.31,9.3,22.52,1653.5,0
4372,81.45,2043,55.86,2.42,13.33,70.95,9.2,66.62,5211.9,1
4373,74.89,2431,55.93,1.6,12.69,70.52,9.32,43.87,7699.9,0
4374,89.62,1804,62.21,2.76,12.63,84.75,8.55,77.11,6870.4,0
4375,99.93,2300,49.87,1.78,12.73,91.01,10.27,67.61,4443.0,0
4376,95.75,2603,52.41,3.24,13.14,90.12,10.03,96.18,1124.7,1
4377,59.54,2872,63.22,1.91,13.83,49.07,10.12,67.43,8719.4,0
4378,112.5,2754,52.15,2.24,13.2,106.77,11.39,66.35,5309.4,0
4379,91.54,2080,47.2,2.2,13.25,82.81,10.11,50.63,8907.6,0
4380,78.68,2097,50.83,3.03,13.02,69.7,10.09,46.69,4443.1,0
4381,89.89,3844,45.65,3.42,12.8,83.33,12.08,59.69,2446.4,0
4382,90.11,2865,55.38,2.86,13.92,82.83,10.09,78.97,3143.4,0
4383,80.0,1555,50.54,3.76,13.79,74.04,6.25,24.16,4239.7,0
4384,90.38,2270,56.05,1.1,14.84,82.43,11.02,56.69,6180.8,0
4385,80.71,1965,50.68,1.6,13.69,75.6,9.39,20.27,7712.2,0
4386,83.15,2105,42.06,1.63,12.8,75.82,9.38,61.89,2502.1,0
4387,79.76,1339,58.19,0.74,12.48,69.52,9.73,40.67,1958.4,0
4388,70.81,1912,56.15,1.83,13.96,66.22,7.32,63.34,2106.3,0
4389,89.75,3468,55.14,3.66,12.55,83.21,11.94,47.76,9351.5,0
4390,95.02,2605,49.69,2.25,13.85,85.47,9.6,52.29,1723.1,0
4391,94.18,700,52.87,1.73,12.59,92.41,8.66,58.65,3522.9,0
4392,97.84,3052,55.23,1.55,13.48,84.27,8.86,62.63,4910.1,0
4393,91.89,2963,62.15,2.25,12.35,80.76,12.15,90.43,5606.4,0
4394,81.61,1949,55.19,2.06,13.82,78.22,10.22,43.86,8595.0,0
4395,98.08,2702,56.06,3.28,12.21,96.39,9.9,46.65,1217.6,0
4396,71.71,1598,53.95,0.93,13.42,63.62,8.51,76.13,1169.3,1
4397,77.19,1871,46.04,2.03,13.04,72.55,7.95,45.68,3232.5,0
4398,76.43,3249,58.36,3.88,13.28,65.55,11.59,53.03,4190.7,0
4399,100.96,2010,60.34,2.1,12.88,91.78,11.06,61.52,3800.4,0
4400,99.31,891,61.4,0.31,12.86,90.94,7.13,43.87,3979.8,0
4401,93.85,2156,53.54,3.54,13.32,87.56,8.49,48.5,8529.4,1
4402,100.86,2145,58.2,3.1,12.4,88.06,11.59,40.81,8383.0,0
4403,77.45,3039,58.33,3.61,12.39,67.19,13.12,87.28,8074.5,0
4404,92.18,2210,64.26,1.15,12.91,82.37,10.66,52.05,7577.3,0
4405,86.5,1905,61.11,3.62,12.88,74.9,10.09,41.99,499.9,1
4406,98.16,2932,53.44,2.25,12.4,93.22,10.96,53.45,1578.9,0
4407,86.62,2285,46.57,2.17,13.94,74.76,10.2,62.61,7348.7,0
4408,83.38,1675,56.59,1.74,12.93,76.17,9.38,81.08,5989.0,0
4409,94.49,3008,54.47,3.66,13.02,85.49,11.13,56.47,6772.1,0
4410,98.51,2336,58.5,2.46,12.14,90.98,12.1,38.56,7197.6,0
4411,79.98,2202,62.75,2.93,14.86,77.61,9.84,93.39,9122.5,0
4412,87.27,2325,53.77,2.66,15.0,76.4,10.43,58.46,6387.9,0
4413,75.3,1451,68.76,2.13,12.58,72.77,8.14,48.38,2828.1,1
4414,58.02,1831,44.94,1.62,14.18,52.92,8.23,54.22,921.9,0
4415,90.41,2203,57.08,3.99,13.13,83.76,11.46,30.11,4377.6,0
4416,95.31,2064,50.02,1.31,14.48,93.17,10.13,53.27,7127.5,0
4417,91.14,3091,41.34,3.27,13.47,86.45,11.55,75.54,2890.8,0
4418,64.61,2352,53.21,2.91,13.28,55.87,9.53,80.32,1288.8,0
4419,83.79,2798,44.67,3.73,11.2,76.83,10.22,51.43,9987.5,0
4420,61.38,2207,53.76,3.65,12.5,54.17,7.29,58.8,4246.9,1
4421,104.44,2939,53.21,2.76,13.22,99.18,13.48,84.2,2241.5,0
4422,74.97,2478,60.81,3.09,13.36,66.83,11.15,57.42,1729.1,0
4423,103.06,2209,45.43,3.96,12.23,96.04,11.95,69.45,8641.5,0
4424,99.35,2191,59.98,2.48,12.62,96.27,9.0,63.43,8214.1,1
4425,77.19,1532,56.57,1.39,13.64,69.8,10.26,37.71,6171.9,0
4426,74.41,2555,60.13,2.39,12.09,70.13,12.32,38.81,5517.1,1
4427,92.2,2172,52.02,1.48,13.31,81.51,11.26,76.02,9519.2,1
4428,77.87,1849,47.35,2.68,14.19,71.04,11.0,0.0,2359.8,0
4429,89.23,2975,45.72,3.74,13.51,73.67,12.07,46.27,4212.4,0
4430,82.21,1325,48.62,2.05,13.47,71.31,7.37,21.84,344.2,0
4431,66.63,1904,58.17,1.11,11.58,59.02,9.32,74.44,4244.0,0
4432,61.23,2919,62.17,3.68,12.54,51.5,8.82,86.61,3903.7,1
4433,90.72,2421,50.73,1.22,14.84,88.99,9.61,41.84,9500.0,1
4434,81.26,2166,58.46,1.29,12.72,70.37,10.0,110.1,3646.5,1
4435,81.36,2376,45.13,2.48,14.21,75.82,10.15,83.6,8364.4,1
4436,96.35,2326,55.36,2.8,12.71,88.08,10.94,59.7,7689.3,0
4437,102.08,1138,60.63,2.4,12.98,96.26,6.65,78.63,1558.0,0
4438,84.73,1956,46.4,2.38,13.61,78.59,9.24,40.7,9630.9,0
4439,83.91,3332,51.12,4.46,13.28,76.46,12.12,56.26,6346.6,0
4440,94.0,1738,59.76,2.38,13.51,85.77,10.32,61.5,6005.9,0
4441,71.72,1977,37.52,3.27,12.55,63.8,9.98,39.82,215.9,0
4442,90.68,1821,63.34,3.0,12.29,82.68,9.73,27.04,7022.2,1
4443,94.62,2139,56.79,1.48,12.49,91.5,9.59,35.87,650.7,0
4444,96.16,1792,59.65,2.22,12.77,81.17,10.18,48.62,1935.3,0
4445,64.76,2541,51.56,4.39,13.02,56.06,9.24,66.43,1076.3,0
4446,78.86,2338,44.02,2.2,14.03,69.55,10.87,49.07,3844.2,0
4447,77.46,2741,56.77,2.24,13.27,70.48,10.86,25.45,7977.5,0
4448,89.2,1464,55.55,2.35,13.59,83.82,8.77,59.99,7103.1,0
4449,93.77,1962,55.22,2.06,13.31,85.32,8.83,79.04,1156.3,0
4450,105.96,2042,61.32,1.83,12.31,97.09,11.64,40.85,8004.8,0
4451,82.06,2519,58.55,2.3,13.21,70.15,10.85,90.17,4662.4,0
4452,82.03,1645,67.26,3.44,13.3,67.8,11.39,69.05,423.0,1
4453,101.8,2841,54.14,2.72,13.81,89.36,11.98,37.76,2315.9,0
4454,91.56,3030,48.75,1.85,12.35,88.86,12.01,47.02,7873.3,1
4455,103.21,1508,54.74,1.02,11.57,96.59,7.64,44.59,7359.7,0
4456,91.46,1856,57.74,4.15,13.34,82.46,9.88,49.23,1964.7,0
4457,74.11,1828,61.51,2.19,13.48,67.32,8.48,4.0,476.2,0
4458,72.0,4043,42.19,3.72,13.06,64.13,13.1,50.99,3022.5,1
4459,69.38,1899,55.35,1.79,13.22,67.82,9.2,42.12,7969.8,1
4460,95.94,3374,61.84,3.33,13.9,85.2,13.13,99.86,9390.1,0
4461,102.26,1313,54.83,3.31,12.83,99.89,11.63,54.22,5771.6,0
4462,110.19,1507,61.42,1.71,12.98,106.91,8.68,34.88,1001.9,0
4463,98.12,1719,58.44,2.69,13.26,93.16,10.67,43.35,5070.7,0
4464,101.95,1608,61.42,1.15,12.22,94.25,10.33,59.95,9988.0,0
4465,81.04,2012,50.14,4.07,13.08,77.91,11.76,46.32,9392.8,0
4466,74.12,1704,50.83,2.53,13.15,69.3,9.52,40.32,9932.8,0
4467,98.2,1626,55.79,1.95,14.51,86.75,10.12,40.49,7024.2,0
4468,93.01,3011,43.74,2.67,12.96,85.35,12.32,69.46,4318.3,0
4469,89.29,3057,51.24,2.52,13.36,79.99,12.34,32.51,8942.0,0
4470,92.65,2865,54.74,2.47,13.93,88.36,12.81,37.25,8962.3,0
4471,91.88,2567,64.53,0.75,12.53,84.04,9.61,38.65,1529.2,0
4472,103.41,2265,56.78,2.49,14.3,95.81,10.07,33.31,7776.3,0
4473,103.54,1852,58.94,2.27,14.61,97.93,12.01,36.44,9201.2,1
4474,94.53,1533,62.86,2.63,13.18,86.68,6.78,68.93,8995.3,0
4475,98.15,2454,48.22,2.24,12.77,95.83,10.54,77.25,7097.7,0
4476,94.17,1378,55.2,1.55,14.5,84.85,9.07,55.5,5419.8,0
4477,82.47,1504,70.56,2.22,13.84,75.66,8.46,55.12,7789.8,0
4478,97.08,3007,52.44,1.61,13.27,89.85,13.33,46.44,5209.9,0
4479,71.27,3530,58.72,3.25,14.34,60.71,11.89,21.36,3280.2,0
4480,100.65,2475,59.74,1.17,14.26,91.35,10.3,59.53,2663.5,0
4481,73.67,2975,44.25,3.79,12.93,66.62,9.8,65.6,5452.5,0
4482,91.43,2028,56.77,3.01,13.4,86.78,10.11,40.49,4614.0,0
4483,77.86,1264,57.4,1.38,13.66,65.87,9.54,27.86,5292.5,0
4484,94.64,2629,55.66,3.26,13.22,90.66,10.95,32.1,2680.9,0
4485,87.59,2599,49.26,2.81,12.09,77.7,10.33,60.74,5946.8,0
4486,68.86,2250,47.89,1.76,12.45,65.66,8.48,56.94,6654.5,0
4487,93.05,2030,52.03,0.85,12.11,82.29,10.28,77.87,8087.8,1
4488,81.06,2874,52.69,3.1,13.59,70.03,11.05,42.93,5940.9,0
4489,98.57,1510,63.01,1.59,12.25,96.31,8.37,45.1,7585.1,0
4490,88.02,1658,66.57,3.17,13.35,78.67,10.32,52.09,1776.9,0
4491,92.75,1494,64.34,2.23,14.67,83.65,11.06,39.77,1298.5,0
4492,76.51,2259,59.69,2.01,14.34,66.4,9.65,72.14,1878.4,0
4493,80.93,1438,50.12,3.64,11.73,71.83,8.88,75.19,8478.0,0
4494,82.5,1721,53.12,2.79,12.18,77.38,7.67,30.01,5605.9,0
4495,98.28,1706,56.77,0.2,12.58,90.93,10.41,42.87,4607.6,1
4496,108.13,2018,51.03,2.07,12.26,95.13,10.89,80.4,7645.4,0
4497,78.34,1159,60.19,0.96,11.88,73.66,7.61,55.22,1328.4,0
4498,100.92,2261,58.71,1.93,13.19,91.95,9.56,57.71,161.5,1
4499,61.96,3073,56.21,2.82,13.76,50.51,12.52,67.06,3178.6,0
4500,73.67,2295,60.63,2.87,13.96,68.64,10.01,68.69,2564.1,0
4501,76.49,3279,47.07,3.23,12.82,72.75,10.02,69.26,3142.6,0
4502,71.77,3134,58.41,3.82,12.98,67.57,11.76,64.87,9738.3,0
4503,69.0,2744,49.43,3.29,13.48,59.81,10.33,58.46,5720.7,0
4504,92.96,2252,48.8,3.02,13.11,88.78,10.23,82.28,5932.2,0
4505,85.43,2216,57.76,2.71,13.85,77.84,11.01,49.77,6591.1,1
4506,92.55,2735,60.78,3.81,13.54,80.44,7.73,58.23,4037.5,1
4507,96.29,1926,58.01,2.16,12.9,88.44,7.62,84.39,9791.9,0
4508,91.19,882,57.32,1.77,11.71,85.52,9.69,53.61,9735.3,1
4509,95.89,2544,55.71,1.17,14.4,87.52,10.54,55.73,7715.5,0
4510,87.17,1408,56.99,3.03,12.65,79.37,8.18,62.86,2195.8,0
4511,73.76,1527,49.26,2.18,13.49,64.4,6.79,55.5,8813.9,0
4512,100.69,2200,47.05,4.89,11.67,87.84,10.58,40.22,1099.1,0
4513,80.93,2133,54.28,2.19,13.19,71.74,9.94,59.5,6336.0,0
4514,76.77,1212,57.11,2.17,13.28,62.67,9.76,32.89,4626.4,0
4515,85.86,2316,54.43,3.03,13.32,76.5,10.45,92.23,488.2,0
4516,77.05,2876,57.35,1.96,15.0,71.35,10.17,63.83,9048.7,0
4517,82.99,1410,54.9,2.47,12.7,68.13,9.03,31.5,9614.8,0
4518,92.13,3091,56.15,2.97,13.86,84.5,12.72,52.49,9083.2,1
4519,92.18,1108,55.87,1.81,13.62,87.34,9.48,63.64,2005.4,0
4520,77.23,3682,62.62,4.15,12.66,62.25,12.5,42.07,3396.5,0
4521,82.15,1912,55.68,1.69,13.84,76.35,9.6,107.68,9561.8,0
4522,100.89,2302,68.35,2.81,13.07,95.21,9.81,26.51,1153.6,1
4523,93.96,876,59.31,3.16,13.9,87.61,6.89,65.57,5874.7,1
4524,112.9,2157,53.24,1.96,14.77,104.41,9.28,45.01,4906.7,0
4525,102.16,2360,48.78,2.37,13.32,91.37,11.11,39.78,1603.8,1
4526,101.73,2140,45.96,4.39,12.98,101.68,10.89,65.39,8877.1,1
4527,71.35,1806,49.52,2.74,14.04,60.57,10.04,43.56,1428.1,0
4528,97.17,1537,50.57,1.84,14.32,90.83,9.91,82.86,5967.8,0
4529,87.36,2991,55.37,3.54,12.49,80.6,12.33,31.72,3250.0,0
4530,81.39,2222,51.42,2.1,12.84,68.24,9.55,66.37,4238.0,0
4531,90.02,3279,53.53,1.77,13.74,81.38,12.52,55.97,2192.5,1
4532,99.34,1831,62.94,3.47,13.09,90.0,8.55,58.71,6284.2,0
4533,94.01,1896,54.63,1.52,12.44,86.16,9.59,63.46,9887.9,1
4534,77.46,2771,65.98,4.76,13.63,67.17,8.19,23.79,8352.1,0
4535,96.91,1064,49.75,1.64,13.74,84.06,8.55,52.86,6863.7,1
4536,80.35,1351,55.42,3.86,12.93,79.77,9.83,71.68,7588.2,1
4537,90.6,2968,49.79,1.79,13.25,79.35,11.23,68.94,8408.9,0
4538,84.36,1380,61.86,2.99,12.74,71.72,9.41,42.7,4778.2,1
4539,85.37,927,43.71,2.4,12.32,75.87,8.23,19.08,5713.7,0
4540,97.19,3508,43.25,3.8,12.8,91.23,11.5,73.01,8965.3,1
4541,75.52,1224,55.96,2.88,13.26,70.97,7.78,86.67,6989.9,0
4542,111.34,2329,63.49,2.2,12.02,96.26,12.33,69.01,1446.6,0
4543,66.15,2248,55.97,1.51,12.86,60.86,10.07,78.44,7817.4,0
4544,80.83,700,49.52,1.96,13.27,68.28,6.66,64.66,324.8,0
4545,92.44,2013,47.75,2.63,14.16,83.27,8.11,46.02,8490.5,0
4546,95.01,2514,63.95,2.3,12.95,80.87,10.87,58.69,7904.2,0
4547,86.79,2448,50.37,2.87,12.2,79.75,9.54,73.86,8324.4,0
4548,87.31,2832,47.66,3.09,13.03,84.13,10.62,27.2,333.6,0
4549,92.93,1929,63.96,1.69,12.75,84.92,7.93,66.41,9727.2,0
4550,85.23,2699,59.67,3.08,13.64,81.69,11.8,83.17,6179.9,0
4551,104.72,1717,63.09,2.11,12.93,88.69,9.65,51.08,8020.5,0
4552,98.07,1213,50.8,1.54,11.03,88.18,8.84,65.36,5708.9,0
4553,98.47,1292,47.19,2.76,15.0,88.14,7.91,38.46,3463.5,0
4554,76.41,1177,57.5,1.46,13.31,66.07,7.63,49.62,3031.9,0
4555,87.05,2907,55.19,2.49,13.27,81.13,11.08,53.78,792.3,0
4556,84.39,1140,58.91,2.12,11.97,76.79,7.45,57.84,5470.9,0
4557,75.93,2392,63.14,3.73,12.03,67.6,9.51,54.06,1521.5,0
4558,92.32,2014,44.53,2.61,13.13,78.49,11.44,20.36,5718.4,0
4559,81.55,2128,59.92,2.93,13.47,77.02,7.47,40.21,6286.7,0
4560,95.86,3155,46.05,2.73,13.76,90.05,11.83,99.58,4476.6,0
4561,75.16,1893,60.41,2.34,13.39,68.25,8.05,64.51,1647.6,1
4562,108.63,2628,50.75,2.69,12.25,102.65,12.87,15.61,4383.8,1
4563,77.24,2226,49.71,2.79,11.2,73.62,9.35,79.31,8798.9,0
4564,90.63,2094,51.12,2.26,13.12,90.75,8.58,31.31,4634.7,1
4565,97.5,3810,42.63,4.34,12.77,94.98,12.39,82.53,3493.0,1
4566,81.15,1191,56.88,1.79,12.19,69.86,8.57,74.79,6334.7,1
4567,98.23,3102,48.08,1.58,13.86,90.25,14.95,62.45,6226.7,1
4568,73.25,2659,58.47,4.94,11.94,62.74,7.55,37.82,997.1,0
4569,105.43,1864,58.99,2.13,13.69,99.17,8.57,38.68,2441.3,0
4570,88.17,3341,62.43,4.1,12.07,80.46,13.19,74.43,4994.6,0
4571,80.84,906,59.41,3.12,13.31,68.0,5.9,24.53,3726.7,1
4572,84.41,1835,58.46,3.13,13.95,71.75,9.24,41.17,3267.6,0
4573,97.71,1354,64.62,2.0,12.93,86.88,8.4,60.18,4512.6,1
4574,80.99,2488,50.28,2.9,14.55,72.38,9.32,43.71,2974.1,1
4575,79.01,1421,47.26,1.17,14.73,69.45,8.21,78.74,3540.0,0
4576,85.34,2503,55.19,4.27,13.39,76.23,9.87,36.06,7758.9,0
4577,73.88,2069,46.39,1.8,13.63,66.38,10.48,0.0,5151.3,0
4578,109.85,1864,69.85,2.19,14.05,103.06,11.76,37.42,8741.3,1
4579,81.2,2472,62.81,2.74,13.64,69.84,10.59,62.83,9490.7,0
4580,97.98,2012,67.88,2.37,13.55,93.87,9.69,71.14,9228.6,0
4581,90.51,1438,56.47,1.67,12.78,78.05,9.16,42.26,2611.7,1
4582,76.19,4161,54.03,4.54,11.85,69.01,13.4,61.22,4781.6,0
4583,87.93,1859,52.51,3.15,12.09,83.87,10.59,52.34,5397.0,0
4584,97.41,700,62.82,2.26,15.0,91.04,8.43,80.84,8536.7,0
4585,85.74,1611,48.48,1.96,13.46,80.36,10.77,59.04,5634.3,0
4586,102.32,1313,41.01,2.99,13.0,96.04,8.34,39.82,2601.9,0
4587,100.26,2778,48.61,2.43,14.21,94.04,12.57,99.51,5520.6,0
4588,99.03,2425,45.33,3.9,12.6,92.93,11.47,56.58,538.4,1
4589,82.48,2479,62.92,2.75,13.67,75.41,9.4,15.17,8358.0,0
4590,75.04,1941,66.07,3.41,13.26,67.24,9.34,25.71,5703.4,0
4591,80.64,2004,46.6,2.36,13.57,70.35,9.72,64.99,6552.0,0
4592,90.35,1940,62.84,2.48,12.93,83.09,9.43,17.9,2089.3,0
4593,94.55,2143,60.36,3.49,12.43,85.57,9.87,64.62,5625.5,0
4594,61.94,2785,44.15,4.56,12.54,53.92,8.04,42.91,5353.3,0
4595,87.9,2435,51.77,3.89,12.57,78.28,9.43,79.97,6234.3,0
4596,89.9,2550,50.39,3.4,13.2,81.76,10.21,60.45,8489.5,1
4597,84.67,2550,58.39,3.17,11.96,78.61,9.63,24.36,7668.9,0
4598,103.5,2819,45.88,2.41,12.2,98.25,10.35,77.0,5514.1,0
4599,93.06,2402,53.55,2.87,13.31,84.43,11.66,83.48,8944.7,0
4600,103.72,2451,49.87,1.92,13.1,91.9,10.71,30.97,3648.3,0
4601,85.41,3032,55.77,3.22,13.35,78.1,13.66,43.94,4976.3,0
4602,99.25,1734,54.14,2.68,13.16,93.35,9.87,62.25,6529.4,0
4603,107.62,1601,52.45,0.7,15.0,100.39,10.94,65.04,4463.6,0
4604,103.74,1370,54.87,2.2,13.3,97.42,8.96,97.08,3678.0,0
4605,74.89,2328,66.62,2.93,12.9,68.9,8.84,73.59,1212.7,1
4606,84.96,902,54.69,1.93,13.28,81.29,8.17,95.23,6395.4,0
4607,83.86,2524,47.71,2.97,14.02,76.59,11.8,57.33,2006.8,0
4608,93.87,2124,58.2,1.43,13.16,85.16,9.89,62.21,1468.7,1
4609,96.24,2994,52.08,2.28,13.75,91.48,11.92,48.4,1903.3,0
4610,77.93,1730,47.09,3.16,13.52,72.57,9.16,41.73,6916.0,0
4611,88.81,2058,68.25,2.48,12.97,83.66,9.6,57.09,1469.8,0
4612,63.76,2986,51.04,3.17,13.29,59.92,10.18,48.06,9764.7,0
4613,105.3,3168,50.27,2.54,14.48,100.17,10.76,9.53,7609.6,0
4614,81.85,1724,56.53,2.34,13.39,74.45,8.96,38.81,3988.1,0
4615,88.67,2327,64.7,0.76,12.41,84.7,10.9,77.3,5973.5,1
4616,84.28,2406,44.11,3.31,12.94,76.7,10.44,57.69,175.5,1
4617,101.75,2462,55.63,4.1,11.51,95.86,11.0,58.14,8460.9,0
4618,55.0,2016,67.67,1.61,13.31,49.79,9.34,38.63,2785.0,0
4619,87.8,3097,53.56,2.19,14.25,78.67,11.48,67.04,811.6,0
4620,86.73,877,49.82,2.35,12.13,80.65,7.89,80.24,7605.4,0
4621,82.56,1905,51.49,3.59,13.32,75.97,10.15,81.25,3362.9,0
4622,108.71,2514,55.07,2.68,13.99,96.82,11.26,64.2,5718.7,1
4623,77.35,2520,61.99,1.7,14.07,72.11,9.73,39.85,8455.9,0
4624,97.26,3147,50.6,2.8,14.22,84.56,12.21,96.03,7781.7,0
4625,92.28,3039,57.84,2.09,11.71,85.32,11.27,81.22,3434.7,0
4626,103.14,2000,46.28,1.91,13.6,98.55,9.8,24.18,8700.1,0
4627,79.99,3110,44.15,2.71,12.0,73.66,11.18,25.32,3949.6,0
4628,79.2,1700,52.74,1.57,12.4,71.0,9.05,23.49,5050.2,0
4629,101.15,2852,61.83,2.21,13.86,89.39,10.02,49.04,6163.3,1
4630,93.1,3467,52.43,3.17,13.33,82.71,12.38,80.64,802.7,0
4631,69.46,3050,54.73,3.09,13.78,61.27,12.75,77.66,6011.9,0
4632,81.53,2274,56.14,1.43,12.46,69.75,8.61,62.26,5816.4,0
4633,92.64,1968,61.67,2.75,14.38,90.28,9.12,50.8,8747.6,0
4634,98.05,1130,53.0,1.75,13.75,89.3,11.99,96.01,3601.3,1
4635,79.85,2417,58.33,3.21,13.91,70.92,8.96,56.98,2497.7,0
4636,55.0,1419,51.36,2.81,12.34,46.03,9.12,48.58,4817.5,0
4637,94.28,1645,67.55,1.85,14.14,91.11,9.02,41.52,6904.6,0
4638,73.36,1366,51.53,2.66,12.95,68.41,8.21,94.24,5662.8,0
4639,63.79,1878,50.08,1.73,12.71,56.29,8.42,67.48,1468.2,0
4640,55.0,2180,58.12,3.59,13.7,45.0,9.23,34.19,3544.1,0
4641,97.77,2392,54.62,1.99,13.67,84.02,8.64,33.09,731.5,0
4642,89.54,1780,57.37,2.63,12.52,83.54,9.55,18.88,7419.3,0
4643,85.29,2948,54.47,2.73,14.85,81.22,10.45,57.56,8841.2,0
4644,104.67,2054,48.23,1.66,14.65,94.22,8.03,24.16,552.2,0
4645,95.65,1649,65.32,3.01,13.68,79.8,10.69,28.34,5301.7,0
4646,107.4,2358,59.51,2.12,13.54,96.07,8.29,77.32,5703.2,0
4647,71.29,3574,60.09,1.8,13.46,65.53,13.96,81.07,4444.4,1
4648,87.59,2435,50.95,0.34,11.96,71.0,10.98,86.24,5077.1,0
4649,68.6,1946,57.71,1.73,13.29,58.54,7.21,24.07,7132.5,0
4650,85.25,1131,57.92,3.16,13.28,79.62,9.81,28.54,4888.9,0
4651,85.02,2046,61.68,3.48,12.74,71.21,8.67,41.51,9204.6,1
4652,95.52,2364,61.17,2.04,12.95,90.13,9.57,88.79,5454.7,0
4653,88.55,1929,56.28,2.12,11.29,82.41,7.36,54.63,810.8,1
4654,95.48,1034,47.76,1.64,12.32,85.3,7.38,84.45,9537.9,0
4655,96.44,1605,66.4,1.21,13.94,88.52,8.41,63.98,1553.4,0
4656,113.86,3218,55.73,2.24,14.58,105.75,13.32,58.86,7866.2,1
4657,84.22,3204,48.95,3.78,12.45,76.1,12.68,72.5,5316.4,0
4658,76.71,1579,58.33,2.66,13.35,65.36,7.09,16.69,7434.8,0
4659,90.95,2671,44.56,2.97,14.08,89.93,11.04,16.74,5183.0,0
4660,78.37,1375,62.62,1.1,12.78,69.52,6.12,55.24,683.8,0
4661,105.78,3183,43.68,3.06,13.74,98.65,12.33,61.19,3811.8,0
4662,84.6,2372,52.93,0.77,13.17,78.86,12.64,94.7,6244.8,0
4663,81.21,2865,54.76,3.51,14.15,75.48,8.53,31.41,6325.9,0
4664,82.34,999,63.25,2.21,12.17,82.26,6.69,55.25,9733.1,0
4665,96.62,2674,54.22,1.68,12.32,91.02,11.79,71.75,6102.6,0
4666,86.11,2195,58.41,3.83,13.42,74.24,10.84,61.82,2935.7,0
4667,80.3,2796,53.27,1.37,13.28,69.8,9.4,80.56,529.9,0
4668,107.98,2840,52.99,3.25,13.15,100.56,13.33,46.19,7905.3,1
4669,77.73,2246,55.06,3.0,13.66,73.96,8.64,71.92,8904.0,0
4670,88.43,1779,54.29,1.36,12.46,77.96,11.3,63.71,6175.0,0
4671,95.83,2746,43.32,2.76,12.1,83.9,11.56,81.59,4875.5,0
4672,68.42,2158,50.17,1.21,12.8,57.32,10.68,44.52,8623.8,0
4673,93.76,1589,57.24,0.2,12.89,88.67,9.64,27.61,2479.5,1
4674,75.34,1556,54.45,1.4,12.97,69.93,9.28,38.56,4047.4,0
4675,97.87,1166,55.66,1.58,14.22,84.91,9.55,27.53,5125.8,0
4676,76.45,1843,53.43,2.89,13.82,72.08,10.34,41.56,588.8,0
4677,96.31,2972,47.81,2.94,13.63,86.88,11.31,52.95,6916.9,0
4678,101.27,2324,51.29,2.67,13.38,98.6,9.48,37.52,1966.7,0
4679,98.34,1829,53.42,1.56,12.85,91.24,9.62,52.93,3398.2,0
4680,91.02,2763,53.47,2.37,12.52,81.26,10.05,34.8,4203.5,0
4681,85.22,1617,58.12,1.53,12.24,77.31,8.21,50.04,6421.3,0
4682,81.08,2267,53.41,1.59,12.64,71.51,11.75,45.5,748.3,0
4683,105.65,2074,48.55,2.01,13.17,101.33,11.08,51.82,3474.5,1
4684,79.61,2745,45.15,2.85,12.28,74.07,11.12,66.14,2816.2,0
4685,75.56,1096,72.45,1.59,13.34,66.11,9.1,40.01,115.0,0
4686,95.98,1605,48.95,2.01,13.04,85.89,10.03,35.87,6947.4,0
4687,78.45,1053,53.82,2.58,12.88,69.79,10.09,35.03,2435.8,0
4688,76.6,2018,58.12,2.06,14.13,65.76,6.72,74.37,1747.7,0
4689,70.68,3048,55.16,1.85,11.23,67.65,9.37,85.61,7999.9,0
4690,82.21,1846,58.45,2.83,12.89,75.6,8.33,42.58,488.1,0
4691,87.01,1843,52.65,2.59,11.32,73.54,7.68,49.76,9012.4,0
4692,90.92,2810,54.78,3.08,13.39,79.07,11.06,24.57,6900.3,1
4693,99.42,2948,53.39,3.38,13.81,89.51,11.62,55.85,1800.3,0
4694,94.32,2138,52.8,2.88,12.12,86.79,12.4,25.6,3566.0,0
4695,85.71,2679,55.11,2.78,12.22,74.61,11.63,48.11,9504.8,0
4696,85.62,1446,62.44,4.11,11.84,76.33,8.08,72.02,6226.6,0
4697,94.12,3165,52.48,1.95,13.25,90.67,12.16,30.75,6126.3,0
4698,103.27,3704,51.39,2.75,12.93,92.28,10.5,45.98,6565.4,1
4699,89.52,2565,60.25,3.48,12.98,84.11,10.68,39.25,4681.1,0
4700,82.37,741,63.3,2.11,12.91,72.09,7.63,12.87,1756.3,0
4701,76.09,1809,64.94,2.97,12.42,72.93,7.82,69.91,1593.8,1
4702,70.66,2629,43.29,2.87,14.11,57.86,9.7,63.12,6904.4,1
4703,96.0,1905,60.55,3.51,13.42,88.82,8.91,89.41,8851.0,1
4704,94.94,3091,56.37,2.13,12.25,90.26,10.36,40.44,3072.1,0
4705,94.93,2612,48.4,3.8,12.64,88.99,11.57,22.03,5083.7,0
4706,86.46,1705,57.09,3.25,12.5,79.47,10.35,70.86,9923.2,0
4707,104.88,2223,60.74,1.58,14.32,96.9,11.14,47.92,2645.9,0
4708,82.19,1574,50.89,2.76,13.77,70.24,8.24,41.91,3963.1,0
4709,99.46,2072,57.42,2.45,13.1,91.25,9.32,83.79,3698.9,0
4710,87.54,1812,60.59,1.88,14.57,86.05,8.82,56.07,422.6,0
4711,80.7,3022,46.56,1.4,14.36,76.39,10.62,78.02,5144.2,0
4712,95.11,3681,50.72,2.4,13.02,78.84,11.33,51.43,2165.9,0
4713,92.92,1198,58.36,2.66,12.87,84.51,9.84,34.49,1373.1,0
4714,92.28,854,52.47,2.65,12.91,81.43,7.79,39.62,7133.1,0
4715,88.98,2028,49.64,2.29,12.44,81.9,10.6,67.38,7681.0,0
4716,87.55,1137,55.9,2.72,14.59,82.56,6.61,49.64,8900.0,1
4717,116.66,2232,59.16,3.31,12.39,110.1,10.13,64.55,9347.9,1
4718,102.21,2724,57.31,2.9,13.89,93.83,12.22,6.08,8703.8,0
4719,96.67,3246,47.27,2.43,13.75,90.05,12.83,23.64,1312.7,0
4720,89.34,2341,58.21,2.96,12.96,75.59,8.72,12.77,2313.9,1
4721,100.09,2065,49.76,2.87,14.65,93.93,10.49,46.6,1312.5,0
4722,94.22,815,47.65,2.54,11.95,89.38,8.44,18.74,3599.9,1
4723,88.31,2218,52.34,3.24,13.14,77.89,9.09,88.9,1328.3,0
4724,84.36,2250,61.24,1.47,12.81,73.56,10.28,54.87,6567.4,0
4725,87.03,2647,57.63,2.33,13.97,78.94,8.65,62.02,7195.5,1
4726,55.0,1704,55.76,0.8,13.48,48.81,6.89,30.23,1680.0,0
4727,90.53,1895,52.68,3.0,11.82,88.23,10.26,30.75,6253.6,1
4728,82.14,1165,54.35,1.9,14.19,70.48,8.18,79.82,327.6,1
4729,107.11,700,58.12,2.34,13.59,96.51,8.42,81.65,4400.3,1
4730,88.23,1424,49.72,1.01,12.37,81.55,8.54,58.66,2924.9,0
4731,73.73,1101,54.78,3.17,12.92,65.55,8.4,7.77,9985.1,0
4732,87.4,2436,52.82,1.69,12.16,80.08,10.94,47.9,9235.6,0
4733,75.45,1837,47.28,3.0,13.06,62.56,9.87,59.09,1560.9,0
4734,93.68,1823,50.27,2.46,13.32,88.79,9.69,48.18,9182.0,1
4735,91.49,1511,58.4,2.08,12.93,85.35,8.53,8.46,4246.0,0
4736,99.49,700,57.57,1.78,12.84,93.64,7.39,82.99,5808.8,0
4737,78.51,3256,50.67,2.5,11.91,69.58,9.89,44.63,5384.3,1
4738,88.41,1500,50.51,3.26,13.47,80.24,8.39,23.98,7288.9,0
4739,71.62,1911,64.72,2.42,11.66,63.02,8.17,52.65,3416.1,0
4740,96.42,1182,51.54,1.07,13.22,91.06,10.59,72.57,789.9,0
4741,94.23,2880,54.69,2.54,11.76,81.77,9.89,69.34,4234.5,0
4742,93.95,2300,51.42,2.69,13.24,87.31,11.51,29.29,5490.6,0
4743,88.02,1622,55.96,3.0,13.2,76.46,8.72,21.92,5593.6,0
4744,92.98,1925,57.85,1.93,13.52,75.56,9.42,9.52,7946.7,0
4745,107.25,3375,43.9,2.64,13.89,101.87,12.82,56.22,537.8,1
4746,84.58,2149,54.66,2.54,14.04,75.55,8.01,45.23,9882.1,1
4747,89.66,2073,61.97,3.18,11.91,82.06,8.81,64.51,9906.6,0
4748,74.97,1541,66.55,1.15,13.15,60.87,6.97,37.34,1080.3,1
4749,77.58,874,56.52,2.4,14.81,70.42,7.09,66.52,3505.8,0
4750,89.17,2088,55.05,2.12,13.3,80.43,8.69,67.42,5944.1,0
4751,101.25,2428,67.31,2.38,12.53,92.57,12.29,41.79,3795.9,1
4752,84.92,2970,59.87,4.49,13.14,77.23,10.25,67.44,4927.5,0
4753,85.17,700,53.9,1.84,12.89,74.9,4.7,72.58,3326.7,0
4754,83.12,1412,52.47,2.79,12.26,74.84,8.15,31.06,7150.1,0
4755,81.58,1793,61.17,2.93,13.9,72.14,10.04,48.29,3703.8,0
4756,91.54,2198,48.5,1.59,13.67,82.9,11.98,50.33,4355.9,0
4757,70.03,2098,61.42,1.02,12.13,63.85,8.85,47.24,5801.5,0
4758,103.37,2115,56.67,3.16,13.13,96.18,9.69,70.53,9695.1,1
4759,80.01,2486,57.16,1.8,12.75,70.35,10.04,74.34,6453.9,0
4760,96.66,1568,54.25,0.92,11.92,87.01,9.76,59.34,1059.5,0
4761,72.76,2854,49.59,3.66,12.07,61.02,9.0,66.1,3257.1,0
4762,96.03,2503,62.7,1.86,12.19,82.45,10.35,45.58,4255.2,0
4763,96.06,1976,53.5,1.82,13.15,89.63,9.79,60.27,7427.7,1
4764,92.61,3321,49.85,4.62,12.83,84.21,11.8,36.02,4524.1,0
4765,76.07,3289,51.99,1.7,12.43,68.65,10.95,111.11,6625.1,0
4766,90.99,2853,54.42,1.83,12.89,86.32,9.87,85.92,8411.0,1
4767,73.8,700,51.48,1.63,13.8,64.11,7.56,65.13,1132.9,1
4768,84.97,3305,49.0,2.85,13.49,74.63,11.4,69.8,7680.8,0
4769,100.35,2756,49.69,2.08,14.0,95.58,11.12,66.52,7481.2,0
4770,97.56,3604,56.79,2.25,13.02,90.68,11.05,29.62,8215.2,0
4771,88.18,3066,47.53,4.14,14.48,81.6,11.98,35.03,9565.1,0
4772,76.3,3305,41.91,3.25,13.48,72.83,10.02,38.95,3165.0,0
4773,95.75,2815,41.5,3.28,12.81,87.86,13.04,59.86,4347.3,1
4774,88.23,3144,43.87,2.86,13.27,83.67,9.91,55.03,2700.6,1
4775,60.16,3596,60.13,3.4,12.2,51.68,11.94,79.6,3338.3,0
4776,97.39,2352,54.32,3.35,12.96,88.58,8.17,36.6,3365.3,0
4777,87.71,1099,59.79,1.25,13.54,78.53,5.53,68.93,8710.8,1
4778,102.43,1985,58.14,2.66,13.69,93.11,9.42,37.3,722.7,1
4779,74.86,2473,54.45,3.22,12.87,62.26,7.14,48.28,2106.7,0
4780,55.0,2252,54.23,3.8,15.0,49.43,9.7,73.22,6144.5,1
4781,91.35,1327,62.57,3.71,13.06,85.62,8.69,59.86,7675.4,1
4782,91.5,1058,57.72,2.08,11.86,81.53,10.0,23.12,7004.0,0
4783,67.71,1681,64.14,3.22,14.17,60.11,8.22,73.17,561.1,0
4784,76.26,2765,57.25,0.66,13.69,64.88,10.63,60.17,4592.6,0
4785,121.06,3306,48.46,4.28,13.39,111.38,12.4,18.79,1926.3,1
4786,84.33,2842,50.34,2.25,12.83,70.58,9.69,42.0,9882.6,0
4787,96.77,2940,48.68,2.68,13.51,89.05,10.83,51.25,9989.0,0
4788,80.19,2143,62.05,2.87,14.5,76.64,8.1,31.27,603.9,0
4789,62.92,981,54.74,1.88,13.36,53.89,7.66,74.54,6710.5,0
4790,85.96,1881,50.44,2.55,12.02,78.17,8.99,45.59,8149.3,0
4791,84.81,2019,56.88,3.73,10.5,75.21,9.4,63.12,3315.3,1
4792,83.2,1852,54.72,2.08,13.51,73.21,12.6,57.04,6967.0,0
4793,86.62,2238,56.28,1.69,12.41,80.23,9.43,69.34,1957.9,0
4794,91.17,2509,65.28,4.13,13.12,86.2,10.86,90.31,1366.8,0
4795,86.2,2797,58.88,3.23,12.55,78.64,10.67,72.1,9260.5,0
4796,72.83,2005,55.22,3.99,12.5,71.98,10.47,88.68,6461.1,0
4797,93.83,867,48.76,2.69,12.59,85.59,8.4,61.05,8187.8,0
4798,64.61,1862,52.4,1.33,12.66,57.83,8.25,55.6,5373.9,0
4799,63.4,2231,58.93,3.07,13.82,52.81,11.84,61.61,1631.8,1
4800,96.87,3056,45.79,2.14,13.66,94.83,10.47,7.63,3828.9,0
4801,94.08,1803,68.19,2.37,12.23,86.07,9.29,43.51,8828.4,0
4802,87.31,2559,53.96,2.64,12.34,74.58,11.52,54.28,254.5,0
4803,71.25,2403,54.57,1.34,13.5,61.23,8.64,64.98,2151.1,0
4804,79.51,2231,50.57,1.9,14.04,68.56,10.57,54.67,2607.5,0
4805,84.85,2851,56.28,4.6,14.03,75.83,10.2,65.59,2703.7,0
4806,68.85,1737,48.67,2.52,12.4,65.83,9.74,25.76,1076.0,0
4807,79.13,1797,68.43,2.22,13.99,70.63,10.16,20.96,8497.4,0
4808,95.83,2192,62.46,3.99,11.78,86.6,10.06,31.29,1679.2,0
4809,105.13,1752,61.28,2.02,13.04,100.36,8.63,83.74,8313.8,0
4810,82.97,2556,45.56,2.63,13.59,75.35,9.79,31.78,3615.1,0
4811,97.08,1701,56.76,3.11,11.54,97.78,9.46,36.23,4627.4,0
4812,65.03,2358,61.66,2.29,14.87,58.03,10.4,58.05,4682.2,0
4813,95.91,2130,58.23,1.91,14.26,89.22,10.46,22.75,7160.2,0
4814,78.35,2350,48.33,0.8,13.72,66.15,10.44,38.46,7339.9,0
4815,91.69,1878,51.3,1.65,12.43,85.5,9.97,66.6,6442.8,0
4816,85.03,1963,52.36,1.68,13.15,77.83,10.46,44.81,7760.3,0
4817,103.84,2267,50.73,2.7,13.83,96.08,10.32,89.07,182.2,0
4818,77.51,2341,63.53,2.12,12.3,71.28,9.95,21.88,5097.6,0
4819,95.53,2197,43.02,4.27,13.06,85.37,10.2,48.07,5287.9,0
4820,84.65,3394,56.15,2.23,13.93,82.62,11.05,53.41,2469.5,0
4821,86.1,1506,48.23,3.35,12.0,74.69,10.01,50.66,5608.1,0
4822,85.79,2155,48.92,2.7,13.47,77.83,10.95,30.2,4724.9,0
4823,77.85,1098,44.79,2.69,11.8,65.95,9.34,36.78,4773.9,1
4824,87.83,2460,50.77,3.25,12.44,88.07,9.37,72.35,1272.7,0
4825,87.25,1419,65.21,0.41,12.8,86.56,9.13,44.93,4409.1,0
4826,90.89,2005,56.54,2.44,13.61,83.77,11.02,32.44,7687.7,0
4827,89.01,1940,47.91,2.21,12.64,79.5,11.35,95.04,4158.9,0
4828,97.58,2397,60.23,1.72,13.3,91.24,8.72,57.16,4926.2,0
4829,99.08,1813,62.68,2.73,12.65,89.33,9.71,64.95,9678.5,0
4830,75.39,1783,56.12,3.73,12.78,64.45,8.61,67.78,8730.7,0
4831,98.43,3205,64.72,0.85,14.2,88.43,13.69,59.62,9294.1,0
4832,73.76,2399,59.2,2.2,12.28,65.45,7.05,40.4,869.0,0
4833,95.05,1807,59.42,1.37,13.81,86.77,8.31,56.63,6223.9,0
4834,95.44,2024,50.07,2.52,13.2,89.28,11.62,39.94,2311.8,0
4835,65.06,3352,56.18,2.8,12.74,57.23,10.27,69.34,4102.0,0
4836,89.12,2035,56.21,1.98,12.23,84.19,8.14,50.73,6829.5,1
4837,82.38,1718,58.7,2.87,12.28,76.73,10.8,72.69,5831.3,0
4838,78.89,1721,51.49,3.63,12.61,69.35,7.15,29.29,5106.7,1
4839,104.21,1816,56.02,4.5,13.08,97.6,11.12,67.06,8163.0,0
4840,80.16,1784,50.56,1.76,13.68,74.37,7.13,64.78,6857.7,0
4841,78.32,1304,43.55,0.68,12.96,68.98,6.49,44.85,8228.3,1
4842,88.91,1413,62.14,2.63,13.01,79.77,9.0,64.88,9326.1,0
4843,96.23,1619,46.68,3.57,13.13,88.87,8.3,59.89,7148.5,0
4844,86.3,2614,54.41,3.38,13.58,78.75,10.79,70.83,4014.4,0
4845,102.0,1933,57.03,3.7,13.72,92.75,12.16,65.47,2206.5,0
4846,94.37,2055,56.79,2.29,12.09,83.46,9.72,55.13,2782.1,0
4847,61.86,3089,51.26,2.45,12.97,53.26,12.28,48.41,4026.6,0
4848,81.65,3107,54.43,3.04,14.18,77.22,11.43,48.28,7426.9,0
4849,81.26,2003,57.84,2.19,12.15,73.92,10.52,49.52,497.5,0
4850,93.75,1758,59.84,2.87,13.26,86.97,6.62,69.21,8161.4,0
4851,56.5,1595,66.38,3.04,13.06,51.66,8.66,64.01,7605.5,0
4852,118.59,2685,54.83,3.6,12.75,109.09,12.28,78.03,5044.2,1
4853,94.37,2057,55.21,2.88,14.47,84.65,9.48,76.27,4056.7,0
4854,89.79,1929,49.67,2.61,13.23,79.61,11.84,49.04,1215.7,0
4855,102.18,1630,58.25,2.92,14.41,97.15,8.96,90.83,2968.0,0
4856,116.12,1661,59.5,0.73,13.2,107.65,8.15,49.69,1185.3,1
4857,98.45,2424,52.92,2.81,13.57,90.47,11.55,46.47,8207.0,0
4858,99.39,1279,59.62,2.17,12.74,90.46,7.21,56.14,5142.4,0
4859,89.57,2896,51.42,3.02,12.75,81.18,11.1,68.85,2543.2,0
4860,86.3,1826,59.37,2.3,13.53,78.34,10.89,37.93,279.1,0
4861,82.29,2095,60.3,2.84,13.54,74.69,10.15,51.2,5286.8,0
4862,78.09,1264,61.91,1.66,13.68,66.77,7.86,40.45,7545.7,0
4863,79.76,2191,55.36,3.44,13.5,74.34,9.18,57.78,7688.3,1
4864,71.79,1970,48.9,2.82,12.13,64.31,10.51,69.54,2222.8,0
4865,87.09,2165,50.99,2.64,12.55,75.85,8.36,49.47,9951.1,0
4866,67.78,3230,56.21,2.45,13.88,62.22,11.67,72.64,5730.9,0
4867,90.29,2324,69.01,3.25,11.63,84.57,12.8,27.97,3386.9,0
4868,87.56,1644,53.65,2.46,13.43,77.36,9.71,69.46,3988.8,1
4869,89.76,1702,58.3,1.71,13.11,86.03,8.93,42.94,1331.9,0
4870,81.73,2617,50.45,2.68,13.88,71.75,10.12,48.07,4984.2,0
4871,124.92,3109,46.7,3.45,13.53,118.39,11.98,68.46,7557.6,1
4872,104.32,2397,50.03,3.07,12.67,95.09,9.99,65.24,4153.2,1
4873,73.07,2682,41.21,3.15,12.63,68.73,10.25,55.65,8681.8,0
4874,90.79,2627,61.83,2.81,12.78,79.24,11.46,39.78,4819.8,1
4875,80.7,3193,39.26,3.81,13.66,76.36,13.07,51.37,9016.0,0
4876,75.83,835,55.8,2.99,11.36,65.65,5.08,48.72,7061.7,0
4877,71.92,2667,46.68,3.34,13.33,67.45,7.12,67.6,644.6,0
4878,93.19,2889,47.87,2.38,12.49,79.76,13.08,42.67,763.5,0
4879,79.82,1263,64.76,1.27,13.35,72.04,8.28,36.57,8021.1,1
4880,99.61,1580,56.96,1.83,13.48,85.76,9.51,56.54,3632.6,0
4881,99.93,1604,49.91,3.83,11.87,94.38,10.03,49.76,1973.5,1
4882,104.49,1690,51.97,2.54,13.02,97.81,9.49,54.87,8666.7,0
4883,77.77,1863,50.72,4.09,13.32,66.14,11.41,0.69,9834.7,0
4884,93.7,2370,53.95,2.52,13.27,89.98,10.95,50.12,8106.6,0
4885,95.59,2806,54.36,2.61,13.1,89.69,10.54,75.7,7278.8,0
4886,82.31,2957,64.48,2.82,12.22,72.82,10.41,47.22,109.5,0
4887,78.74,1614,44.31,2.2,12.35,73.8,8.53,61.21,1149.1,0
4888,107.31,1609,55.44,1.65,12.1,97.75,8.76,27.28,6742.3,0
4889,90.73,3121,50.83,2.04,13.64,82.22,13.41,29.27,4154.7,1
4890,95.63,2653,59.31,3.14,13.11,92.17,11.0,66.07,292.8,0
4891,78.14,2258,56.65,3.41,13.16,67.23,8.24,54.26,7434.6,1
4892,73.37,2531,57.55,4.65,11.84,69.16,10.38,50.27,4245.8,0
4893,81.17,2179,56.74,2.18,13.17,70.85,11.36,71.8,6622.4,0
4894,86.51,2567,48.26,2.42,13.71,78.13,11.68,50.97,4736.5,0
4895,75.23,1965,62.4,1.82,11.73,68.59,8.19,40.94,362.3,0
4896,87.88,2388,59.0,3.53,12.77,83.2,8.85,41.31,6395.7,0
4897,67.74,1143,62.31,2.72,11.94,58.75,9.32,29.61,7902.1,0
4898,74.56,1719,63.21,1.62,12.86,69.18,6.76,61.44,1644.2,0
4899,96.05,1726,57.99,1.6,12.48,84.43,9.92,45.91,8921.7,0
4900,95.25,1938,63.95,3.18,13.5,83.51,9.08,76.28,1897.5,1
4901,83.3,1551,58.17,2.55,13.34,70.37,10.34,0.0,4286.1,1
4902,75.79,1827,54.09,2.98,14.23,66.94,7.65,71.22,5319.2,0
4903,75.67,1140,56.74,1.36,13.16,68.88,6.93,55.83,3207.3,0
4904,83.52,2584,53.7,1.21,13.47,76.41,11.06,55.49,5054.5,0
4905,95.73,2142,51.53,1.81,12.75,88.84,11.04,28.83,7211.7,0
4906,99.14,1006,66.69,2.55,12.32,90.39,10.14,14.64,7173.1,0
4907,82.04,1616,57.56,3.97,13.87,72.73,9.39,66.52,9230.6,1
4908,74.16,2436,54.76,2.3,14.19,62.46,10.19,61.26,8634.7,0
4909,91.21,1820,57.65,4.19,13.76,83.15,10.71,57.18,9852.5,0
4910,78.12,1712,73.5,2.98,13.3,74.33,7.18,50.02,5994.3,0
4911,81.78,2148,47.93,1.4,12.42,75.0,8.55,71.68,4065.1,0
4912,103.9,2441,48.94,2.82,14.11,91.24,9.28,44.73,2477.0,0
4913,97.93,1195,48.25,2.78,13.66,94.6,5.52,42.24,2515.3,0
4914,89.9,2585,52.4,0.77,14.82,79.68,11.56,53.78,1594.1,0
4915,72.74,1640,57.27,2.8,12.28,65.91,10.25,47.37,7294.0,0
4916,90.54,2187,51.8,3.47,13.89,85.19,10.64,81.66,6577.0,0
4917,100.75,2175,51.32,2.85,13.64,91.57,10.77,29.76,2993.7,0
4918,83.49,1831,56.2,2.32,12.93,70.81,9.3,13.69,8932.2,0
4919,104.21,1483,52.91,2.08,14.29,95.19,9.46,21.62,5567.6,0
4920,103.51,2000,56.75,2.26,13.52,96.3,12.18,67.47,783.3,0
4921,107.96,3338,58.87,2.11,12.45,103.85,14.17,59.81,708.4,0
4922,91.66,1247,60.53,1.56,13.11,83.96,7.9,17.31,1517.6,1
4923,95.05,3385,57.46,2.74,12.44,91.05,13.26,64.1,2191.5,0
4924,104.97,2018,61.36,2.55,12.83,97.9,11.7,47.43,8885.6,0
4925,93.37,2225,56.2,2.11,13.76,85.56,10.91,66.34,7806.6,1
4926,81.99,1439,55.19,1.5,13.99,81.07,9.02,66.32,2097.1,0
4927,82.62,1660,51.06,2.9,13.38,70.45,9.33,102.12,2560.1,0
4928,90.86,1848,52.92,2.68,12.6,86.58,7.7,29.24,6404.2,0
4929,72.51,1468,53.0,1.78,13.51,65.07,6.38,13.35,8728.1,0
4930,86.28,2054,59.27,2.88,13.78,76.68,10.57,65.9,3235.6,0
4931,101.16,1915,57.15,2.05,11.62,89.23,8.62,73.02,5302.4,0
4932,61.7,3496,56.33,3.17,13.29,56.08,9.26,37.26,8914.7,1
4933,106.41,1384,49.14,2.95,13.05,105.94,6.83,24.61,7729.3,0
4934,101.47,2272,62.95,2.09,13.96,90.23,9.91,62.32,8925.9,0
4935,82.48,2373,51.71,1.68,13.51,78.23,10.42,90.33,2852.9,0
4936,94.52,1451,49.44,2.09,13.59,85.44,9.56,32.97,6940.2,1
4937,88.04,2681,50.98,1.67,12.81,78.77,11.65,59.63,1228.7,0
4938,102.76,1921,69.95,2.19,13.2,104.52,9.53,15.34,6200.5,0
4939,99.79,700,55.18,1.78,13.95,96.64,8.2,42.03,3109.9,1
4940,71.2,2662,51.81,0.78,13.15,64.58,11.02,55.5,7044.7,0
4941,95.05,1418,54.95,2.61,13.34,94.8,9.54,79.66,1504.6,0
4942,85.53,1467,55.17,2.06,11.97,81.55,8.02,36.47,6689.2,0
4943,88.99,2682,48.92,3.7,13.15,80.63,11.02,71.62,7114.3,0
4944,79.26,1957,55.98,2.6,11.59,71.53,6.85,38.11,8585.8,0
4945,108.98,2842,59.62,3.42,12.79,100.07,11.6,60.66,6902.1,0
4946,100.48,3047,54.7,3.87,13.25,91.13,10.87,101.63,5276.4,0
4947,79.12,1749,48.87,2.23,13.81,76.17,10.74,88.15,7863.2,1
4948,71.98,2755,51.5,2.79,12.4,67.84,9.0,97.54,2915.9,0
4949,83.37,1671,52.36,1.04,13.5,73.09,9.09,59.78,6806.9,1
4950,93.21,3763,51.74,4.24,14.37,80.64,11.92,60.17,7272.8,0
4951,90.88,1715,63.52,2.21,12.69,85.78,8.61,57.79,3986.2,0
4952,103.04,2918,52.16,2.06,11.96,94.26,11.96,68.63,9890.8,0
4953,97.48,2791,52.81,3.4,13.43,87.06,10.62,66.33,3625.3,1
4954,99.63,2421,64.74,0.9,12.25,90.92,12.87,42.1,936.5,0
4955,91.92,1731,60.75,1.99,12.54,84.67,6.97,37.15,3104.4,0
4956,71.33,2094,58.34,3.22,13.94,65.25,9.92,42.44,1084.4,0
4957,85.65,700,69.34,1.65,14.7,71.7,7.47,67.41,3459.1,0
4958,100.72,2357,57.13,2.04,12.4,92.43,10.53,79.52,1365.9,0
4959,87.38,2445,42.18,2.32,12.61,78.21,10.61,120.14,4451.4,0
4960,94.04,2293,59.35,0.97,12.85,85.06,11.45,64.07,7802.0,0
4961,84.18,700,48.05,2.57,12.76,78.61,7.84,30.23,767.7,0
4962,75.64,1314,59.14,2.04,14.75,67.49,9.35,40.11,5674.8,1
4963,86.52,1676,45.36,2.09,12.78,79.49,9.12,48.71,533.9,0
4964,91.71,2404,51.35,2.42,12.89,84.73,9.1,86.35,8857.6,0
4965,80.13,2403,52.04,2.64,14.49,71.18,9.83,70.87,9221.7,0
4966,85.17,2081,50.22,3.01,13.66,79.92,11.01,27.35,4974.3,0
4967,76.73,2645,51.67,2.7,13.99,72.34,9.68,56.53,7715.4,1
4968,101.43,1482,62.13,1.13,12.48,91.92,8.0,21.26,5969.8,0
4969,84.47,2627,49.47,3.19,12.78,78.06,11.17,69.41,3472.6,1
4970,105.43,2532,57.08,3.09,12.37,98.47,11.42,42.86,2526.9,0
4971,106.34,2464,48.15,2.82,13.84,104.13,10.02,44.36,7610.1,0
4972,87.03,2073,53.71,3.34,14.18,76.14,9.4,16.66,4356.8,0
4973,75.9,3482,54.03,3.14,12.72,66.33,11.19,77.83,9210.4,0
4974,62.97,2545,48.06,3.58,12.91,52.85,9.55,81.24,9759.4,0
4975,70.34,1522,48.17,3.36,12.94,61.17,9.05,37.07,2182.9,0
4976,71.51,2374,57.28,3.08,11.96,68.06,9.1,52.8,5654.5,0
4977,104.54,2727,60.17,2.18,12.66,95.85,12.11,48.57,5415.6,1
4978,89.39,1788,54.92,2.25,13.82,83.22,8.7,48.16,8694.2,0
4979,92.68,2962,50.29,3.87,12.5,87.56,13.21,43.18,6940.8,1
4980,61.35,2467,55.14,1.46,13.27,51.85,11.4,34.6,6113.0,0
4981,73.62,700,58.0,1.69,12.15,60.65,6.12,73.37,6822.3,1
4982,98.64,2410,55.56,2.36,13.08,86.16,9.12,3.46,3955.6,1
4983,91.44,1916,39.96,1.72,12.75,81.57,10.77,63.38,9606.9,0
4984,86.23,2576,47.43,3.41,12.22,78.32,10.72,62.92,670.5,0
4985,94.78,2861,48.15,3.14,13.83,87.42,11.8,92.04,388.4,0
4986,107.63,2337,55.1,2.03,13.88,102.34,10.01,51.09,4214.3,0
4987,85.35,3366,53.38,3.55,12.42,78.16,11.4,54.57,1630.3,0
4988,88.83,2075,58.64,2.36,13.03,78.11,9.33,38.08,5493.5,0
4989,90.31,2637,55.24,2.02,13.24,76.84,11.01,64.74,189.2,0
4990,116.71,2763,45.48,2.22,11.75,111.15,10.26,44.22,4650.9,1
4991,62.81,2132,63.55,2.86,12.08,60.79,8.8,32.02,3019.8,0
4992,96.2,2745,61.07,3.54,14.23,89.79,9.5,43.53,2103.4,0
4993,86.62,1784,47.87,1.96,12.35,75.91,8.61,33.57,4502.0,0
4994,94.8,1904,57.13,2.84,14.21,80.58,9.58,33.11,8560.0,1
4995,80.11,1281,52.89,3.39,12.12,68.18,8.86,51.19,6588.4,0
4996,87.41,2369,55.08,1.61,13.73,75.56,10.85,52.12,1683.4,0
4997,96.54,2428,60.4,2.93,12.95,91.09,11.46,67.36,5038.8,0
4998,125.35,3025,65.49,3.58,13.06,119.82,10.67,62.9,9323.5,0
4999,97.7,2754,57.92,2.71,14.68,93.67,12.59,34.27,4448.3,0
5000,77.82,2001,56.81,3.44,12.2,71.82,8.48,11.35,4758.4,0
5001,82.91,1375,54.22,3.93,13.68,72.17,7.8,28.93,9419.4,0
5002,82.56,2503,55.1,2.95,13.64,69.69,10.49,72.09,1444.5,0
5003,66.45,2978,61.31,2.7,15.0,57.42,9.91,74.49,7376.9,0
5004,84.04,2729,53.28,3.56,12.34,76.8,10.99,77.87,3061.7,1
5005,96.79,2959,47.69,3.56,12.7,91.99,12.01,76.31,8672.3,0
5006,72.71,2052,45.25,0.46,13.85,65.05,8.23,75.85,638.2,0
5007,100.58,1873,58.24,2.39,13.04,91.97,9.63,61.17,9905.0,0
5008,93.85,1684,57.06,1.99,12.83,90.24,9.15,87.96,7709.2,0
5009,79.19,2161,50.84,2.84,13.97,68.42,10.69,60.64,2914.9,1
5010,86.3,2145,60.86,2.36,12.99,79.57,9.2,94.66,7632.5,0
5011,107.18,2345,51.65,2.54,12.49,96.6,10.18,43.34,9237.4,0
5012,96.8,2109,53.9,1.81,13.78,88.84,8.85,41.42,1217.9,1
5013,88.11,2106,54.67,3.09,13.5,79.21,8.68,50.59,9144.4,1
5014,85.15,1656,53.58,3.62,12.95,79.25,7.37,50.99,3665.7,0
5015,88.92,2859,54.67,2.16,12.91,81.95,10.08,52.53,163.9,1
5016,81.86,2254,61.42,1.45,12.47,71.93,11.68,66.11,1213.0,0
5017,62.74,2078,48.12,2.5,13.78,55.14,9.67,52.22,8859.5,1
5018,112.51,1677,58.41,2.28,12.91,107.82,11.51,39.72,9828.4,1
5019,89.86,1268,57.47,3.06,12.58,81.53,7.43,41.49,8964.2,0
5020,92.78,3116,53.64,1.97,12.17,83.62,9.11,84.85,4471.2,1
5021,87.31,2588,59.04,2.28,13.51,75.19,10.84,63.67,9618.0,0
5022,79.18,1063,57.2,0.31,12.79,67.72,10.12,14.65,4127.8,1
5023,85.77,2734,56.41,3.88,11.59,77.96,10.05,88.42,1225.6,0
5024,68.81,2846,57.7,3.03,12.24,62.45,10.32,67.54,3475.3,1
5025,115.33,2287,51.22,2.21,13.01,108.01,9.11,68.3,9984.4,1
5026,73.19,3319,54.23,1.99,13.04,66.76,11.1,80.29,6296.9,0
5027,75.62,2352,52.85,1.62,13.01,66.1,9.55,75.52,3466.0,0
5028,82.72,1208,55.8,2.43,12.89,71.59,5.72,30.67,6279.4,0
5029,103.46,2456,52.05,1.77,12.02,91.74,9.58,35.13,4348.4,0
5030,88.17,2371,57.06,2.7,12.5,81.41,8.83,103.96,590.5,1
5031,73.17,1778,56.01,3.98,14.15,66.7,6.86,38.5,2091.2,0
5032,103.05,2601,56.06,2.44,14.03,96.31,10.16,64.98,290.4,0
5033,96.77,1033,56.76,1.25,13.66,94.57,9.07,80.63,2622.4,1
5034,94.46,2893,43.53,3.16,13.59,90.07,10.41,50.29,7421.7,0
5035,96.59,1585,55.95,1.28,13.92,88.69,10.66,44.11,2013.9,0
5036,116.73,1511,56.17,3.61,12.3,107.59,9.44,69.39,5327.8,1
5037,114.22,2120,56.04,3.63,13.23,104.75,11.09,58.78,7045.9,1
5038,79.76,2503,50.46,2.55,12.3,74.1,10.67,66.72,5532.0,1
5039,107.49,2315,47.06,1.87,12.32,100.96,12.6,54.08,252.2,0
5040,92.6,1680,59.34,1.97,13.49,85.41,8.43,41.35,3697.1,0
5041,93.99,1846,53.61,2.14,13.96,87.13,10.11,46.22,4472.1,0
5042,67.69,1407,57.32,2.49,13.04,57.63,6.87,74.12,3493.3,0
5043,85.96,2043,53.22,3.3,14.52,81.88,11.66,48.14,5508.0,0
5044,78.25,2953,53.1,2.05,13.37,73.69,9.44,68.09,5180.2,0
5045,97.94,2197,51.83,3.35,12.58,90.83,10.71,35.61,1955.8,0
5046,100.85,2802,47.49,3.3,12.33,96.95,13.13,99.42,7544.5,0
5047,63.11,3219,55.54,2.59,14.01,60.81,9.13,67.49,1695.5,0
5048,87.74,1788,51.79,1.49,13.3,84.22,9.99,59.32,4643.8,0
5049,101.46,2069,55.75,2.57,13.74,94.19,8.99,72.74,7587.4,1
5050,85.76,3720,54.02,2.38,11.07,75.87,14.9,54.5,7002.9,0
5051,96.75,3211,48.99,3.81,13.4,86.79,9.46,84.94,4378.6,0
5052,92.21,1029,49.67,1.11,12.79,79.45,6.48,17.65,7910.3,0
5053,92.1,2471,68.57,3.1,12.08,83.79,9.11,44.34,7166.2,0
5054,84.74,2200,51.43,2.48,13.15,76.04,8.48,38.98,3906.9,0
5055,73.4,2779,57.25,2.35,14.07,66.15,10.89,20.86,8965.6,1
5056,74.54,1679,67.34,2.22,15.0,67.15,10.81,41.3,1505.4,0
5057,96.51,1612,60.45,3.14,13.39,82.27,10.71,50.43,3649.0,0
5058,88.23,1727,53.72,1.37,12.63,79.45,9.48,30.36,7008.3,0
5059,86.34,1800,54.99,2.03,12.58,77.29,9.26,27.91,8742.5,0
5060,82.91,2771,48.48,2.2,13.97,78.35,9.86,59.25,3293.5,0
5061,84.34,1373,61.55,2.14,12.4,75.11,9.01,48.44,5656.3,0
5062,100.56,1764,58.78,1.8,13.7,90.59,9.44,47.07,217.2,0
5063,83.98,948,54.02,0.59,13.43,72.65,8.11,22.16,3771.3,1
5064,71.91,2905,47.02,2.01,13.35,62.02,9.51,51.34,3376.3,0
5065,96.92,3090,44.82,4.25,11.95,89.3,10.11,47.01,8440.5,1
5066,85.54,1971,60.97,2.63,12.91,78.05,9.51,55.34,832.4,0
5067,88.38,1991,55.72,2.62,12.03,80.59,9.61,42.57,714.9,0
5068,107.29,2517,55.12,2.46,12.73,98.97,10.34,56.13,4482.8,0
5069,87.75,3232,47.58,2.96,13.93,75.95,10.52,34.98,4133.2,0
5070,91.47,2486,45.21,2.32,14.18,80.25,11.13,28.78,1699.4,1
5071,73.85,1712,61.42,2.74,13.37,63.59,9.22,63.22,2707.1,0
5072,85.36,1067,57.12,2.11,12.74,71.28,10.36,63.51,9744.5,0
5073,95.31,1419,61.54,1.25,14.47,95.28,10.65,42.46,5180.5,0
5074,69.34,2251,52.28,2.77,12.73,62.72,7.9,55.86,969.7,0
5075,90.41,1741,54.06,0.37,12.29,82.44,9.07,43.25,592.5,0
5076,89.21,2336,58.58,2.93,13.76,83.23,8.51,77.76,515.2,0
5077,88.5,1813,59.75,1.24,13.57,83.28,7.13,48.62,3951.3,0
5078,100.45,1459,60.77,2.13,12.77,97.6,11.86,40.58,8669.6,0
5079,92.01,1376,54.43,1.21,13.28,84.95,10.59,69.38,8345.9,1
5080,105.74,3294,55.98,3.03,13.55,95.05,11.41,46.08,3742.1,1
5081,76.08,2822,60.06,3.28,13.36,65.76,11.91,61.87,7766.8,0
5082,89.63,3411,51.52,4.29,13.57,83.89,13.45,41.3,7547.3,0
5083,89.01,2578,50.74,1.48,12.8,80.35,8.2,70.56,4881.7,0
5084,75.17,1899,63.32,3.18,13.62,63.1,10.03,69.5,4103.4,0
5085,99.48,3126,48.73,3.06,13.21,96.04,11.11,34.78,1887.4,0
5086,115.9,2177,58.24,2.17,12.82,108.37,11.31,25.97,2859.8,0
5087,87.8,2355,53.92,3.22,13.0,78.94,13.74,61.7,3453.1,0
5088,94.06,2170,43.56,2.34,13.12,86.03,11.97,93.64,8145.9,0
5089,89.01,700,64.35,2.57,12.04,78.46,7.54,63.68,5574.2,0
5090,79.44,3323,35.84,2.25,12.69,75.93,13.0,57.49,2089.1,1
5091,66.15,2544,42.12,2.19,13.25,61.17,7.35,39.98,1048.7,1
5092,79.53,2431,57.34,3.4,12.12,69.48,10.56,32.06,5017.0,1
5093,71.3,2157,57.93,3.71,12.7,68.4,9.89,69.08,6696.5,0
5094,108.45,2314,50.41,2.56,15.0,98.01,11.64,74.14,8206.9,0
5095,86.62,1782,56.31,0.2,12.3,77.27,8.62,39.87,7993.4,0
5096,83.85,2632,38.56,2.57,12.89,73.62,10.87,52.66,8259.1,1
5097,98.67,1285,60.59,2.15,12.53,92.08,9.93,50.45,4533.7,1
5098,74.54,2330,55.9,2.41,13.11,65.01,6.84,92.04,8670.0,0
5099,78.8,2593,53.58,2.99,12.55,74.31,9.79,58.66,4501.6,0
5100,88.82,2061,54.98,2.1,13.01,82.06,8.64,34.55,1764.4,0
5101,100.35,2460,56.95,3.33,12.63,92.24,11.52,33.42,4034.0,0
5102,94.02,1506,55.76,1.29,14.04,88.72,10.73,32.61,3466.2,0
5103,90.98,1524,44.67,3.23,13.27,82.33,8.26,76.22,3982.6,0
5104,88.94,2366,67.42,3.85,12.4,84.37,8.88,66.26,6620.3,0
5105,92.8,2675,60.81,2.02,13.87,84.0,10.93,50.94,6603.5,0
5106,90.42,888,49.48,1.27,12.43,77.19,6.64,0.0,2326.5,0
5107,75.64,2565,51.85,3.03,11.95,71.41,9.75,40.14,3227.7,0
5108,88.55,1820,53.92,1.42,13.2,80.62,8.96,59.6,5994.0,0
5109,75.12,2065,61.4,2.09,14.73,71.97,9.95,61.23,932.9,0
5110,88.97,1262,43.5,3.0,11.74,83.47,8.91,56.24,6917.8,0
5111,82.23,1604,52.81,2.86,12.14,72.13,9.0,24.48,1871.0,0
5112,118.47,2876,42.48,4.43,13.8,111.76,13.95,62.6,8522.0,0
5113,87.52,2223,52.83,2.69,12.69,77.29,10.25,35.62,4075.7,0
5114,71.15,1932,52.38,1.93,13.69,62.08,8.41,53.43,2286.0,0
5115,86.39,2118,55.23,2.54,12.53,78.58,9.37,39.16,6711.4,1
5116,94.23,2542,50.23,2.57,13.31,89.32,9.72,78.46,5584.9,1
5117,108.08,2508,49.34,2.57,14.6,98.02,9.85,63.6,1802.2,0
5118,80.93,2147,58.45,2.5,12.24,72.01,7.91,51.82,8288.9,0
5119,69.01,2965,55.89,2.14,14.02,65.59,11.75,87.2,4587.6,0
5120,97.8,2879,56.47,3.07,13.74,92.7,10.41,51.63,1607.2,0
5121,71.43,2489,53.04,1.54,12.01,71.74,10.14,28.43,7982.2,0
5122,82.77,2238,51.11,1.98,13.65,78.86,9.42,76.35,1421.0,0
5123,84.91,2660,52.97,2.65,13.26,77.85,10.45,62.8,9683.6,0
5124,87.16,2420,57.15,0.83,13.27,82.33,11.59,49.95,4473.9,0
5125,96.27,2943,39.99,3.49,13.47,90.76,11.52,46.58,7309.4,0
5126,79.8,2830,55.74,1.18,12.92,67.62,9.46,68.99,4574.5,1
5127,84.72,1487,57.88,2.75,13.26,73.63,8.04,67.0,1956.9,1
5128,87.83,1440,56.48,1.16,13.39,81.91,9.79,35.1,7605.3,0
5129,89.8,1709,54.66,2.0,13.8,79.41,9.81,63.36,2964.6,0
5130,89.17,2883,37.81,3.26,11.98,77.53,12.08,64.11,6855.9,0
5131,93.23,1097,54.12,3.8,14.23,83.38,8.15,31.79,2648.0,0
5132,98.13,2476,64.71,2.76,12.28,89.23,9.0,56.74,2487.0,1
5133,92.71,2454,54.12,1.07,13.81,81.42,11.06,45.59,4628.7,0
5134,93.44,3014,51.08,3.67,13.26,83.13,11.62,84.69,8180.8,0
5135,69.01,2326,54.54,2.41,12.18,64.65,9.76,42.78,6175.0,0
5136,88.6,1260,58.59,2.17,13.62,81.17,6.86,79.54,740.2,0
5137,93.75,1528,59.84,2.68,12.44,87.41,8.33,53.6,7365.3,0
5138,96.75,1373,54.81,0.39,14.06,85.29,7.84,15.13,5839.7,0
5139,79.69,1823,57.93,2.38,12.63,73.43,9.53,9.28,6273.3,0
5140,80.09,2072,64.95,2.15,12.0,74.35,9.96,50.06,3600.4,0
5141,81.11,1384,62.29,3.15,14.43,70.03,8.39,76.78,5606.0,0
5142,94.44,3229,66.53,3.58,13.35,85.66,12.84,85.79,3781.7,0
5143,100.41,1272,52.42,0.82,13.89,86.07,10.74,52.76,906.9,0
5144,83.11,3142,62.78,3.97,12.52,77.7,11.57,45.91,8459.9,0
5145,98.9,3030,48.11,3.27,11.69,92.45,12.34,51.63,6812.5,0
5146,89.48,2829,55.44,1.59,14.54,78.12,10.25,62.92,6737.3,0
5147,86.51,1714,59.96,2.37,13.19,82.35,8.25,73.83,2017.4,0
5148,85.46,2440,51.05,3.48,13.59,73.5,11.39,67.82,6669.6,0
5149,96.96,1306,56.84,1.17,13.73,92.58,7.83,69.0,2397.1,1
5150,91.91,2838,58.75,3.93,12.93,82.08,11.83,71.7,6906.6,0
5151,115.31,2148,50.26,1.31,13.38,112.84,12.85,73.47,3402.0,0
5152,77.77,1913,65.23,1.78,14.48,69.64,9.9,8.06,1659.4,0
5153,94.22,1343,47.95,1.4,13.17,90.33,8.74,32.01,9072.0,0
5154,81.65,700,69.26,3.1,13.95,67.87,5.82,23.9,1136.0,1
5155,77.57,1473,62.11,1.82,11.61,72.78,8.65,26.64,7641.7,1
5156,87.87,2979,52.49,1.96,14.1,82.36,12.28,59.79,1107.6,0
5157,89.65,1918,52.72,2.77,11.98,80.04,9.32,24.36,6878.7,1
5158,123.02,2081,51.57,3.02,14.01,116.82,12.18,35.41,1192.8,0
5159,85.79,2659,52.86,3.28,13.51,75.69,10.95,55.78,5137.4,0
5160,74.44,3464,51.84,2.89,13.12,68.57,11.68,30.51,1961.2,0
5161,91.28,3128,60.24,3.16,13.12,85.64,11.03,50.84,8679.2,0
5162,63.1,1519,67.9,1.71,13.0,55.19,6.27,63.69,4074.7,0
5163,86.9,840,58.5,3.34,12.54,82.55,7.32,22.33,252.7,1
5164,88.19,3852,46.2,4.2,13.04,79.0,11.87,80.84,6318.8,0
5165,97.54,3788,48.07,4.12,14.97,86.9,13.31,48.41,4506.9,1
5166,99.68,2332,53.15,3.23,14.24,90.02,10.49,61.22,8611.4,0
5167,81.96,1311,50.22,2.56,12.5,72.03,9.66,27.54,4388.1,0
5168,86.19,2874,46.17,1.85,13.41,83.97,11.19,68.11,4170.3,0
5169,78.81,2124,67.37,3.01,13.28,72.19,8.86,48.47,4595.5,1
5170,74.46,2121,56.64,2.6,13.09,67.14,8.33,63.85,8612.6,0
5171,91.72,2826,48.31,3.83,12.4,79.36,10.25,47.85,5909.5,1
5172,72.72,2434,59.11,3.29,13.56,66.46,9.91,67.53,6726.7,1
5173,83.02,1370,49.2,2.61,13.88,81.93,8.04,66.96,7232.1,1
5174,76.06,1973,48.53,1.09,12.53,71.07,7.85,56.03,9381.4,0
5175,94.6,2663,48.8,2.68,14.76,88.58,12.04,48.19,8391.5,0
5176,109.62,2557,63.67,2.25,14.42,108.09,11.38,52.47,9280.1,1
5177,72.38,2383,52.79,2.82,13.64,61.47,9.96,30.82,3498.7,0
5178,65.76,2853,38.76,2.5,12.21,62.47,9.12,62.98,2226.9,1
5179,86.5,1947,62.36,2.21,13.52,77.16,8.22,65.94,2113.6,1
5180,88.19,2325,52.49,2.96,13.43,83.47,9.9,87.08,8592.2,1
5181,90.62,700,46.47,1.65,13.61,78.1,5.31,72.17,8322.9,0
5182,82.64,1885,53.34,2.5,14.47,75.47,10.18,33.57,6539.1,0
5183,85.59,2735,56.65,1.57,13.06,79.03,9.78,62.45,723.1,0
5184,92.41,1927,57.53,1.75,14.84,82.83,9.33,50.7,3248.7,0
5185,100.49,1874,65.95,2.92,13.53,95.51,10.36,77.4,7368.6,0
5186,64.54,1471,51.06,1.23,12.97,54.81,7.72,36.44,2560.8,0
5187,83.57,2902,53.48,3.85,15.0,77.02,9.4,76.78,6278.2,0
5188,90.57,2584,49.6,3.49,13.86,84.35,12.38,37.56,5473.1,0
5189,76.98,2778,44.24,2.59,12.84,69.25,8.55,56.35,2700.5,0
5190,108.77,992,62.19,4.4,13.27,104.04,6.14,30.06,9349.9,0
5191,80.38,2088,57.63,3.48,13.71,72.95,10.52,15.03,2641.7,0
5192,87.5,2004,56.68,1.69,13.08,78.49,7.84,35.74,8958.4,0
5193,94.67,2004,57.5,3.05,13.31,93.6,11.35,48.67,5455.2,0
5194,80.9,1769,51.37,2.4,12.55,69.63,9.46,80.94,1009.1,0
5195,65.84,1958,49.17,1.81,11.85,55.39,9.11,31.8,8352.9,0
5196,82.86,2795,53.65,1.95,13.29,80.42,9.93,46.45,7935.2,1
5197,100.35,861,64.15,2.8,13.31,98.38,7.34,18.16,8326.6,0
5198,83.96,3444,61.77,2.62,13.62,73.43,11.18,85.57,6417.7,1
5199,77.84,2539,58.74,2.61,12.74,67.55,9.0,47.82,7145.0,0
5200,99.11,2170,54.75,1.79,12.13,89.24,11.7,48.05,9079.9,0
5201,84.03,2835,54.95,2.23,12.43,80.31,9.83,51.85,1364.2,0
5202,81.88,1184,56.72,1.98,14.04,68.39,8.77,9.89,922.1,1
5203,89.79,1735,49.35,2.64,12.67,84.06,10.48,22.88,1338.2,0
5204,97.25,2115,54.84,0.43,12.85,88.53,9.04,35.46,8713.7,0
5205,116.58,3156,44.49,2.98,12.95,107.83,12.79,73.06,5673.0,1
5206,97.93,2167,53.84,1.93,12.7,85.15,9.13,4.82,1843.0,0
5207,101.92,2515,63.69,3.8,12.65,93.54,10.66,67.72,1502.9,0
5208,81.93,1787,60.38,4.71,12.5,72.68,8.52,59.39,4509.7,0
5209,75.69,2541,48.44,2.41,14.32,67.92,9.15,20.75,8175.8,0
5210,88.75,3374,51.79,1.69,13.74,84.34,11.88,55.7,8071.2,0
5211,89.29,2897,48.17,2.95,14.2,88.24,9.54,82.46,8527.4,0
5212,75.06,2143,54.4,2.35,14.36,66.96,10.48,33.25,7712.6,0
5213,85.9,2673,59.9,4.33,11.32,82.13,9.24,46.8,710.0,1
5214,92.79,2604,57.66,4.06,13.47,83.74,9.16,112.65,7229.7,0
5215,92.32,2555,68.75,3.39,12.73,83.88,10.29,63.65,5237.7,1
5216,94.05,2978,60.14,2.42,14.09,85.68,10.84,54.51,7291.5,0
5217,91.49,2973,54.24,3.43,12.61,86.65,11.61,50.1,4894.4,0
5218,81.92,2111,58.86,2.71,12.36,70.81,9.66,61.93,4887.0,0
5219,81.83,2649,52.51,2.94,12.05,72.41,8.41,71.39,1348.7,0
5220,73.61,1932,48.44,1.17,12.96,69.16,10.18,10.28,9061.7,0
5221,109.42,1554,63.58,3.1,13.93,95.21,9.35,6.44,3808.8,0
5222,88.16,2011,61.01,2.54,13.4,80.79,9.92,33.91,5865.5,1
5223,85.3,2147,53.26,2.44,12.24,81.3,12.37,51.6,2150.8,0
5224,76.85,1037,58.62,1.54,14.92,71.13,9.31,49.53,3752.0,0
5225,123.23,2802,60.61,2.18,13.72,119.75,12.29,24.54,8718.7,1
5226,75.12,700,62.74,2.25,13.82,63.04,5.56,41.9,2175.0,1
5227,82.85,4100,42.03,2.0,14.23,71.61,10.95,64.97,2140.4,0
5228,92.99,3251,53.91,3.64,11.89,82.77,13.05,44.31,2678.9,0
5229,95.2,2017,53.9,1.61,12.47,85.55,9.4,43.21,5789.1,1
5230,99.5,2207,61.18,0.9,13.86,87.75,10.12,40.51,5254.8,0
5231,109.69,2412,60.21,4.09,12.55,102.42,9.61,65.56,1835.7,0
5232,94.07,1788,63.28,1.67,12.98,84.81,10.03,52.66,6950.5,0
5233,75.33,2335,47.68,2.02,13.14,69.76,11.03,32.96,9084.6,0
5234,84.92,2099,50.1,3.4,12.18,77.38,11.47,73.5,2068.4,0
5235,91.69,2134,61.38,3.99,12.91,82.34,9.4,27.26,6762.2,0
5236,112.82,2327,50.63,1.37,13.93,114.06,11.74,21.5,5905.2,0
5237,71.23,1281,47.39,1.36,13.78,65.09,7.82,44.58,3356.5,1
5238,102.43,2228,57.64,1.85,14.09,93.94,11.51,50.16,6216.5,0
5239,90.16,2314,51.06,3.34,14.01,82.39,10.15,57.14,2178.1,0
5240,98.05,2290,65.08,3.89,13.52,91.41,9.4,31.91,8356.2,0
5241,86.78,2049,56.67,1.61,13.46,77.01,11.22,71.96,319.9,1
5242,77.89,2997,54.01,4.03,13.4,72.01,10.86,94.07,5713.9,1
5243,97.01,1952,52.81,1.86,12.7,92.68,9.43,53.08,3255.9,0
5244,95.85,2359,63.76,2.88,12.38,84.3,10.63,62.27,8825.5,0
5245,99.66,3108,54.85,1.93,12.65,88.54,10.79,18.15,5043.7,1
5246,87.84,2144,52.24,2.42,12.94,81.64,10.31,45.97,8044.6,0
5247,80.8,2350,49.56,2.52,12.68,73.01,9.64,41.98,9245.8,0
5248,69.29,2133,54.39,2.26,13.53,58.76,8.2,37.43,3410.1,0
5249,97.83,3066,46.92,3.24,13.36,89.7,14.4,47.05,8815.4,0
5250,93.09,2020,61.09,1.65,13.45,83.5,8.6,42.76,7290.2,0
5251,76.41,3098,42.0,2.24,13.48,66.98,11.27,31.29,1170.9,0
5252,81.54,2127,53.93,2.86,14.16,74.49,9.64,44.82,1128.8,0
5253,82.4,1598,59.48,3.34,13.19,72.85,7.58,30.56,8191.7,0
5254,70.2,2676,55.79,2.74,14.01,65.1,9.59,73.62,4736.3,0
5255,78.19,1987,50.76,2.85,13.61,69.0,7.63,60.33,5002.0,0
5256,74.39,2634,57.76,3.34,14.1,66.62,12.56,64.24,8923.3,0
5257,83.05,700,52.3,2.66,14.49,76.13,7.16,65.54,9047.7,1
5258,79.14,2204,54.49,1.78,13.66,74.88,9.38,38.5,1215.8,0
5259,68.48,1878,59.25,1.77,13.28,60.08,11.07,58.47,3799.1,0
5260,112.27,1456,58.7,1.65,13.28,104.16,8.65,71.94,8962.7,0
5261,103.03,1813,51.22,3.91,12.82,97.55,11.4,34.75,8216.6,1
5262,78.65,1798,62.63,2.77,12.8,75.44,9.69,12.01,7238.0,0
5263,91.27,2166,55.15,2.9,13.92,88.2,7.59,40.98,1109.5,0
5264,93.01,1243,60.92,2.4,12.43,85.77,8.2,68.39,6249.8,0
5265,102.29,2421,63.23,1.58,14.49,93.37,11.26,37.27,5860.3,0
5266,78.18,3156,59.43,4.52,13.08,64.63,11.04,51.44,1755.0,0
5267,101.11,2397,60.83,3.01,15.0,93.24,10.7,40.59,7761.2,0
5268,81.43,2766,54.64,3.37,12.65,78.3,9.8,54.59,3188.6,0
5269,71.97,2966,57.91,1.47,13.4,64.59,9.64,38.63,6244.2,1
5270,96.69,3066,54.08,3.55,12.92,84.94,11.14,30.53,3682.2,1
5271,103.49,3509,44.61,2.84,12.57,97.54,14.76,54.04,935.5,0
5272,119.05,1851,56.91,1.32,14.05,107.7,9.38,47.5,5295.5,1
5273,73.6,1697,57.21,1.55,12.32,65.08,8.07,74.31,3135.8,0
5274,96.39,2748,56.94,1.77,12.66,86.45,11.06,59.62,806.0,0
5275,83.08,2696,52.85,1.74,13.67,69.51,8.72,34.54,2065.2,1
5276,97.4,2743,48.87,2.83,13.8,94.91,11.57,43.62,6226.7,0
5277,70.35,3522,55.98,2.83,12.09,59.66,9.73,77.2,1103.7,0
5278,72.85,2208,46.78,2.81,13.67,65.13,8.08,46.57,965.9,0
5279,78.69,2498,62.79,4.02,13.3,73.54,8.66,34.93,9445.8,0
5280,88.95,1514,54.56,2.13,12.47,81.25,6.94,52.53,1164.5,0
5281,80.31,3695,53.11,1.42,12.57,67.23,13.4,48.17,3823.0,0
5282,95.91,1964,58.36,2.24,11.57,83.9,10.45,63.15,1420.8,0
5283,100.32,1984,58.48,3.4,14.57,98.32,11.12,60.96,9398.8,0
5284,95.19,1957,46.57,2.36,14.01,89.5,10.79,30.6,4863.5,0
5285,107.43,1749,60.31,3.56,12.17,96.6,9.71,87.99,1200.1,0
5286,92.99,1689,57.39,2.67,13.84,85.06,9.28,49.48,7711.3,0
5287,73.4,1833,51.59,0.9,12.74,65.45,10.06,0.0,7829.8,0
5288,104.36,1244,51.9,2.2,13.93,101.07,11.01,56.87,9021.9,0
5289,80.74,1650,53.72,2.53,12.8,74.97,7.32,0.0,7086.0,0
5290,98.93,3564,44.0,4.02,12.91,95.0,15.36,83.98,641.7,0
5291,106.88,2715,63.77,4.23,12.97,103.84,9.76,59.23,5548.1,1
5292,93.48,2848,62.17,3.56,12.67,89.25,10.51,55.97,3902.0,0
5293,70.05,3024,55.75,3.26,14.32,64.83,10.6,58.25,7511.0,0
5294,76.98,3484,50.74,3.66,13.92,71.26,11.64,72.74,5950.2,0
5295,103.87,960,55.78,1.87,13.29,98.4,10.96,36.26,7279.5,0
5296,85.97,1339,60.86,0.98,14.02,74.91,9.76,47.94,1886.4,0
5297,88.95,1637,66.25,2.32,11.9,83.68,9.59,52.29,4427.0,0
5298,97.11,1871,51.76,2.68,12.22,84.83,10.97,0.0,4377.8,0
5299,96.36,1990,48.25,1.48,13.58,89.81,10.3,63.92,9811.6,0
5300,91.35,1887,64.47,3.46,13.79,82.03,8.74,66.68,289.2,0
5301,85.5,2354,43.57,3.41,13.42,76.08,10.63,63.27,8178.8,0
5302,84.25,2225,48.5,1.45,11.69,78.94,9.89,61.08,1061.4,0
5303,98.29,1694,54.05,3.4,12.35,91.28,8.49,82.19,895.7,1
5304,94.64,700,48.18,1.75,13.53,88.15,9.4,43.42,3348.9,0
5305,84.91,1505,62.66,1.6,15.0,75.8,8.69,48.94,7037.6,0
5306,100.99,1816,60.41,3.23,14.17,93.37,8.44,37.95,6816.6,0
5307,86.45,2027,51.49,2.42,14.46,80.7,8.44,13.99,6316.0,1
5308,77.78,1409,63.9,3.7,13.47,69.42,9.0,57.71,7768.1,0
5309,78.89,1856,64.02,1.7,13.47,69.87,10.33,40.35,2400.5,0
5310,76.26,1408,55.56,0.8,12.37,62.7,8.88,10.06,6375.1,1
5311,84.73,2112,52.07,2.28,13.96,76.53,10.24,51.27,6416.6,0
5312,102.8,1449,69.55,2.83,13.14,94.77,8.32,46.73,6577.9,0
5313,78.34,1606,60.16,1.53,13.75,69.05,8.79,45.13,5985.1,0
5314,90.26,1284,57.94,1.06,13.22,85.11,8.21,50.52,2293.1,1
5315,80.12,2093,63.03,2.67,13.42,77.3,9.23,21.44,9151.6,0
5316,84.88,1593,57.63,1.1,13.13,77.81,8.75,69.5,9762.4,0
5317,69.88,2835,50.39,3.07,13.38,58.66,9.43,65.78,6922.9,0
5318,85.35,2484,54.51,2.4,14.0,73.65,11.14,79.86,4496.4,0
5319,85.68,2151,60.93,2.91,12.19,83.31,8.54,41.91,5418.2,0
5320,94.48,1642,43.71,1.18,12.01,84.49,7.74,58.55,1172.9,1
5321,90.68,2466,52.31,3.7,13.54,89.23,9.46,17.53,3697.6,0
5322,73.62,2683,62.0,2.61,14.35,64.24,11.19,39.53,9763.7,1
5323,101.01,2300,51.23,3.2,14.55,91.81,10.92,26.46,5522.5,0
5324,90.52,3323,61.6,3.81,12.22,87.7,9.54,65.23,5650.2,0
5325,90.38,2522,62.41,1.76,12.88,79.38,11.19,33.14,9544.4,0
5326,87.89,2840,52.91,3.53,12.02,74.66,10.8,48.39,8874.9,0
5327,81.79,2293,51.02,1.44,12.76,73.97,9.33,53.78,5730.3,0
5328,90.61,2673,51.9,1.66,14.1,82.19,10.42,47.99,2763.0,0
5329,93.71,1642,71.65,3.86,13.19,81.27,7.67,23.63,1257.6,0
5330,67.04,1879,66.6,3.29,12.9,62.42,8.9,84.3,8650.1,0
5331,81.53,2445,54.88,4.31,13.64,76.84,8.52,57.08,9208.9,0
5332,84.94,2439,50.47,2.35,12.56,79.46,9.74,87.84,4993.4,0
5333,91.07,2555,54.56,2.78,14.47,82.96,10.13,34.8,1036.0,0
5334,102.32,2970,54.42,3.31,13.21,94.22,12.49,50.41,6101.6,0
5335,78.74,1203,49.17,2.08,12.88,72.4,8.13,49.06,3737.9,0
5336,82.02,1518,56.46,1.64,13.67,74.93,9.52,79.86,1662.8,0
5337,81.85,2361,62.23,1.9,13.95,75.47,8.5,87.22,9199.5,1
5338,78.38,1693,44.86,2.48,14.48,71.86,8.68,41.58,2470.5,0
5339,83.83,4564,54.84,2.75,13.03,78.14,13.94,52.9,7140.5,1
5340,97.25,2561,62.05,1.83,14.07,91.53,12.26,55.36,4350.8,0
5341,75.35,2145,51.4,2.83,13.28,73.36,8.01,76.98,8296.4,0
5342,93.13,1839,65.44,2.3,12.71,85.8,8.53,53.85,7038.3,0
5343,67.58,1864,51.23,3.14,12.58,65.44,9.29,57.65,1319.3,0
5344,81.26,2221,57.23,2.21,12.32,71.01,11.63,77.25,4551.2,0
5345,84.05,2278,52.61,2.11,12.61,77.73,10.23,74.37,2671.9,0
5346,108.1,1880,53.26,2.73,14.09,100.46,8.8,72.75,7164.5,0
5347,84.7,2009,51.28,1.8,13.77,77.82,8.19,66.29,5492.4,0
5348,61.59,3141,57.05,2.44,12.21,54.32,10.55,87.69,3467.8,0
5349,64.01,3169,57.88,2.48,11.8,52.22,10.95,36.51,3361.7,1
5350,88.41,2376,53.84,2.45,12.31,84.46,9.92,101.04,1233.4,0
5351,95.37,1261,48.26,3.54,12.58,92.24,7.46,70.57,2216.8,0
5352,92.51,2577,56.22,1.61,12.96,84.15,11.95,54.06,7163.3,1
5353,90.01,3288,54.93,4.07,14.14,83.5,11.19,83.72,6138.1,0
5354,101.95,3159,51.28,3.56,12.76,92.87,12.46,53.8,3620.4,0
5355,81.52,2714,64.8,4.02,14.54,71.38,8.32,67.58,8377.5,1
5356,98.74,3196,43.14,5.5,11.86,94.06,13.22,72.81,4895.7,1
5357,68.42,2237,41.32,3.7,12.92,58.61,8.45,72.47,7964.9,0
5358,77.14,2640,49.38,3.48,13.83,72.21,11.8,48.44,7833.7,0
5359,66.32,1723,59.93,1.28,13.88,58.09,9.17,69.81,8495.2,0
5360,84.7,2405,47.86,1.68,12.93,80.41,8.38,47.39,8512.7,0
5361,87.44,3131,46.84,3.25,14.0,79.05,11.58,75.2,6822.7,0
5362,89.37,1787,61.11,1.0,13.85,81.43,11.32,52.17,7519.3,0
5363,88.74,1597,58.56,2.76,12.65,84.05,8.31,14.9,7791.4,0
5364,76.87,2268,56.77,0.86,13.45,72.94,11.61,40.67,1774.7,0
5365,85.72,2041,59.6,3.39,13.76,75.47,10.05,71.01,3072.4,1
5366,70.03,2654,51.23,2.49,12.71,63.39,11.57,51.65,1132.0,0
5367,104.36,1883,52.84,2.5,14.56,93.32,10.19,77.37,1974.8,0
5368,84.36,3403,57.06,2.48,12.53,77.99,11.43,37.95,7805.0,0
5369,82.13,1297,48.35,0.61,13.32,70.23,10.55,63.51,9476.4,0
5370,107.07,3078,39.86,3.92,12.2,101.91,12.75,59.32,6769.0,0
5371,73.09,1665,53.14,3.37,13.28,60.67,8.3,46.85,8871.9,1
5372,74.49,943,62.76,1.72,12.35,65.97,8.06,23.89,3248.0,0
5373,74.85,2367,55.86,3.14,12.96,65.65,9.02,60.2,8473.4,0
5374,87.19,2022,60.09,2.15,11.93,82.2,9.74,33.75,3454.0,0
5375,93.18,1423,44.01,2.42,13.84,82.99,10.36,37.62,8952.3,0
5376,96.88,1023,58.78,2.62,13.49,86.58,8.26,45.12,8000.7,0
5377,118.86,2194,58.33,2.98,14.07,111.84,9.93,47.65,9837.6,1
5378,61.01,2883,45.27,3.92,12.92,59.41,8.82,79.65,8290.0,0
5379,95.3,2609,58.89,3.14,14.11,90.64,10.86,5.65,4042.3,0
5380,81.31,2240,53.87,2.58,13.23,76.65,8.76,51.67,1189.8,0
5381,80.96,2535,72.38,2.08,13.29,71.61,8.44,49.76,8755.3,1
5382,80.56,2181,41.6,2.15,14.89,73.96,8.18,54.72,5754.8,1
5383,77.09,1199,64.86,2.74,12.81,70.43,9.43,38.11,8595.6,0
5384,108.21,1205,54.09,0.89,14.18,101.91,8.95,69.51,3932.6,0
5385,98.11,2058,45.1,3.36,13.58,85.7,10.11,48.99,386.6,0
5386,88.28,2088,51.64,2.26,12.74,80.14,8.59,56.98,618.9,0
5387,104.21,2796,54.96,2.15,12.15,95.62,10.67,76.42,6737.9,1
5388,69.85,2730,59.86,1.9,12.37,63.71,9.33,59.22,1233.2,0
5389,72.03,2624,64.16,3.27,14.1,64.12,9.65,32.16,7480.1,0
5390,61.86,2004,63.66,2.44,14.59,56.79,6.71,45.29,4252.5,1
5391,79.61,1234,50.77,3.38,13.27,70.58,9.47,46.72,5674.8,0
5392,89.94,2488,60.77,1.66,13.32,85.38,10.39,23.8,8032.0,0
5393,89.23,2568,56.19,2.24,13.82,79.0,10.74,42.97,2605.4,0
5394,89.79,700,53.64,1.93,13.26,84.0,8.81,44.63,4187.7,0
5395,71.07,1616,54.58,1.68,14.08,60.22,9.44,91.74,7322.6,0
5396,97.64,1716,51.23,2.33,13.43,83.92,8.83,59.52,9192.4,0
5397,90.88,2283,54.62,2.83,13.31,82.87,10.86,58.65,2974.0,0
5398,96.8,1638,51.28,2.67,12.64,84.86,10.08,85.44,6265.0,0
5399,65.29,2173,48.6,3.73,12.44,55.03,9.45,66.6,9517.0,0
5400,91.74,2053,57.73,1.43,10.67,88.04,11.09,68.69,6523.6,0
5401,73.75,2089,58.66,2.76,14.19,65.41,10.2,46.19,8938.6,1
5402,83.23,1699,54.49,1.8,13.08,73.73,9.86,26.68,9403.3,0
5403,94.41,1753,63.64,2.68,12.88,84.62,11.1,57.55,9300.5,0
5404,89.09,1444,54.53,2.54,11.64,80.56,8.84,86.91,7608.9,0
5405,77.78,2466,52.29,1.87,12.69,69.29,10.02,86.86,5565.7,0
5406,88.08,2600,57.74,2.0,12.58,80.06,11.49,70.56,1057.9,0
5407,69.62,1661,54.98,2.71,12.56,61.22,8.24,38.03,2304.8,0
5408,101.8,3264,52.88,3.04,13.47,97.47,12.56,30.37,2632.1,0
5409,85.54,1980,39.91,2.27,13.3,78.25,8.82,37.23,429.3,0
5410,101.42,3271,52.46,3.55,12.11,97.78,9.25,65.78,1109.0,0
5411,81.68,1751,44.56,2.92,12.16,75.17,9.73,42.88,3018.1,1
5412,81.72,781,50.13,1.58,12.16,75.49,5.7,66.53,998.3,0
5413,78.83,2482,46.06,1.99,14.65,72.79,9.17,26.91,1778.4,0
5414,98.51,2374,47.92,1.61,14.39,93.67,11.52,53.47,638.7,0
5415,79.49,2224,51.29,2.58,12.52,70.68,10.64,39.81,4223.7,0
5416,95.74,1750,52.52,1.2,11.62,88.69,10.91,72.13,8231.1,1
5417,83.41,2176,58.64,2.61,13.3,76.67,7.28,65.71,8141.2,0
5418,64.29,1842,56.77,3.35,13.24,60.51,8.89,36.23,9058.4,0
5419,81.16,1988,43.64,2.16,13.45,74.05,9.04,70.81,7481.4,0
5420,73.85,2789,53.99,2.38,13.79,62.41,11.48,26.08,2520.0,1
5421,88.41,2329,56.23,4.2,13.56,76.92,11.88,20.04,7053.7,0
5422,73.72,2627,51.84,3.94,12.31,64.59,8.47,39.86,7562.8,0
5423,99.11,2038,54.47,1.86,13.44,92.0,10.07,14.37,5476.8,0
5424,86.91,1961,56.21,2.54,13.88,77.23,10.51,51.31,8089.4,0
5425,85.87,1393,60.8,2.44,12.62,79.87,8.21,48.54,805.5,0
5426,95.87,1941,45.6,2.59,13.44,88.77,11.89,45.34,5988.3,0
5427,99.57,700,56.05,3.45,12.76,93.79,7.58,56.78,4850.9,0
5428,87.76,1787,64.46,2.42,14.8,77.03,8.92,38.05,8071.6,0
5429,78.75,2143,63.25,2.7,12.14,68.41,8.21,28.7,1366.8,1
5430,66.71,2595,59.03,3.27,14.12,58.82,9.94,41.42,2205.0,0
5431,79.77,2012,58.23,3.41,11.86,66.57,5.71,29.46,5631.1,0
5432,80.59,2443,64.07,3.4,14.63,71.36,9.71,44.23,9477.3,1
5433,89.28,700,69.08,2.43,12.29,80.22,9.22,57.92,923.7,0
5434,83.86,2160,53.91,1.28,13.35,75.11,8.02,19.63,7459.4,0
5435,96.26,1024,51.07,1.62,11.9,92.04,6.49,41.15,2133.5,0
5436,80.64,1354,54.7,2.81,12.12,75.33,9.72,69.08,1143.9,0
5437,87.32,2069,73.43,2.68,13.92,79.48,11.19,75.65,4008.2,0
5438,102.21,3093,43.29,3.6,14.02,94.35,10.12,46.72,5872.2,0
5439,92.1,2460,51.21,4.17,13.39,82.33,12.52,100.82,8287.5,0
5440,87.28,2213,46.08,1.6,13.79,81.28,10.42,34.04,6383.4,0
5441,80.78,2186,55.4,3.44,14.04,72.56,10.89,50.35,4967.5,1
5442,80.4,1700,48.41,2.05,12.65,72.14,7.94,28.6,2928.1,0
5443,77.79,1819,54.75,3.12,12.08,69.41,10.76,61.38,2996.3,0
5444,81.51,2499,42.32,2.64,13.19,73.46,9.8,112.82,7728.7,0
5445,97.07,1230,60.17,3.81,12.74,93.28,8.39,86.06,1229.2,0
5446,85.34,2615,61.1,2.83,13.51,84.12,11.01,74.42,1550.1,0
5447,71.8,1928,52.92,1.91,13.64,66.63,8.46,41.22,7225.4,0
5448,109.22,2778,52.49,3.14,12.65,102.81,9.69,55.11,9614.3,0
5449,91.84,2873,52.23,3.1,13.76,87.37,11.21,81.36,1290.3,0
5450,71.12,1029,58.11,2.92,13.72,63.28,7.18,62.96,6133.3,0
5451,82.7,1793,55.2,2.72,13.78,71.43,8.19,54.22,2468.0,1
5452,89.33,1601,60.38,4.25,12.87,79.15,10.54,54.25,355.0,1
5453,108.46,931,64.4,1.91,13.82,99.06,11.59,68.5,8339.4,0
5454,74.7,1477,51.22,2.14,13.62,63.75,7.25,76.73,5135.2,0
5455,99.71,3909,49.24,2.83,13.71,94.49,13.12,35.24,336.5,1
5456,104.79,2627,59.04,2.8,14.54,98.16,10.65,62.1,8965.0,0
5457,80.46,3542,43.41,3.33,13.46,70.61,14.4,74.62,5403.3,0
5458,84.67,2780,41.62,3.03,12.71,78.09,11.25,47.84,7397.0,0
5459,75.56,1681,57.05,2.36,12.31,68.82,9.8,77.46,4292.7,0
5460,85.56,1933,58.11,1.93,14.1,71.97,10.84,47.63,1930.3,0
5461,87.56,2612,49.43,2.02,13.49,79.27,10.66,83.61,4709.2,0
5462,95.92,2506,50.45,2.38,14.54,82.62,10.42,49.47,2948.0,0
5463,101.08,1796,50.75,3.27,11.58,98.55,11.58,57.76,3037.7,0
5464,79.02,1143,51.55,3.15,13.93,72.92,8.94,53.4,6474.4,1
5465,64.39,4501,54.28,3.51,12.99,55.17,11.52,102.06,1031.4,1
5466,87.75,2101,47.7,1.74,12.92,79.46,8.88,69.23,4030.4,0
5467,91.52,1972,53.42,2.37,12.59,89.69,9.22,44.48,5511.8,0
5468,90.99,2279,48.97,4.25,13.92,83.68,11.52,50.03,7127.6,0
5469,84.08,2030,46.21,3.26,13.69,68.66,11.28,48.46,6365.7,0
5470,89.5,2286,59.62,3.02,12.29,80.76,12.67,55.89,8873.8,0
5471,106.19,3101,49.55,3.72,13.33,96.37,11.04,41.51,9924.6,0
5472,92.58,2113,55.86,3.73,13.76,86.51,10.1,52.85,9380.5,0
5473,83.52,1386,47.19,1.25,13.34,74.79,8.05,77.48,7665.1,1
5474,82.0,2087,50.39,2.18,14.09,74.03,9.31,80.79,6891.6,1
5475,85.96,1875,59.78,1.97,12.97,74.61,10.46,21.75,450.8,0
5476,107.64,3197,67.99,3.46,11.4,96.38,12.03,26.52,5381.6,0
5477,85.8,3020,41.1,3.04,13.35,76.58,12.64,48.06,6670.8,0
5478,87.76,2275,53.23,3.18,13.34,79.55,9.39,19.87,4188.1,0
5479,82.21,1305,58.88,1.73,13.45,79.25,9.25,24.36,3909.5,0
5480,101.19,1342,52.52,3.25,14.09,98.33,8.55,56.88,5471.0,0
5481,111.52,2211,59.52,2.49,11.64,103.27,8.54,54.31,9075.7,0
5482,93.41,2435,48.88,3.2,13.01,82.78,9.22,21.99,2683.2,0
5483,88.99,1938,56.02,3.38,12.46,77.0,9.7,76.83,4050.6,0
5484,88.44,1864,52.12,3.28,12.23,83.11,11.72,44.54,6565.6,1
5485,59.39,1785,62.9,2.64,13.14,55.92,7.73,42.14,1941.5,0
5486,96.94,2184,50.5,3.19,13.76,86.14,9.99,75.23,8365.5,0
5487,89.61,700,55.46,3.39,13.44,84.05,8.3,54.22,6694.1,1
5488,93.14,1429,61.77,2.6,12.65,89.87,8.21,49.53,3587.4,0
5489,79.46,1761,49.34,1.76,13.08,72.94,8.37,42.47,7249.5,0
5490,83.39,3045,53.33,3.39,13.94,76.92,11.1,71.46,2865.5,0
5491,83.07,1630,44.82,2.25,13.75,71.11,8.35,42.93,7767.2,0
5492,100.26,2326,47.73,0.72,12.76,89.66,8.38,51.19,799.8,0
5493,83.45,2359,56.58,2.98,12.71,77.67,9.2,32.42,4324.8,0
5494,112.99,3109,46.67,3.04,11.83,100.8,12.88,83.3,2690.2,0
5495,93.17,3084,49.52,3.86,12.86,84.8,12.19,91.35,8185.3,1
5496,72.69,2160,57.71,1.92,11.81,61.51,10.91,59.0,7552.2,0
5497,86.46,1867,51.78,1.19,14.85,74.48,10.86,43.28,8434.4,0
5498,80.18,1735,60.5,2.47,12.52,72.97,7.85,70.92,6550.5,1
5499,61.67,2031,56.37,2.77,14.09,51.95,7.84,65.76,7973.7,1
5500,107.19,1896,57.69,2.48,14.65,100.41,9.28,44.3,4444.0,1
5501,96.44,2588,61.2,2.73,13.37,85.65,10.6,80.35,6812.8,0
5502,94.4,2494,55.87,1.82,13.12,86.13,9.82,48.28,408.1,0
5503,89.98,2614,62.97,2.62,12.14,79.1,10.39,31.76,8819.2,0
5504,71.42,3081,58.39,2.66,12.8,58.84,9.6,58.97,6879.3,0
5505,82.2,3504,48.87,3.98,14.48,72.55,12.6,84.51,8674.4,0
5506,98.1,2287,62.11,2.88,13.48,90.38,9.25,57.58,7731.5,1
5507,75.39,2970,54.7,2.66,13.22,67.62,9.42,36.17,2935.1,0
5508,57.62,1954,52.89,3.81,14.25,58.49,9.1,45.46,2801.5,0
5509,85.27,3030,54.61,2.7,13.76,79.41,11.92,83.9,8016.4,0
5510,86.3,2943,59.78,3.32,13.08,75.5,10.69,64.93,1928.6,0
5511,89.63,2906,55.89,2.72,13.37,78.72,12.06,58.86,1195.5,1
5512,96.74,2266,65.33,3.87,12.59,90.95,11.27,52.79,248.9,0
5513,95.65,1732,61.99,2.4,12.75,87.16,11.75,73.79,3054.4,0
5514,91.11,1224,59.65,2.19,13.03,83.67,9.43,69.44,1082.7,0
5515,102.35,2172,48.4,2.42,13.65,92.28,12.41,26.81,8036.7,0
5516,69.77,3273,51.47,3.18,12.2,55.15,10.95,80.24,4897.0,0
5517,94.05,1983,55.41,3.4,13.26,83.93,11.47,64.03,2599.9,1
5518,95.52,2750,57.62,3.46,12.89,89.53,12.7,90.16,6060.7,1
5519,73.13,2791,57.31,2.83,12.48,65.36,10.1,57.16,796.5,0
5520,69.97,2001,56.1,3.81,12.89,57.76,8.15,76.51,7288.6,0
5521,79.05,3121,53.51,3.65,11.34,75.27,10.36,69.91,5063.8,0
5522,80.06,700,61.95,1.65,12.59,73.91,7.88,23.72,164.1,1
5523,97.04,1344,51.09,1.05,12.32,86.91,7.56,70.28,3260.2,0
5524,80.63,1559,66.08,1.92,12.98,68.74,8.14,67.34,7526.9,0
5525,77.72,1626,43.51,2.61,11.38,67.9,10.12,38.56,1962.3,0
5526,80.66,2435,62.89,3.12,13.35,74.48,10.8,62.2,9622.6,1
5527,101.42,2403,53.82,3.72,13.93,91.81,7.86,98.37,8976.6,1
5528,88.16,2476,60.04,1.79,13.11,78.91,8.72,46.99,7804.6,0
5529,85.85,2617,55.94,2.38,13.6,76.8,13.05,72.03,877.6,1
5530,86.68,1535,58.0,1.3,12.79,78.97,10.28,29.11,3603.0,0
5531,103.5,1347,59.52,1.09,11.96,95.35,8.47,38.48,3052.2,1
5532,79.01,2477,58.94,2.16,13.2,73.73,8.22,72.88,1462.5,1
5533,103.79,1759,53.4,2.63,13.74,88.35,8.3,57.49,9996.2,0
5534,90.53,1101,62.97,2.66,12.14,82.05,8.96,44.38,1557.3,0
5535,86.07,2880,46.73,2.09,12.83,76.43,13.23,93.13,3221.7,0
5536,118.01,3177,52.42,2.33,13.0,110.66,14.72,42.42,8813.4,1
5537,75.33,3290,57.49,1.61,15.0,64.8,9.21,58.62,1529.4,0
5538,83.76,2331,60.32,2.77,13.38,79.65,9.6,65.62,4748.3,0
5539,73.21,2638,56.56,2.15,11.68,70.45,9.02,40.2,9759.3,0
5540,99.43,3159,50.24,4.3,11.48,91.52,11.91,70.94,2548.2,0
5541,108.27,1751,60.74,2.67,13.78,94.11,8.34,73.8,7060.3,0
5542,108.04,2977,48.89,2.75,15.0,96.41,11.12,57.37,892.4,0
5543,102.69,2393,64.62,2.11,12.98,97.11,9.67,42.45,6048.6,0
5544,85.63,2840,52.81,1.63,12.93,76.08,11.41,52.59,3456.6,0
5545,83.62,2330,45.11,1.5,13.54,77.53,9.33,2.21,7025.7,0
5546,67.95,3107,45.72,2.45,12.56,58.67,10.12,80.57,4385.6,0
5547,112.43,2356,54.38,2.05,11.16,102.92,11.61,61.23,3060.1,1
5548,93.63,1161,57.46,1.27,14.03,82.85,10.51,45.24,5505.5,1
5549,82.1,3216,64.4,3.3,12.71,78.79,13.76,27.76,1482.9,0
5550,103.94,1537,49.58,2.65,14.04,99.73,10.02,73.2,8162.9,0
5551,76.33,3077,53.13,2.57,12.59,68.55,10.71,51.51,7532.0,0
5552,92.88,2137,48.32,4.06,13.3,87.98,11.56,65.93,5495.2,0
5553,85.93,3023,49.99,1.51,13.88,81.26,12.47,59.71,3733.8,0
5554,95.66,2994,63.05,2.94,14.06,86.85,12.42,27.47,9160.7,0
5555,87.24,2501,47.17,2.5,13.39,81.99,8.43,82.18,6381.1,0
5556,70.59,2556,57.5,2.26,13.35,55.82,11.28,78.71,2919.5,0
5557,88.91,2496,56.34,2.11,13.7,82.51,10.81,72.06,8086.4,0
5558,100.59,790,57.18,1.99,13.57,93.4,7.16,52.84,6386.7,0
5559,87.65,2283,57.54,2.4,12.17,78.76,9.21,31.55,1357.4,0
5560,97.3,1419,49.13,1.87,12.18,93.83,9.76,67.69,1230.9,0
5561,75.45,2320,64.36,1.55,11.51,65.93,6.63,99.82,9387.2,0
5562,87.68,1400,67.73,0.89,13.81,78.66,8.54,52.52,2950.3,0
5563,80.51,1371,56.57,1.94,12.88,73.55,7.61,52.74,6668.5,0
5564,96.96,3323,66.82,2.72,13.86,88.14,11.0,39.7,460.7,0
5565,88.38,2949,50.69,2.72,13.52,79.09,10.49,18.08,5609.4,1
5566,96.28,2197,56.94,2.45,12.4,83.98,8.42,47.8,2388.2,0
5567,101.05,2329,62.84,2.18,13.1,85.55,11.82,85.41,1482.3,0
5568,96.3,2026,52.13,2.29,12.84,91.48,7.38,80.83,7757.7,0
5569,91.28,2599,45.48,2.04,12.71,87.17,10.82,56.09,8114.5,0
5570,76.02,1727,45.93,3.55,13.93,67.71,7.76,60.76,7180.6,0
5571,87.97,2896,65.56,2.21,15.0,86.2,13.33,34.81,210.7,1
5572,81.6,2023,51.8,2.16,14.09,71.65,9.44,56.16,2920.6,0
5573,83.87,1906,54.08,1.83,13.18,75.53,6.77,42.75,3673.5,0
5574,83.51,2215,47.9,1.95,14.21,74.4,10.43,56.18,6939.4,0
5575,76.24,1786,61.17,2.37,14.57,69.15,7.56,47.02,7579.9,1
5576,64.51,2430,49.57,2.56,12.09,55.75,10.61,50.53,6315.8,0
5577,79.98,1824,52.43,2.0,14.18,70.57,9.8,72.67,7912.0,0
5578,90.32,2528,55.71,2.46,13.82,81.72,12.25,96.25,4330.3,1
5579,71.82,3051,46.59,2.35,14.15,67.86,10.84,56.72,5464.3,0
5580,88.19,1696,54.52,2.63,13.85,79.67,10.14,80.35,736.1,0
5581,110.8,2109,63.04,4.14,13.02,97.24,10.62,29.62,4328.9,0
5582,100.28,2523,56.43,1.99,14.83,91.55,10.11,55.09,4383.1,0
5583,107.72,1895,55.86,2.72,13.47,99.31,11.42,27.25,6154.0,0
5584,92.69,2525,55.19,2.72,12.85,80.01,9.08,50.7,3841.2,0
5585,102.01,2589,51.39,3.25,13.6,96.25,10.93,71.65,2460.7,0
5586,79.31,2958,65.09,3.44,13.98,68.64,10.06,81.92,2452.2,0
5587,80.27,1776,50.6,2.51,13.28,73.86,10.01,36.88,1425.3,0
5588,55.13,1540,57.36,2.21,13.51,45.0,6.63,60.2,7040.1,0
5589,102.23,1985,55.62,2.1,13.27,91.84,9.59,78.31,6263.4,0
5590,106.48,1523,61.88,1.62,12.67,99.72,9.59,72.69,5834.6,0
5591,81.36,2595,60.45,2.64,12.54,74.16,12.05,62.55,5357.1,0
5592,84.95,1387,56.03,1.15,12.08,74.02,7.94,38.34,3738.6,0
5593,78.95,3833,53.11,2.8,14.41,76.52,11.56,51.02,7710.3,0
5594,92.59,3107,54.71,3.83,13.02,85.92,9.81,43.59,9228.0,0
5595,101.5,2209,40.85,2.62,10.5,91.64,9.21,54.42,4455.9,0
5596,67.09,2807,43.96,3.53,13.52,60.01,10.58,42.18,4150.0,0
5597,92.91,1054,53.21,3.2,13.5,84.51,8.4,61.69,1711.0,0
5598,84.68,3966,47.7,3.19,11.71,82.8,12.5,70.16,6740.0,0
5599,89.36,1787,48.2,2.52,12.53,83.92,11.42,56.18,5625.1,1
5600,93.51,2116,59.22,2.26,12.5,83.47,7.96,17.68,9881.2,1
5601,85.74,901,57.21,1.35,12.61,79.99,10.66,47.76,5884.8,0
5602,86.76,2540,52.62,1.93,14.17,82.66,11.79,47.86,2957.2,0
5603,85.43,1426,48.61,2.87,13.08,74.25,8.26,93.68,5673.1,0
5604,99.64,2271,54.1,2.74,12.86,90.1,10.89,29.83,9848.5,1
5605,93.03,1819,39.55,3.85,14.1,88.29,8.69,48.61,7261.0,0
5606,90.65,1446,55.1,2.98,13.6,82.23,9.25,58.14,1372.9,0
5607,72.75,1637,56.18,1.7,11.81,67.92,11.11,32.17,3497.3,1
5608,83.46,2358,55.74,3.28,12.71,75.91,9.21,94.51,3057.0,0
5609,98.78,1303,46.93,1.89,13.46,90.26,8.66,88.59,8582.6,0
5610,88.45,1676,56.98,3.28,12.45,82.88,8.23,34.69,6150.5,0
5611,95.91,2664,47.36,2.36,14.82,85.69,10.16,45.95,8120.0,0
5612,109.2,4022,45.94,2.52,13.29,98.51,12.9,108.87,1844.8,1
5613,100.46,2534,58.15,2.05,12.6,91.67,9.53,84.91,9089.5,0
5614,89.12,1558,67.94,1.66,12.3,79.88,8.66,43.76,677.3,0
5615,81.87,1943,55.44,1.75,13.94,78.23,9.37,62.09,3810.9,1
5616,57.36,2222,49.82,2.09,12.68,45.27,8.38,27.4,240.1,1
5617,85.98,1955,56.22,3.12,13.5,78.25,6.71,97.47,1924.4,0
5618,84.09,2832,58.98,4.26,12.28,78.89,10.53,60.25,9626.0,0
5619,92.68,2352,57.98,1.54,13.26,84.25,10.24,67.63,877.1,0
5620,86.15,2835,69.78,3.84,12.69,75.92,13.07,40.11,1539.5,0
5621,84.16,1980,50.75,2.06,12.95,74.62,9.47,30.96,9256.0,1
5622,66.65,3128,54.37,3.24,12.56,61.9,11.67,69.59,7130.7,0
5623,76.72,2083,64.18,1.16,14.02,66.45,8.82,92.63,4128.9,1
5624,93.72,1520,64.82,2.65,12.81,85.9,10.64,40.11,780.8,0
5625,108.59,3724,39.71,1.62,13.09,99.09,11.78,44.56,7871.9,0
5626,86.83,923,57.12,2.25,13.12,81.23,8.55,53.44,4978.0,0
5627,91.93,1683,64.5,2.51,14.49,80.8,10.28,84.64,3297.9,0
5628,99.43,1761,72.74,2.5,13.91,90.88,10.48,39.59,3671.4,0
5629,78.27,3956,55.35,2.74,13.83,66.7,14.8,60.54,5102.2,1
5630,92.4,3465,49.82,3.55,11.94,89.01,11.26,79.33,5557.2,0
5631,79.11,3246,46.49,3.32,12.67,75.32,12.86,80.16,8199.2,0
5632,98.38,1969,68.3,2.27,14.15,91.1,11.31,47.92,7739.9,1
5633,89.82,3898,55.55,3.84,12.26,77.41,12.58,87.12,7693.9,0
5634,91.58,2458,48.96,2.58,13.27,77.69,12.62,67.12,7320.1,0
5635,78.61,2884,52.05,3.27,12.35,73.27,10.43,59.43,7602.1,1
5636,96.48,2326,56.14,2.5,12.43,88.33,10.42,73.8,6808.3,0
5637,113.02,2165,57.76,2.7,14.54,104.55,10.72,70.08,8693.4,0
5638,75.91,2024,49.61,2.92,13.78,65.75,7.69,33.0,5618.8,0
5639,83.92,2053,51.21,2.16,13.99,73.27,10.46,83.79,5256.4,0
5640,90.78,2626,43.8,1.74,13.83,86.12,11.37,64.46,7042.8,0
5641,97.44,2457,60.25,2.88,13.09,89.24,10.5,84.05,1743.5,0
5642,81.29,2178,52.62,3.48,12.65,79.31,11.75,55.9,7791.8,1
5643,55.0,3257,55.46,3.25,12.88,45.0,9.81,66.29,9367.9,1
5644,104.31,700,66.02,2.25,13.05,97.33,6.15,53.98,3033.0,1
5645,97.13,2557,55.13,2.67,14.62,92.74,13.04,68.08,6149.3,0
5646,67.08,2702,53.02,3.36,12.13,58.09,11.14,88.58,423.0,0
5647,80.71,3003,54.18,2.75,12.76,73.82,11.61,69.15,7681.6,0
5648,106.82,2155,54.94,2.16,12.47,95.03,10.09,54.17,5640.7,0
5649,105.37,2346,61.66,3.49,14.05,100.05,11.14,76.06,6769.2,0
5650,99.26,2890,55.0,2.43,14.68,84.59,9.82,67.75,1515.6,0
5651,85.89,3244,49.24,3.72,13.45,75.32,11.13,120.37,8113.6,0
5652,89.0,1990,61.28,3.33,13.51,77.13,8.54,59.57,2633.8,0
5653,86.43,2387,61.6,3.08,13.27,81.52,10.44,80.87,6879.4,1
5654,101.54,3375,44.12,2.07,13.55,88.17,13.25,79.69,5972.1,0
5655,77.49,713,66.82,2.02,13.82,73.13,6.05,5.08,6572.5,0
5656,78.33,1717,57.79,2.16,13.54,70.96,9.71,37.37,597.3,0
5657,100.12,3226,54.16,2.6,13.6,88.21,12.11,52.37,7444.3,0
5658,87.47,2965,59.1,3.0,13.82,77.95,11.85,29.6,7973.0,1
5659,104.54,2566,50.35,3.32,11.78,100.26,10.74,49.29,4800.7,0
5660,79.94,1886,60.98,2.03,13.2,68.54,10.0,25.69,4147.7,0
5661,87.34,1583,53.56,2.13,13.44,78.32,8.12,29.11,3491.2,0
5662,76.93,1786,46.63,2.16,13.53,70.18,6.88,57.35,9286.0,0
5663,88.09,3284,46.43,3.96,13.06,84.71,9.79,99.89,7575.2,0
5664,70.26,1760,58.97,2.14,13.33,60.95,8.02,25.12,7016.3,0
5665,82.15,2271,48.8,1.58,12.62,74.64,7.87,31.12,9263.5,0
5666,70.76,1672,65.4,1.04,11.78,62.3,10.37,41.18,3552.8,0
5667,96.33,2790,60.49,3.1,13.99,93.08,10.98,55.6,6338.4,0
5668,96.6,1823,63.29,1.76,12.29,89.86,10.74,21.89,6892.0,0
5669,67.24,2132,55.59,3.04,13.07,57.8,10.02,40.61,9962.7,1
5670,104.01,1022,58.39,0.94,12.6,90.38,8.71,32.1,4329.1,0
5671,117.97,1071,49.5,1.6,14.47,110.58,13.5,54.59,4061.8,0
5672,88.55,2205,60.54,1.48,13.14,76.22,13.45,63.54,936.4,0
5673,80.31,1272,58.76,2.47,12.95,69.94,9.91,46.38,1074.7,0
5674,121.89,3674,54.84,3.72,13.8,113.19,12.22,56.29,5166.8,0
5675,72.17,757,67.69,2.27,14.93,67.21,8.91,32.15,1794.7,0
5676,88.24,1640,52.07,1.42,13.52,83.15,6.98,52.67,822.0,0
5677,90.16,2212,53.79,1.95,12.9,80.3,11.67,35.55,9652.4,1
5678,104.14,1944,56.96,2.61,13.76,97.72,7.02,84.41,9519.0,0
5679,92.32,1427,50.49,0.84,11.94,86.16,8.51,20.4,3320.2,0
5680,82.02,1529,54.83,2.05,13.24,74.56,10.14,37.85,7919.7,0
5681,76.59,1507,59.0,3.44,14.8,69.08,8.93,68.2,8738.2,0
5682,83.9,1999,53.06,2.31,13.33,73.2,7.69,45.82,4701.0,1
5683,75.92,3566,59.78,1.96,13.29,69.43,11.74,76.64,2314.6,0
5684,88.57,2255,45.4,2.08,13.22,78.17,10.47,89.67,1385.1,0
5685,81.23,3028,59.7,2.41,12.88,71.91,11.16,76.63,1494.1,0
5686,70.07,2555,57.95,4.41,13.45,67.09,9.32,33.09,7989.6,1
5687,103.06,2980,49.52,4.22,13.82,94.18,12.63,36.59,3905.7,1
5688,82.03,700,52.07,2.58,12.93,82.03,8.82,42.25,6965.7,0
5689,72.78,1987,42.62,2.17,11.21,67.47,8.87,62.58,5433.1,0
5690,85.98,3115,47.99,3.91,13.57,76.59,13.03,84.61,4007.2,1
5691,88.82,1800,61.66,1.45,14.91,80.85,9.15,36.9,1325.8,0
5692,67.04,3434,51.9,3.96,12.9,64.35,10.43,52.7,3401.1,0
5693,91.98,3239,59.46,3.75,12.02,87.34,13.23,56.22,8417.7,0
5694,75.43,1872,51.59,2.27,13.74,75.26,10.56,47.62,8132.8,0
5695,108.53,1848,59.41,3.29,14.6,104.56,9.35,82.8,380.8,0
5696,94.29,1490,51.66,1.86,13.62,84.55,8.14,48.66,1488.7,0
5697,83.2,1759,49.7,1.33,14.58,76.87,11.19,55.42,7583.4,0
5698,79.06,1337,55.72,2.93,13.83,70.55,8.17,68.05,3423.8,0
5699,86.74,2500,50.0,2.61,13.77,78.7,10.32,88.62,6471.6,0
5700,95.35,1181,47.32,2.56,12.79,87.26,8.33,48.18,5670.5,0
5701,87.69,2623,52.64,4.19,13.43,76.62,12.11,82.72,6555.5,0
5702,85.39,2640,54.36,2.16,13.18,78.0,13.05,94.19,631.6,1
5703,88.7,1037,64.51,1.9,13.15,77.97,8.27,45.82,9318.1,0
5704,80.75,3285,58.08,4.28,13.0,80.19,14.18,50.24,307.6,0
5705,83.88,2560,61.21,3.24,13.38,72.55,9.63,100.9,179.5,0
5706,62.97,2725,58.0,2.22,12.16,58.84,9.48,80.57,2338.9,0
5707,99.68,1669,57.57,1.54,13.85,94.9,10.33,52.06,9935.6,1
5708,91.59,2636,46.32,2.31,12.5,85.7,9.7,70.61,818.1,1
5709,78.72,2988,53.96,2.3,13.0,67.47,11.56,38.83,8757.6,0
5710,110.78,2131,58.16,2.7,13.46,105.45,9.98,76.77,1675.0,0
5711,89.04,3601,60.52,3.23,12.46,83.01,10.19,27.41,1180.1,1
5712,75.57,2231,58.71,2.78,11.63,70.45,7.43,76.6,7811.8,0
5713,98.28,2999,60.37,2.23,12.89,89.51,11.07,45.36,8482.1,0
5714,92.78,2405,47.95,2.58,12.06,82.55,10.88,23.15,7942.6,0
5715,92.73,2610,51.78,1.08,13.77,79.62,9.05,17.43,2486.2,0
5716,82.89,1030,59.53,2.13,12.28,67.69,8.19,38.46,8810.4,1
5717,93.41,2460,61.0,3.6,14.39,83.46,10.7,70.78,811.7,0
5718,84.86,1686,54.76,1.17,13.2,75.76,8.82,24.12,3485.6,0
5719,94.67,1608,55.23,2.66,13.25,90.32,8.14,26.73,4685.5,1
5720,65.14,3421,56.4,2.6,11.62,51.41,11.22,52.44,770.6,0
5721,82.79,2050,48.16,3.11,13.32,74.15,9.33,70.25,5840.4,0
5722,108.67,1498,65.51,2.35,13.14,101.53,10.75,69.44,5637.9,0
5723,78.8,1949,49.87,2.75,12.16,69.63,7.65,56.29,9922.6,0
5724,80.75,1290,44.93,2.18,13.27,74.66,8.42,69.21,6254.5,0
5725,82.62,3204,52.67,4.05,12.88,81.64,9.7,74.77,4035.7,0
5726,73.42,1713,65.83,2.6,13.03,63.71,8.38,43.74,7922.8,1
5727,61.5,2571,57.52,2.14,13.22,49.47,8.22,75.41,3416.2,0
5728,85.23,3149,57.21,3.05,12.82,75.56,10.13,35.01,5375.4,0
5729,89.63,1850,55.52,2.09,13.4,81.65,9.43,62.63,649.1,1
5730,87.37,2572,52.93,2.84,13.13,79.33,9.76,33.91,3294.4,0
5731,86.26,1479,46.77,1.88,13.58,77.74,10.52,53.53,5328.3,0
5732,88.52,3912,37.6,2.77,12.78,80.09,13.91,89.64,7052.9,0
5733,100.27,2855,54.38,2.99,12.35,92.46,12.28,63.2,1080.4,0
5734,85.71,2065,62.74,2.52,12.63,77.64,10.56,53.94,7992.1,0
5735,81.11,1659,57.77,3.15,14.35,68.45,9.01,56.27,9011.6,1
5736,84.63,2120,58.5,2.17,13.96,75.21,11.23,67.79,2882.3,0
5737,94.95,1962,64.52,0.85,14.17,86.64,9.44,96.25,7676.9,0
5738,104.94,3567,53.72,2.86,14.23,94.97,15.09,76.25,1885.5,0
5739,80.46,1342,55.61,0.85,12.83,70.48,7.22,39.8,5281.8,0
5740,89.19,2294,49.48,2.92,13.44,78.35,8.73,51.39,7996.6,0
5741,92.06,2187,66.72,1.2,13.26,86.33,8.35,36.9,3926.3,0
5742,76.09,2118,57.98,1.71,13.73,69.53,7.9,29.72,360.4,1
5743,88.25,2124,49.07,2.22,12.97,82.69,7.84,5.89,5445.7,1
5744,70.41,2119,47.82,3.74,13.27,60.11,9.42,45.28,8462.5,0
5745,66.77,2811,61.01,1.96,13.26,56.62,11.1,30.58,1172.4,1
5746,92.4,2626,47.48,2.74,13.63,88.22,10.74,59.5,393.4,0
5747,83.39,2493,65.15,3.14,13.72,74.22,8.52,46.57,8109.5,0
5748,90.43,700,41.03,3.19,13.27,78.31,7.18,24.29,2744.6,0
5749,87.79,2410,62.7,3.26,13.3,80.49,11.22,14.19,3707.0,1
5750,76.28,1041,59.89,2.89,13.38,67.34,7.35,41.06,961.1,0
5751,87.46,2652,54.39,3.44,14.52,77.27,9.61,22.67,1056.5,1
5752,73.2,3232,51.55,2.04,11.82,69.16,9.12,75.32,6184.0,0
5753,104.69,1552,67.12,2.54,12.42,96.24,9.01,56.21,5567.1,0
5754,71.73,2017,59.29,3.14,13.74,59.91,8.22,49.36,2994.8,1
5755,85.65,1780,50.02,1.59,13.42,79.43,9.09,81.5,4582.1,0
5756,75.49,3065,42.61,2.47,13.41,65.0,11.34,60.39,3943.2,1
5757,94.85,2267,55.47,1.93,13.73,86.76,9.91,63.12,6981.0,1
5758,84.02,3410,52.18,3.7,13.37,78.05,11.8,76.01,8634.7,1
5759,81.78,2490,44.92,2.61,12.75,74.07,10.69,46.4,7674.5,0
5760,98.24,2370,53.85,2.36,13.7,91.82,9.04,45.79,143.6,0
5761,88.35,2248,51.04,1.54,13.22,83.02,12.25,56.12,1085.6,0
5762,94.2,2773,53.46,2.74,12.84,86.96,10.09,31.51,4350.8,1
5763,76.22,984,61.44,1.55,13.75,68.02,8.29,83.41,8532.8,0
5764,71.14,2260,63.52,2.76,13.72,63.64,8.04,58.57,2446.0,0
5765,89.29,2151,60.13,1.6,13.37,82.08,10.01,50.69,8801.6,0
5766,84.17,2708,49.26,2.91,14.57,75.5,10.71,99.76,1189.1,0
5767,95.52,2069,57.01,2.13,14.26,85.92,11.96,32.18,818.8,1
5768,87.04,1473,56.42,1.21,14.0,82.47,8.5,81.36,9142.9,0
5769,90.46,2205,46.56,1.48,15.0,83.22,11.56,71.3,1703.6,0
5770,68.52,1442,58.6,1.26,13.08,66.44,8.43,72.79,4691.4,0
5771,110.66,852,68.28,1.83,12.83,103.15,10.9,43.4,3327.0,0
5772,86.03,2709,53.77,2.87,13.89,77.58,8.46,59.17,1561.6,0
5773,96.37,2605,44.16,2.94,13.0,86.66,11.38,50.57,6357.9,0
5774,77.97,2527,54.17,2.93,13.21,69.5,6.84,76.89,9640.4,0
5775,91.7,3112,45.45,2.34,12.41,82.05,11.33,68.31,6615.3,1
5776,72.37,1734,60.79,3.18,13.69,64.17,9.88,41.04,3601.6,0
5777,93.42,1198,59.7,1.74,12.02,87.45,10.33,38.74,7146.8,0
5778,83.73,2151,53.68,2.88,13.12,79.08,10.57,54.41,1518.2,0
5779,88.35,1957,53.08,2.3,13.19,81.14,9.2,46.89,5842.2,0
5780,96.38,1610,54.44,2.58,12.85,90.67,9.97,80.3,4747.6,0
5781,73.21,2144,54.83,2.34,11.79,65.57,12.32,70.83,3663.8,0
5782,79.79,1772,50.85,2.66,11.79,73.26,9.07,68.55,7421.7,0
5783,93.49,915,48.79,1.99,12.6,84.23,9.32,51.97,1273.0,0
5784,113.18,1891,61.88,3.05,13.63,105.03,9.81,36.62,5374.6,0
5785,86.34,1405,53.87,1.53,13.43,77.0,9.94,64.15,8558.5,1
5786,95.09,2362,55.22,1.2,13.19,85.77,11.48,14.01,2096.9,1
5787,86.72,1741,57.22,1.55,12.49,79.26,8.44,55.73,2719.0,0
5788,111.31,2978,54.82,3.75,13.47,103.66,12.82,43.43,6640.7,0
5789,67.03,3323,45.42,2.92,11.76,57.53,11.84,43.95,7748.6,1
5790,89.14,2676,43.57,2.83,11.28,73.8,11.55,48.59,2905.0,0
5791,68.49,1114,53.34,1.21,13.01,63.46,7.54,46.81,3663.0,0
5792,57.92,3254,55.03,3.07,12.76,49.8,11.91,60.85,7425.1,0
5793,91.57,3303,47.99,2.22,14.01,87.16,10.56,77.42,2924.7,0
5794,89.67,2213,52.42,1.85,13.33,81.74,10.0,51.6,6695.9,0
5795,84.58,3126,65.51,2.63,14.52,78.6,11.31,58.52,1672.5,0
5796,86.73,1814,44.29,2.72,12.76,79.09,10.69,24.77,4172.0,0
5797,125.18,894,52.44,2.44,13.59,116.71,8.09,21.85,6917.9,0
5798,84.9,1668,67.04,2.76,13.0,78.37,9.29,57.55,4653.1,1
5799,94.12,3411,51.86,1.81,14.31,91.47,11.34,74.88,290.4,0
5800,80.21,1156,52.48,2.06,13.04,67.93,8.2,43.53,4123.2,0
5801,91.54,2200,61.57,2.38,13.88,81.02,10.5,73.66,2954.5,0
5802,85.14,2224,54.88,1.33,12.34,77.53,8.31,26.99,1102.7,1
5803,83.07,1841,53.24,2.39,12.87,77.76,10.71,60.82,190.5,0
5804,109.83,1890,56.23,2.2,13.13,101.57,10.72,36.1,550.6,0
5805,102.13,2251,50.45,2.97,14.21,93.04,9.44,36.69,9497.6,1
5806,89.64,1806,49.25,2.43,11.44,79.33,8.96,37.34,7523.2,0
5807,60.35,1205,56.06,1.65,12.93,49.76,9.24,47.41,9403.4,0
5808,83.67,2351,48.24,3.35,12.91,72.52,10.48,64.68,1236.4,0
5809,120.44,2951,52.95,1.1,11.54,117.66,11.01,66.77,5748.0,1
5810,85.23,2809,55.51,2.76,12.83,78.15,9.78,52.84,924.6,0
5811,101.24,1633,60.75,0.87,11.97,90.26,10.27,64.24,365.4,0
5812,105.3,1324,63.0,1.42,11.34,100.07,10.09,83.48,4716.2,0
5813,90.63,2001,52.53,2.87,12.99,78.97,10.13,51.42,6498.8,0
5814,77.9,3297,55.44,2.01,12.96,64.47,10.85,63.48,729.3,0
5815,58.78,2652,56.81,1.6,13.0,47.2,10.53,45.48,3714.1,0
5816,96.21,2693,55.51,4.67,13.4,86.23,10.56,50.12,992.7,0
5817,78.22,2823,50.52,1.73,12.5,71.57,9.47,83.7,3684.8,0
5818,90.11,2495,47.81,3.99,14.63,81.27,12.32,81.94,4770.8,1
5819,73.0,2284,57.52,2.44,13.17,69.04,10.09,51.49,3441.6,0
5820,84.82,2664,43.43,2.33,14.23,79.16,9.55,67.59,5804.9,0
5821,88.4,1818,53.74,2.82,11.86,82.54,9.51,71.12,5887.4,1
5822,91.22,1210,41.22,3.16,12.53,83.04,8.57,40.13,3396.1,0
5823,74.62,2706,45.63,1.85,13.75,67.8,9.78,31.92,3957.0,0
5824,102.36,3066,47.5,2.52,13.02,93.58,11.99,73.98,4466.5,0
5825,80.84,1417,62.77,2.87,12.34,70.2,7.37,68.23,3819.0,0
5826,67.91,2775,57.68,3.03,11.73,62.04,11.11,73.44,7630.4,1
5827,86.69,3377,48.91,3.95,13.79,78.25,11.62,54.58,1485.5,0
5828,88.41,2198,58.96,2.95,13.72,81.66,7.99,85.45,8584.7,0
5829,89.93,1627,61.04,3.73,13.39,81.36,8.84,57.25,3379.4,0
5830,104.35,2286,53.35,2.72,12.8,94.29,9.87,32.56,7267.2,0
5831,85.16,1815,47.06,2.54,12.31,74.4,5.64,20.77,8849.4,0
5832,86.56,1768,54.21,2.6,13.16,76.55,9.02,46.47,8885.8,0
5833,74.76,2503,53.47,2.56,12.15,65.52,11.14,61.32,4578.4,0
5834,97.85,1077,49.37,2.71,12.6,94.11,8.44,42.51,2640.4,0
5835,90.21,1189,58.79,2.27,14.21,85.46,9.32,88.81,6097.0,0
5836,82.96,2214,56.26,3.18,11.72,77.43,9.76,63.16,1921.2,0
5837,65.14,2184,57.42,3.29,13.74,56.07,8.53,35.44,7926.9,1
5838,105.33,2440,55.67,2.99,14.4,101.21,9.99,11.04,7142.3,0
5839,73.27,3513,56.42,3.53,13.85,64.26,9.82,67.58,7976.8,0
5840,80.9,2273,53.4,1.76,13.52,72.11,10.88,75.22,4389.2,1
5841,92.3,2619,54.93,2.29,12.83,90.11,11.56,94.79,5618.5,0
5842,73.64,1517,53.65,2.91,12.68,68.9,8.04,46.85,1117.0,0
5843,70.08,2738,50.11,3.92,11.4,58.95,7.65,92.67,6907.7,1
5844,62.51,1832,63.5,0.82,13.23,52.42,9.03,25.61,4919.7,0
5845,96.65,2250,42.17,2.11,12.88,91.2,9.2,48.42,5141.5,0
5846,81.46,2124,60.03,2.52,12.64,76.56,9.73,34.25,8485.2,0
5847,123.13,2923,49.2,2.16,13.18,122.48,10.37,75.18,7746.0,0
5848,76.07,1283,51.99,1.47,13.25,63.65,8.22,23.48,5398.4,0
5849,76.94,700,59.22,2.38,12.69,68.82,7.11,54.03,3615.6,0
5850,81.22,2051,45.98,3.74,14.49,67.56,6.55,29.27,4519.7,0
5851,90.92,2528,49.01,1.06,13.78,83.49,12.44,92.12,3572.6,0
5852,82.36,2307,49.31,2.45,13.92,73.51,9.48,48.15,1600.9,1
5853,95.35,3063,51.48,3.3,13.12,84.67,11.14,67.73,6493.2,0
5854,76.26,2506,49.22,3.3,13.61,63.34,10.59,21.06,6946.0,0
5855,71.42,1805,65.08,2.62,12.48,61.92,8.67,22.74,9715.0,0
5856,66.42,700,68.49,3.41,13.73,58.41,7.34,30.53,4611.5,0
5857,61.32,2034,42.94,2.49,13.04,53.23,7.35,71.01,9973.2,1
5858,81.78,2920,56.45,3.91,12.38,76.92,10.6,72.5,1952.3,0
5859,84.39,1926,60.3,1.9,13.18,77.53,7.08,75.06,6600.6,0
5860,80.42,2220,57.85,2.6,12.97,72.27,9.38,24.92,9948.2,0
5861,102.92,2495,49.95,1.7,15.0,90.78,12.6,66.91,6439.2,1
5862,102.74,1489,54.45,2.94,13.55,96.03,7.55,39.54,4578.5,0
5863,83.98,2636,49.24,2.64,14.46,72.79,10.0,41.46,5201.0,0
5864,66.47,3346,49.9,3.34,14.11,58.72,8.32,51.13,8470.6,0
5865,81.2,2079,47.6,2.23,13.23,69.47,9.5,51.94,9397.2,1
5866,80.8,1410,55.52,2.65,12.85,70.77,9.03,63.48,4593.9,0
5867,80.11,2153,45.71,2.84,11.81,70.29,10.02,77.18,7746.5,0
5868,79.63,700,56.43,1.2,12.5,68.69,6.64,56.42,9343.5,1
5869,80.16,2436,46.67,1.9,13.73,69.66,7.41,69.08,2893.0,0
5870,83.36,2517,55.22,2.66,12.96,72.17,8.73,93.36,4982.3,0
5871,80.37,3373,48.21,3.6,13.5,65.98,12.91,75.98,9954.6,0
5872,90.5,2064,56.58,3.97,11.58,77.65,10.84,49.91,3599.4,0
5873,92.32,2486,60.47,2.91,13.56,82.93,10.38,68.34,6234.9,0
5874,77.07,1597,65.39,3.07,14.08,70.4,8.81,85.54,6604.6,1
5875,103.25,1951,39.82,1.14,11.78,94.15,8.83,36.1,1626.1,0
5876,76.24,1132,51.78,3.67,13.5,74.02,9.44,39.98,8085.5,1
5877,68.59,2064,53.15,2.96,14.27,58.1,8.16,83.18,4187.7,0
5878,92.57,1986,57.74,2.4,14.54,87.75,10.27,47.91,5053.2,0
5879,78.19,2409,44.32,2.5,12.8,66.82,8.28,71.54,6464.1,0
5880,91.86,1763,49.54,1.46,13.82,77.91,9.17,78.16,4163.8,0
5881,59.16,2258,55.42,1.91,14.34,55.51,10.48,30.23,3318.3,0
5882,104.71,1967,55.46,3.96,13.52,96.86,9.0,45.43,5509.7,0
5883,96.07,1968,57.26,1.64,14.23,91.26,10.74,77.7,3533.2,0
5884,69.99,2256,57.24,1.76,13.17,67.18,8.06,52.81,4397.9,0
5885,70.25,2228,56.66,1.99,13.52,62.57,8.24,14.8,1173.2,1
5886,108.07,2733,54.56,1.82,12.7,98.16,11.4,48.0,8463.0,0
5887,79.15,2116,55.14,2.51,13.07,68.89,10.63,70.38,4175.9,0
5888,77.99,1955,59.12,3.3,13.55,69.53,8.83,79.06,919.6,0
5889,60.81,2073,41.56,1.99,12.64,57.8,9.51,55.26,7921.2,0
5890,83.79,1700,64.87,1.22,13.02,75.42,10.38,61.67,294.3,0
5891,85.27,1948,41.88,2.66,13.81,81.75,8.51,46.11,6033.5,0
5892,96.59,3622,45.21,3.14,14.84,92.87,10.51,81.59,7056.4,0
5893,71.21,1561,54.6,3.05,11.56,66.2,7.93,79.67,1993.0,0
5894,69.76,2005,59.12,2.09,14.78,58.61,10.5,69.19,1399.5,0
5895,93.41,1929,37.12,2.21,12.99,83.78,8.71,51.01,1227.4,1
5896,100.08,2027,54.69,2.34,13.97,91.11,11.29,62.64,9934.0,1
5897,69.15,1968,59.91,2.51,14.13,63.73,8.58,72.66,7575.4,0
5898,100.98,2395,60.08,2.31,14.45,94.14,12.76,56.73,3195.8,0
5899,88.45,1003,52.79,1.56,12.62,84.56,10.82,63.83,3422.0,0
5900,101.1,2926,51.25,1.39,13.02,89.01,12.69,66.76,6521.4,0
5901,87.16,2643,50.0,2.29,13.16,72.57,8.56,86.04,4631.0,0
5902,57.73,1330,54.15,2.72,12.91,48.06,4.66,63.78,2786.3,0
5903,86.18,700,51.4,2.68,14.26,75.98,7.66,36.03,665.3,0
5904,100.72,1516,50.54,1.86,13.14,93.2,10.41,78.99,7860.2,0
5905,77.28,2030,57.59,3.5,11.91,74.13,9.88,63.18,8893.4,0
5906,83.34,4006,51.79,3.33,12.69,77.88,11.58,63.04,2139.0,1
5907,85.89,2580,56.78,1.64,11.94,79.28,8.62,30.2,727.7,0
5908,55.0,935,58.59,0.68,13.02,48.16,7.97,52.04,1274.4,0
5909,108.06,1717,59.65,3.3,13.74,101.9,12.11,88.8,4201.2,0
5910,77.18,2163,59.99,2.22,12.68,69.04,8.67,0.19,3063.5,0
5911,94.07,2378,43.74,1.65,12.88,88.62,11.37,2.27,827.2,0
5912,86.96,1280,51.3,0.32,12.98,72.46,11.61,64.82,4603.2,0
5913,103.09,2106,53.29,2.18,13.31,99.19,10.06,59.16,2118.8,0
5914,92.87,1698,55.42,2.64,13.61,82.21,9.12,65.43,762.8,0
5915,85.18,1427,52.12,1.63,13.85,77.97,9.32,39.84,6613.5,0
5916,77.28,2382,59.76,1.78,15.0,67.89,9.46,13.25,5767.8,0
5917,97.57,2742,65.32,2.34,13.3,88.05,12.66,41.61,8281.3,1
5918,65.52,2789,54.66,3.8,13.79,57.05,9.52,89.73,3092.6,0
5919,95.75,2602,54.24,1.61,11.93,91.15,10.74,48.38,1444.6,0
5920,74.81,1852,60.45,1.87,12.9,67.81,7.19,44.05,3665.6,0
5921,103.03,2700,42.3,3.73,12.98,94.52,10.9,5.41,7809.2,0
5922,89.94,2416,54.31,3.03,12.39,81.62,9.09,20.21,2493.2,0
5923,95.73,2294,60.22,2.73,12.77,90.8,10.73,77.77,2624.5,0
5924,88.98,1772,51.57,1.83,13.11,77.11,7.3,47.24,1561.1,0
5925,66.97,1852,48.04,2.41,12.8,66.45,9.82,72.74,9866.5,1
5926,77.67,2252,53.43,2.13,15.0,70.42,8.58,40.24,9676.4,0
5927,96.07,3908,50.75,2.62,13.61,90.83,14.89,35.89,6614.7,0
5928,90.0,2411,48.7,1.77,14.8,81.45,11.94,51.05,2226.7,0
5929,102.17,1772,67.93,2.97,14.39,91.12,10.4,40.97,7688.9,0
5930,92.84,1617,52.85,2.23,12.69,89.06,7.35,34.84,5880.9,0
5931,76.4,1856,48.42,2.64,13.23,61.34,8.23,36.79,7520.7,1
5932,78.45,3724,51.03,3.35,12.85,69.84,10.78,61.45,8618.1,0
5933,89.24,1921,60.58,2.77,13.07,80.09,8.6,43.49,3252.9,1
5934,60.23,2835,53.58,2.62,12.42,56.55,11.78,40.16,9145.6,0
5935,108.08,1937,57.9,2.04,12.85,100.22,10.03,89.52,8995.7,0
5936,93.3,2383,48.96,1.97,13.49,82.39,9.58,65.26,5516.6,0
5937,102.72,2754,62.31,1.66,13.47,94.09,10.35,61.49,6877.3,1
5938,69.03,1800,58.87,1.46,13.4,60.61,8.0,51.27,4169.3,0
5939,102.93,1751,61.68,2.05,13.15,95.09,10.39,65.62,6585.5,0
5940,114.78,3361,54.29,1.78,13.89,110.91,10.63,72.6,5534.7,0
5941,72.15,2889,58.25,1.74,12.99,68.3,10.5,38.45,3295.9,0
5942,97.26,2753,48.18,3.62,14.31,85.75,11.57,27.68,3296.1,0
5943,88.01,2751,50.53,2.97,11.72,77.37,8.65,12.82,6551.5,0
5944,69.47,2522,62.13,2.32,13.73,58.38,8.04,92.77,9570.6,1
5945,93.91,3612,61.08,4.99,13.59,88.38,12.17,54.57,2095.3,0
5946,98.0,2231,47.58,1.24,12.66,90.48,12.03,67.03,3986.1,0
5947,80.79,2604,55.32,3.5,12.92,69.09,11.7,61.47,8076.5,0
5948,101.99,1184,53.94,1.99,13.57,97.68,8.14,67.16,1317.8,0
5949,68.0,1623,51.67,2.91,13.93,56.61,10.03,50.24,9942.3,0
5950,70.06,1359,58.08,2.25,11.8,63.82,7.63,23.4,6813.6,0
5951,89.64,3092,59.63,1.44,13.7,84.2,10.91,39.61,9116.9,0
5952,88.3,700,60.29,2.08,12.83,80.4,7.78,38.98,8396.7,0
5953,79.4,1918,53.28,2.68,14.1,74.75,10.19,21.6,7793.6,1
5954,97.72,700,60.61,0.25,11.73,95.41,7.26,28.91,425.7,1
5955,94.37,1618,53.55,3.83,15.0,86.14,8.78,27.53,4124.3,0
5956,98.3,1856,57.68,2.63,12.49,88.69,8.25,46.36,2098.4,0
5957,86.52,3169,61.03,3.51,14.34,74.88,11.73,50.9,8726.2,1
5958,95.23,2478,41.52,1.73,13.14,85.41,11.69,59.06,6834.8,1
5959,82.65,1617,60.56,2.83,12.55,68.76,10.04,68.59,1160.0,0
5960,112.65,2946,43.71,3.75,13.41,100.56,10.25,54.62,3660.0,1
5961,78.25,2212,61.99,2.75,14.02,68.04,9.12,25.03,786.2,0
5962,113.26,2226,50.56,2.54,11.96,103.86,12.32,14.19,7426.0,0
5963,88.42,1358,48.96,1.45,13.76,76.73,8.94,53.2,4241.3,0
5964,71.49,1507,60.24,2.06,13.19,70.13,8.33,37.53,2420.3,1
5965,104.42,1622,57.82,1.87,13.66,97.86,9.63,48.39,5225.1,1
5966,89.51,2233,48.51,3.01,13.21,87.09,10.66,61.79,516.2,0
5967,98.21,2255,46.89,1.88,12.74,88.22,10.69,84.19,2647.2,0
5968,102.69,3281,51.21,3.48,12.31,96.91,11.35,26.54,1835.5,1
5969,92.06,2470,46.79,1.99,13.74,75.0,11.51,36.37,9313.4,0
5970,80.89,700,51.26,1.79,13.73,74.45,5.96,44.3,3833.4,0
5971,99.71,2384,54.84,3.12,13.73,91.39,12.18,33.3,5886.3,1
5972,88.01,1185,50.82,1.52,13.54,81.22,7.31,19.13,5079.1,1
5973,96.23,1524,58.44,2.76,13.96,89.7,9.84,77.13,6626.1,0
5974,62.16,1631,64.81,2.73,14.32,57.89,7.95,30.63,2863.2,0
5975,93.36,1736,54.59,2.11,11.7,89.2,8.82,26.03,1295.7,0
5976,80.34,1237,57.33,3.04,11.33,78.88,9.82,26.26,906.4,0
5977,107.84,2342,66.29,2.67,14.57,98.2,11.7,77.57,2014.6,0
5978,95.48,1212,49.39,2.98,12.13,88.75,8.61,35.17,4880.0,1
5979,90.88,2450,61.21,4.09,12.33,77.08,12.47,28.79,2436.7,1
5980,93.84,3766,57.84,3.05,12.97,89.57,13.63,47.59,4396.6,1
5981,76.02,1269,61.64,2.64,11.88,63.59,7.12,48.45,390.1,1
5982,107.48,2001,62.61,1.94,12.89,94.76,7.58,71.64,6312.8,0
5983,111.9,700,59.12,1.17,12.44,100.07,8.62,62.16,8793.8,1
5984,92.71,1989,51.48,2.29,13.01,84.01,11.41,38.18,571.1,0
5985,107.08,2650,60.14,1.65,13.42,100.1,11.98,47.08,2258.6,0
5986,81.17,2704,60.41,2.02,12.93,69.34,12.31,100.08,3245.9,0
5987,78.43,2254,61.16,3.04,12.88,72.81,8.93,75.24,2943.7,0
5988,88.49,2822,53.6,2.41,13.41,79.68,10.72,53.7,499.8,0
5989,93.22,3982,46.69,3.91,14.04,85.35,12.65,19.79,1155.1,0
5990,83.27,3399,53.36,3.32,14.48,77.95,11.83,53.02,9133.4,0
5991,94.45,1834,60.93,3.86,13.03,85.62,10.5,26.27,7142.5,0
5992,91.68,1184,62.74,2.5,14.66,81.45,10.47,31.65,9588.5,1
5993,76.02,1916,52.64,3.3,13.9,70.81,11.27,33.99,4460.6,0
5994,94.23,1537,57.76,2.56,12.21,84.85,11.13,46.4,8802.4,1
5995,98.36,2516,46.04,2.93,12.19,97.05,11.54,58.29,8183.7,0
5996,90.06,1373,62.13,3.1,12.74,85.21,8.33,35.41,8761.9,0
5997,101.83,2149,49.9,3.05,14.36,95.2,10.58,29.14,487.6,1
5998,73.39,2787,58.21,2.97,12.8,64.32,11.06,54.94,6559.9,0
5999,93.62,2130,47.79,2.67,11.69,83.01,10.16,44.61,5709.6,0
6000,73.96,1538,62.18,2.67,13.02,65.71,7.32,13.07,5497.6,1
